locale,key,review_priority,source_text,draft_translation,source_sha256,translation_sha256,status,reviewer_name,review_date,decision,notes
pa,nav.home,language-and-usability,Home,ਮੁੱਖ ਪੰਨਾ,3a78695388b38b5cceefaf6796b0137877514593543b91af2752d5a17e3d736c,ea1d61ec331b6a4797448b0dfb4515b08e65988897d1035002999be45b3b74b9,draft,,,,
pa,nav.rapid,language-and-usability,Rapid Resolution,Rapid Resolution,b187f5b3ecddd0a9de94688e0f3df7ba1699c3912b8450524631dea23e33887e,b187f5b3ecddd0a9de94688e0f3df7ba1699c3912b8450524631dea23e33887e,draft,,,,
pa,nav.howItWorks,language-and-usability,How it works,ਇਹ ਕਿਵੇਂ ਕੰਮ ਕਰਦਾ ਹੈ,9c870aa6e5e93270170d5a81277ad3e623afe8d4efd186d3e28f3d2b646d52e6,d197059919abe43615624517d20d6853e63a9520c0514b705c35a4f9cae02aad,draft,,,,
pa,nav.faq,language-and-usability,FAQ,ਆਮ ਸਵਾਲ,dbc468a14b601d5d9240aeb72b9fcd2f8aed2f4e30932876edf8d16ec313846b,82f46eb6a0013f94d980a35b723b300e95be9d42c58e149337ed46ccfdb04d4c,draft,,,,
pa,nav.contact,language-and-usability,Contact,ਸੰਪਰਕ,2b5c3d26721ae9c350cf3009318b626f0fc8a90b4a2ac0ca8099c05aa849282e,19b80623b464428867f3d23e747c654bdbe61f5180bc6b226225e6ff21f2759d,draft,,,,
pa,nav.terms,language-and-usability,Terms of Service,ਸੇਵਾ ਦੀਆਂ ਸ਼ਰਤਾਂ,4afa55bf7aec7ddc5dfb904271f881be278e7629ce258675bf4b62f460017abb,4d75af0fd26dc2108ebf639f8d6ebcba9b63c5576f0dd6963fc95ad60f55b726,draft,,,,
pa,nav.start,language-and-usability,Start with your ticket,ਆਪਣੇ ਟਿਕਟ ਤੋਂ ਸ਼ੁਰੂ ਕਰੋ,2c56895797789029dd67000776843b675c64f2a21d8d7feeeb49189266d6df43,9b409b7b8c147fc1dd9cd6be18edad042c776bcdffa4e50ccc56d0da3df16b07,draft,,,,
pa,nav.menu,language-and-usability,Open navigation,ਨੈਵੀਗੇਸ਼ਨ ਮੀਨੂ ਖੋਲ੍ਹੋ,0ed77fd2619ba8ab3e1cce72c8e61d887d551ca1220164b88ab1aa66bba7177d,f8075781fdbffd5592f5fada9b780c793f7eb6e829f058a9e58f02c7d6f0c12a,draft,,,,
pa,common.brand,language-and-usability,Fabsy,Fabsy,1e32a2d78338c8f9aee12cf16a9075ef30f914394bae9f2817d8e8b5cd768837,1e32a2d78338c8f9aee12cf16a9075ef30f914394bae9f2817d8e8b5cd768837,draft,,,,
pa,common.serviceName,language-and-usability,Rapid Resolution,Rapid Resolution,b187f5b3ecddd0a9de94688e0f3df7ba1699c3912b8450524631dea23e33887e,b187f5b3ecddd0a9de94688e0f3df7ba1699c3912b8450524631dea23e33887e,draft,,,,
pa,common.back,language-and-usability,Back,ਪਿੱਛੇ,76900f1bfd16c8d4dd3d25e6f46638d7165aee23883ccea6bfe071c514421769,d7196b51f6cd3c72d8e4e433ab8b13b6fc307199fd796020c518c0cef781bf3b,draft,,,,
pa,common.next,language-and-usability,Continue,ਅੱਗੇ ਵਧੋ,31fbef162594de01bab0cd525c51f74de7bcb15063029fa1a54b2cf5944c80d8,f074a9a96f5d385ea3c3bad199b9e6e8644795d0b9bf060e9827994bb959e6ad,draft,,,,
pa,common.close,language-and-usability,Close,ਬੰਦ ਕਰੋ,7d9eb7acb13e24625c404401d8e88b2350e32162455885f18276cf802f7701ed,50cbb669bbe4ea54aa61d1ea9d9109e06d3310229f8616acd58b857676445a86,draft,,,,
pa,common.loading,language-and-usability,Loading…,ਲੋਡ ਹੋ ਰਿਹਾ ਹੈ…,ba3bbbe10d8bef66441c88536ce7b8e724e2829b59a3da658654f4961cd61ae5,84baffe7032601d8df882eec9dc420ca2af17abce0ac36157fb23ff01b979e88,draft,,,,
pa,common.yes,language-and-usability,Yes,ਹਾਂ,85a39ab345d672ff8ca9b9c6876f3adcacf45ee7c1e2dbd2408fd338bd55e07e,5e8ae0dd3b38683c859991d8ece1c9ae6eb3cc14daba764c0cbb5cad75a0227c,draft,,,,
pa,common.no,language-and-usability,No,ਨਹੀਂ,1ea442a134b2a184bd5d40104401f2a37fbc09ccf3f4bc9da161c6099be3691d,33a565b2daabc4913e5c2879e6a80b594230e844338dba5321ffa549d12414db,draft,,,,
pa,common.optional,language-and-usability,Optional,ਚੋਣਵਾਂ,59be71333c960fd08e7e4fe9862206d9355f0a9884121a5b50ef8b36efdfe4cf,c9846e8458907ac3c73621e6eb3f1fd6dd62259effedc51a6bfabbdabf2fc7ef,draft,,,,
pa,common.required,language-and-usability,Required,ਲਾਜ਼ਮੀ,4850b174b713d88cfc63de107830d5388929020e78abc91fc19bba7a6821625f,ab457425a8baf82dd4ecf701f712516c6e2ca27a5d23edd1dd45666d66a79785,draft,,,,
pa,common.english,language-and-usability,English,ਅੰਗਰੇਜ਼ੀ,ba118bf7fc9c1aedc1edb28a0aa86e0b43b681f222af6616e13c43be87815b06,388d87e9188888de37bf9a948d8507de04be9b32b82c433e524c2115f13ce141,draft,,,,
pa,common.priceLine,legal-adjacent,{{price}} CAD plus applicable GST,{{price}} CAD ਅਤੇ ਲਾਗੂ GST ਵੱਖਰਾ,944ee0c680a2fab96ebfad0f8002d76974d5e8a314ab34fc3d459516f936e422,c689de0561fa56c5debea20faa07db3b2da6f855d107a97049c921ade321d024,draft,,,,
pa,common.notLawFirm,legal-adjacent,"Fabsy is a traffic ticket agent service, not a law firm. We do not provide legal advice.","Fabsy ਟ੍ਰੈਫਿਕ ਟਿਕਟਾਂ ਲਈ ਪ੍ਰਤੀਨਿਧੀ ਸੇਵਾ ਹੈ, ਲਾਅ ਫਰਮ ਨਹੀਂ। ਅਸੀਂ ਕਾਨੂੰਨੀ ਸਲਾਹ ਨਹੀਂ ਦਿੰਦੇ।",0038e2676c3303c1e1680137d0ae376f010b28637f0c3ab1fda6c269fface64f,cbbef7c2d06efed55ce5c15b60bb3abedcd8886146143b0ecb3a8469d1afefa7,draft,,,,
pa,common.noOutcomePromise,legal-adjacent,"No withdrawal, reduction, lower fine, fewer demerits or insurance result is promised.","ਟਿਕਟ ਵਾਪਸ ਲੈਣ, ਦੋਸ਼ ਘਟਾਉਣ, ਜੁਰਮਾਨਾ ਜਾਂ ਡੀਮੈਰਿਟ ਅੰਕ ਘਟਾਉਣ ਜਾਂ ਬੀਮੇ ਦੇ ਕਿਸੇ ਨਤੀਜੇ ਦਾ ਵਾਅਦਾ ਨਹੀਂ ਕੀਤਾ ਜਾਂਦਾ।",bbdc59a6e89ef90092c7f36df4ddc513b1892ead98e5c5cf630f5affbd905b28,af3abda0429eb941169288c9492f3a06349a2ee9a5e0804902975e72e43dc29e,draft,,,,
pa,common.noSuccessFee,legal-adjacent,One flat service fee. No percentage-based success fee.,ਇੱਕ ਨਿਸ਼ਚਿਤ ਸੇਵਾ ਫੀਸ। ਸਫਲਤਾ ਦੇ ਆਧਾਰ 'ਤੇ ਪ੍ਰਤੀਸ਼ਤ ਵਾਲੀ ਕੋਈ ਵਾਧੂ ਫੀਸ ਨਹੀਂ।,fad1ff1a6d818abbee8094929d2561b28b1dc184f1af5d913b80fda3984342bf,b38271401357fdd5dc7c34d5d437f9b4521c02fbe6503770124ec73c2d063353,draft,,,,
pa,common.clientDecision,legal-adjacent,You direct whether to accept any proposed resolution. Nothing is accepted automatically.,"ਕਿਸੇ ਵੀ ਤਜਵੀਜ਼ਸ਼ੁਦਾ ਨਿਪਟਾਰੇ ਨੂੰ ਸਵੀਕਾਰ ਕਰਨਾ ਹੈ ਜਾਂ ਨਹੀਂ, ਇਹ ਤੁਹਾਡੇ ਨਿਰਦੇਸ਼ਾਂ ਅਨੁਸਾਰ ਹੋਵੇਗਾ। ਕੁਝ ਵੀ ਆਪਣੇ ਆਪ ਸਵੀਕਾਰ ਨਹੀਂ ਕੀਤਾ ਜਾਂਦਾ।",a2032b3ed93526db2ceabe8ba7e1aaf23a454430a59c140a7a83a87dbb2ff226,4a4a1fec1eb95965705d82f05ca1c354d2604d3ced08d7b35eebc31eb5ec445d,draft,,,,
pa,common.notFound,language-and-usability,This page is not available in this language.,ਇਹ ਪੰਨਾ ਇਸ ਭਾਸ਼ਾ ਵਿੱਚ ਉਪਲਬਧ ਨਹੀਂ ਹੈ।,b138a234004a23fb897689d56e62d134a8e7bf08c02730c98b47d1fa1882c040,3f5e4ba0ded30f761682514c2bb7e869ddf3572641d58f9b37d192feb01bf39c,draft,,,,
pa,common.returnHome,language-and-usability,Return to home,ਮੁੱਖ ਪੰਨੇ 'ਤੇ ਵਾਪਸ ਜਾਓ,ca3f1411b47186b1f3255b617eb90b06dba50bc8879ea1f47589959487726ebc,eac4f14a4111336727dabe111bca6e7cd0ede1fec6ea518508b30180535cb0c8,draft,,,,
pa,language.selector,language-and-usability,Choose your language,ਆਪਣੀ ਭਾਸ਼ਾ ਚੁਣੋ,8e2d0664dbbb529de872582461068f7f7f752fc226a03a1b8439a4299dbf5e74,bf01c16d118e070eb3d40f9975c57e8b5e89ff6e95f67e8b5ec63fedba06eeb8,draft,,,,
pa,language.offer,language-and-usability,Prefer to read this page in {{language}}?,ਕੀ ਤੁਸੀਂ ਇਹ ਪੰਨਾ {{language}} ਵਿੱਚ ਪੜ੍ਹਨਾ ਚਾਹੋਗੇ?,b62bed8d395e57be40b8c98546974430879d5e9dfb6e87570f301eaf0c2ac1a8,90758b1af257f6607a8698aea8521edfa860f9913b209b7e726c709ecb038778,draft,,,,
pa,language.switch,language-and-usability,Read in {{language}},{{language}} ਵਿੱਚ ਪੜ੍ਹੋ,3a7b883abdecb5e82c05a6ca7f3c904948b56fa5a22e80204a5e5de8e47eb039,ac65a8968780c09a94d9ed4738ddc10a1ded89fa7af8ccc092cd3fea16ddb11f,draft,,,,
pa,language.dismiss,language-and-usability,Keep my current language,ਮੌਜੂਦਾ ਭਾਸ਼ਾ ਹੀ ਰੱਖੋ,66cb3639efa97ec8cc387646bd21fa8eccc22d0166b93d8d0c979e52f31d54ae,544b0e0414894e753c3260cc30a05e95596c0741b61a5d2fb00cb6ef91f83614,draft,,,,
pa,language.draftTitle,legal-adjacent,Translation preview — review pending,ਅਨੁਵਾਦ ਦਾ ਪੂਰਵਦਰਸ਼ਨ — ਸਮੀਖਿਆ ਬਾਕੀ ਹੈ,51b60d5d973f27b433f3f034155a5368e67b106e02e99f39e69dbed802cb04ed,0256f3958c74c7f2351dff8204b0fdd309ad45872f492bea177256227a21ec22,draft,,,,
pa,language.draftBody,legal-adjacent,"This translation is a draft and has not been approved by a native reviewer. Before purchasing or giving consent, read the English terms or contact Fabsy for clarification.",ਇਹ ਅਨੁਵਾਦ ਇੱਕ ਮਸੌਦਾ ਹੈ ਅਤੇ ਮਾਤਭਾਸ਼ੀ ਸਮੀਖਿਅਕ ਨੇ ਇਸਨੂੰ ਮਨਜ਼ੂਰ ਨਹੀਂ ਕੀਤਾ। ਖਰੀਦਣ ਜਾਂ ਸਹਿਮਤੀ ਦੇਣ ਤੋਂ ਪਹਿਲਾਂ ਅੰਗਰੇਜ਼ੀ ਸ਼ਰਤਾਂ ਪੜ੍ਹੋ ਜਾਂ ਸਪਸ਼ਟੀਕਰਨ ਲਈ Fabsy ਨਾਲ ਸੰਪਰਕ ਕਰੋ।,aed054645990dcfb2b9067e55ec188dfe0051561571515142ac1fd3d87deeae9,e6a19a94dfd7777295ef2d59f89ea3f6ae92ff8cd43365d49b0d5c0315ff843d,draft,,,,
pa,language.englishControls,legal-adjacent,The English terms control if the translation differs. This draft does not change the English agreement or limit rights under applicable law.,ਅਨੁਵਾਦ ਵਿੱਚ ਫ਼ਰਕ ਹੋਣ 'ਤੇ ਅੰਗਰੇਜ਼ੀ ਸ਼ਰਤਾਂ ਲਾਗੂ ਹੋਣਗੀਆਂ। ਇਹ ਮਸੌਦਾ ਅੰਗਰੇਜ਼ੀ ਸਮਝੌਤੇ ਨੂੰ ਨਹੀਂ ਬਦਲਦਾ ਅਤੇ ਲਾਗੂ ਕਾਨੂੰਨ ਅਧੀਨ ਹੱਕਾਂ ਨੂੰ ਸੀਮਤ ਨਹੀਂ ਕਰਦਾ।,47d88a952adea0d705eeb834ade632a89f240c4ef8419186921e70ce329ffa47,1b97dd19cd7698eec09620553b7df12d759141dfadcdd5bc090bf74eb5583988,draft,,,,
pa,language.readEnglish,language-and-usability,Read the English version,ਅੰਗਰੇਜ਼ੀ ਸੰਸਕਰਣ ਪੜ੍ਹੋ,971012a5337e5192d5ca9b242712d22c57e69d6f8b5f8ca5d44de236c3b0336e,878dff2e7667b192b1f4f457c7c4b0b2dd7a62fafffd1373152aac89eb87b3af,draft,,,,
pa,language.paymentBlocked,legal-adjacent,Purchasing and authorization in this language are not available until translation review and language support are confirmed. You may continue in English.,ਅਨੁਵਾਦ ਦੀ ਸਮੀਖਿਆ ਅਤੇ ਭਾਸ਼ਾਈ ਸਹਾਇਤਾ ਦੀ ਪੁਸ਼ਟੀ ਹੋਣ ਤੱਕ ਇਸ ਭਾਸ਼ਾ ਵਿੱਚ ਖਰੀਦ ਅਤੇ ਅਧਿਕਾਰ ਦੇਣਾ ਉਪਲਬਧ ਨਹੀਂ ਹੈ। ਤੁਸੀਂ ਅੰਗਰੇਜ਼ੀ ਵਿੱਚ ਅੱਗੇ ਵਧ ਸਕਦੇ ਹੋ।,18d90a7cee31fa2d70ab23127cfb3ce6a9a431f4aa9f2768996014b4c390750f,980dd7c600a3673971c400d5a4ea7196df32703d438a6b278ed416a179bafddc,draft,,,,
pa,language.continueEnglish,language-and-usability,Continue in English,ਅੰਗਰੇਜ਼ੀ ਵਿੱਚ ਅੱਗੇ ਵਧੋ,dda43c1f791aa01cc7d30787034952cc7eeea541b26d103f771b0a5778bef510,3817245895d74f9636927585769b6b912fdb7376a25f0feaea20213491237948,draft,,,,
pa,home.metaTitle,language-and-usability,Alberta traffic ticket help | Fabsy,ਅਲਬਰਟਾ ਦੇ ਟ੍ਰੈਫਿਕ ਟਿਕਟਾਂ ਲਈ ਮਦਦ | Fabsy,a933288a0f0dbbfdf1a8aa6ec0178b9d655fddc614361a828e7ca594437267c1,cccc6ad9f60253617562a44cb3d4055c06eed517f174dced8540efe06b0f04b8,draft,,,,
pa,home.metaDescription,language-and-usability,"Understand Fabsy's Alberta pre-trial ticket service, flat fee, disclosure review and client-directed decisions in your language.","Fabsy ਦੀ ਅਲਬਰਟਾ ਵਿੱਚ ਟਰਾਇਲ ਤੋਂ ਪਹਿਲਾਂ ਦੀ ਟਿਕਟ ਸੇਵਾ, ਨਿਸ਼ਚਿਤ ਫੀਸ, ਸਬੂਤਾਂ ਦੀ ਸਮੀਖਿਆ ਅਤੇ ਤੁਹਾਡੇ ਨਿਰਦੇਸ਼ਾਂ ਅਨੁਸਾਰ ਫ਼ੈਸਲਿਆਂ ਨੂੰ ਆਪਣੀ ਭਾਸ਼ਾ ਵਿੱਚ ਸਮਝੋ।",4af70e47d06aec85c528b9302e3cf7f2abe842754382d09c05ddcc66ab7f3adc,d4e7b143f1b1c81a1e01560ef3ef36906a6a38ccb97ab3cada263661599ba688,draft,,,,
pa,home.eyebrow,language-and-usability,Alberta traffic ticket help,ਅਲਬਰਟਾ ਦੇ ਟ੍ਰੈਫਿਕ ਟਿਕਟਾਂ ਲਈ ਮਦਦ,d5730f2b069da1d051ced1960fab0c3aca338e66dc7126e897f027008db5ad2b,796a6b5999143f89368241d82bb958e6a07242d5c00f8291a1b0d1e5e58da4a9,draft,,,,
pa,home.title,language-and-usability,Understand your ticket. Choose your next step.,ਆਪਣਾ ਟਿਕਟ ਸਮਝੋ। ਆਪਣਾ ਅਗਲਾ ਕਦਮ ਚੁਣੋ।,a58931b49428bdcbf5192c3aa5ff9714d379dd5598ae0bb76679f96415df5f74,b06d27e410e58e752eadcd2c1edb8fbd973624e2c988bce55563b6fa211a1971,draft,,,,
pa,home.description,language-and-usability,"Rapid Resolution brings ticket intake, disclosure, review and updates together for eligible Alberta pre-trial matters.","Rapid Resolution ਅਲਬਰਟਾ ਦੇ ਯੋਗ ਮਾਮਲਿਆਂ ਵਿੱਚ ਟਰਾਇਲ ਤੋਂ ਪਹਿਲਾਂ ਟਿਕਟ ਦੇ ਵੇਰਵੇ, ਡਿਸਕਲੋਜ਼ਰ, ਸਮੀਖਿਆ ਅਤੇ ਅੱਪਡੇਟ ਇੱਕ ਪ੍ਰਕਿਰਿਆ ਵਿੱਚ ਲਿਆਉਂਦੀ ਹੈ।",665888e5795174342a12d1026c5928f6f58586c7a5343d1b0dd819557665e129,41e2d2ad38b5a0c5fdb67256076484cd869474401a515d1a1d6854e4ca56f1fb,draft,,,,
pa,home.primaryCta,language-and-usability,Start with your ticket,ਆਪਣੇ ਟਿਕਟ ਤੋਂ ਸ਼ੁਰੂ ਕਰੋ,2c56895797789029dd67000776843b675c64f2a21d8d7feeeb49189266d6df43,9b409b7b8c147fc1dd9cd6be18edad042c776bcdffa4e50ccc56d0da3df16b07,draft,,,,
pa,home.secondaryCta,language-and-usability,See how it works,ਜਾਣੋ ਇਹ ਕਿਵੇਂ ਕੰਮ ਕਰਦਾ ਹੈ,a105ad29235aa71ee321d02ba00ee1cf7e9273406367343fdf9a721daa38419e,f5082811b7bd372237ff6dbbfd6bb83ff14d16ffba6ab9b5ea83cf46d460819a,draft,,,,
pa,home.educationTitle,legal-adjacent,Received a ticket? You may have options.,ਟਿਕਟ ਮਿਲਿਆ ਹੈ? ਤੁਹਾਡੇ ਕੋਲ ਚੋਣਾਂ ਹੋ ਸਕਦੀਆਂ ਹਨ।,87ca40f52f2ca6cbfe6bb2f359d58a36762968b23740c3802d61dcfccfb96359,e501df39b79a07f0913d2b043f2fb42f9751f755f80f83b496fd8e3526404981,draft,,,,
pa,home.educationBody,legal-adjacent,"An Alberta traffic ticket may be disputed. Whether an agent can help depends on the charge, procedure, deadline and court requirements. You may still have to attend personally if required.","ਅਲਬਰਟਾ ਦੇ ਟ੍ਰੈਫਿਕ ਟਿਕਟ ਨੂੰ ਚੁਣੌਤੀ ਦਿੱਤੀ ਜਾ ਸਕਦੀ ਹੈ। ਪ੍ਰਤੀਨਿਧੀ ਮਦਦ ਕਰ ਸਕਦਾ ਹੈ ਜਾਂ ਨਹੀਂ, ਇਹ ਦੋਸ਼, ਪ੍ਰਕਿਰਿਆ, ਸਮਾਂ-ਸੀਮਾ ਅਤੇ ਅਦਾਲਤ ਦੀਆਂ ਲੋੜਾਂ 'ਤੇ ਨਿਰਭਰ ਕਰਦਾ ਹੈ। ਜੇ ਲੋੜ ਹੋਵੇ ਤਾਂ ਤੁਹਾਨੂੰ ਖੁਦ ਹਾਜ਼ਰ ਹੋਣਾ ਪੈ ਸਕਦਾ ਹੈ।",6dd739ee7087a3787cde95ebfc3039b69c6b4ca1a983145bf3ec1bab1d3f204e,c7cd353f12c4bba6b7872b9fc2f1cab219e214d0d895ae36f92189a0f80b0b1d,draft,,,,
pa,home.scope,legal-adjacent,"Eligible pre-trial matters only. Trial representation, government fines and work outside the accepted scope are separate.","ਸਿਰਫ਼ ਟਰਾਇਲ ਤੋਂ ਪਹਿਲਾਂ ਦੇ ਯੋਗ ਮਾਮਲਿਆਂ ਲਈ। ਟਰਾਇਲ ਵਿੱਚ ਪ੍ਰਤੀਨਿਧਤਾ, ਸਰਕਾਰੀ ਜੁਰਮਾਨੇ ਅਤੇ ਮਨਜ਼ੂਰ ਦਾਇਰੇ ਤੋਂ ਬਾਹਰ ਦਾ ਕੰਮ ਵੱਖਰੇ ਹਨ।",aba56c8bc6b001bf680db994ca3565ce679fa12c724b6274d10981555f549170,0868285e8882b1a52df8d1c15ddbbf25872d43587d5066e0438ca9c148654548,draft,,,,
pa,rapid.metaTitle,language-and-usability,Rapid Resolution | Alberta ticket help | Fabsy,Rapid Resolution | ਅਲਬਰਟਾ ਟਿਕਟ ਸਹਾਇਤਾ | Fabsy,15d50e2ad66f464b564fbfa7a42df04643f8826078e7f98f3dd7488255bde663,d3620da8bc2b1f169aef0aa6770155d1bb0d7b7426c2fe952b21a1a599986184,draft,,,,
pa,rapid.metaDescription,language-and-usability,"Secure ticket intake, disclosure requests, qualified review and prosecutor-review submissions for eligible Alberta pre-trial tickets.","ਅਲਬਰਟਾ ਦੇ ਯੋਗ ਟਰਾਇਲ-ਪੂਰਵ ਟਿਕਟਾਂ ਲਈ ਸੁਰੱਖਿਅਤ ਵੇਰਵੇ ਜਮ੍ਹਾਂ ਕਰਨਾ, ਡਿਸਕਲੋਜ਼ਰ ਦੀ ਬੇਨਤੀ, ਯੋਗ ਸਮੀਖਿਆ ਅਤੇ ਸਰਕਾਰੀ ਵਕੀਲ ਦੀ ਸਮੀਖਿਆ ਲਈ ਅਰਜ਼ੀ।",2fea531cdd6be1899a5464c8ba270a7ac308bbc389fe4c906c8a4bed4c27351c,3f520298cf95de0baa34efcadde49a3f359fe26144621f13ddc4df49cefa5afe,draft,,,,
pa,rapid.eyebrow,language-and-usability,Alberta pre-trial ticket resolution,ਅਲਬਰਟਾ ਵਿੱਚ ਟਰਾਇਲ ਤੋਂ ਪਹਿਲਾਂ ਟਿਕਟ ਦਾ ਨਿਪਟਾਰਾ,53e3aee58095e335a6619f34d0a619e3f69f3927dbf0eeec50718b916fffb411,9585f23c2f576d0800476c826f44560cfa5842067399d58532fb81c75d911396,draft,,,,
pa,rapid.title,language-and-usability,"Your ticket, moving forward.",ਤੁਹਾਡੇ ਟਿਕਟ 'ਤੇ ਅਗਲਾ ਕਦਮ।,fa9903b72e9a7cd46ef15a5942f3a1b03c4775159261391c5f5656d4b8f3770f,e8c94980b16482c77b0afbbc76b7ba541cc72501a7b2969e2604523aad130110,draft,,,,
pa,rapid.description,language-and-usability,"One secure online process for intake, authorization, disclosure, review and your decision about any available Crown response.","ਵੇਰਵੇ, ਅਧਿਕਾਰ, ਡਿਸਕਲੋਜ਼ਰ, ਸਮੀਖਿਆ ਅਤੇ ਸਰਕਾਰੀ ਵਕੀਲ ਦੇ ਉਪਲਬਧ ਜਵਾਬ ਬਾਰੇ ਤੁਹਾਡੇ ਫ਼ੈਸਲੇ ਲਈ ਇੱਕ ਸੁਰੱਖਿਅਤ ਆਨਲਾਈਨ ਪ੍ਰਕਿਰਿਆ।",73146d7052a0d3c05c01983c80b951c019cb8b91d3f2f19087f35311796f0f4b,f1a18ef35c9fb7aa8c668b915ed2a402f380fe76d1a2f053760b65031e1c2d24,draft,,,,
pa,rapid.priceLabel,language-and-usability,Flat pre-trial service fee,ਟਰਾਇਲ ਤੋਂ ਪਹਿਲਾਂ ਦੀ ਨਿਸ਼ਚਿਤ ਸੇਵਾ ਫੀਸ,245b584da8e4b0a84436c89e613981c2d9cdfc0b407002ba7454ca9c84001f8f,25ae2c84fd1c9b318a5021001bbc279b94353f3e9d61a0e359013f5a31008805,draft,,,,
pa,rapid.includedTitle,language-and-usability,What is included,ਕੀ ਸ਼ਾਮਲ ਹੈ,06cec1523c69f02c94d6f022bbc8c2fdfeaa8254779e81b94154843cbc546e39,a4031aa5e3ee20a4366b494e7f7e2de2065f01e97dbe0963df98102bc2c7e306,draft,,,,
pa,rapid.excludedTitle,language-and-usability,What is separate or excluded,ਕੀ ਵੱਖਰਾ ਹੈ ਜਾਂ ਸ਼ਾਮਲ ਨਹੀਂ ਹੈ,4df6a50399117a7c9c7ecb41541e9d436a7d0bf18e1741e09234996ed09a5df0,09bdf1a7e7c57ee48a0fbec6060e34f42df3b903954d2c7af2d4b57a77935f27,draft,,,,
pa,rapid.included.intake,legal-adjacent,Secure digital ticket intake,ਟਿਕਟ ਦੇ ਵੇਰਵੇ ਸੁਰੱਖਿਅਤ ਢੰਗ ਨਾਲ ਡਿਜ਼ਿਟਲ ਰੂਪ ਵਿੱਚ ਲੈਣਾ,c6b27be55d9e6247a6dfb27d677ab01c4d5f9908df044dd9e99bfc99ddca6e1f,45a91944c17503f990dc8689b5cf2a10d4857c43add0b69a4c13684cd1edda59,draft,,,,
pa,rapid.included.eligibility,legal-adjacent,Eligibility and deadline review,ਯੋਗਤਾ ਅਤੇ ਸਮਾਂ-ਸੀਮਾਵਾਂ ਦੀ ਸਮੀਖਿਆ,c9784f804994a42cac2c9d750fec26ad2f3dfbb6b9e9ffb24ca1f38308afc146,a96c77ce858bbe699bb7370985bc05014a2eb5ed3b5fdce332b7e74afb911435,draft,,,,
pa,rapid.included.authorization,legal-adjacent,Digital consent and authorization,ਡਿਜ਼ਿਟਲ ਸਹਿਮਤੀ ਅਤੇ ਅਧਿਕਾਰ,605e3a25894b7773b01999f86a2dcbc22117d42a5dd2047d6a33d44b4ede28a2,dd48dd30117db311838c76c3c3ae705238e1de4cd4f4b79e2d8f272c2228c48f,draft,,,,
pa,rapid.included.disclosure,legal-adjacent,Disclosure request and document tracking,"ਡਿਸਕਲੋਜ਼ਰ, ਅਰਥਾਤ ਸਰਕਾਰੀ ਪੱਖ ਦੇ ਸਬੂਤਾਂ ਦੀ ਬੇਨਤੀ ਅਤੇ ਦਸਤਾਵੇਜ਼ਾਂ ਦੀ ਨਿਗਰਾਨੀ",609c2d0df430b8de1a6edf96d66d2072721eb0b9adccc8a1813d1a82e183d57e,4fe7538770d7f2bdb360dc6ea328443d3915190e447a21e0c96dd313f2443d3c,draft,,,,
pa,rapid.included.analysis,legal-adjacent,Technology-assisted disclosure analysis with qualified review,ਤਕਨਾਲੋਜੀ ਦੀ ਸਹਾਇਤਾ ਨਾਲ ਡਿਸਕਲੋਜ਼ਰ ਦਾ ਵਿਸ਼ਲੇਸ਼ਣ ਅਤੇ ਯੋਗ ਸਮੀਖਿਆ,7d836f2f04ca3a4c070843e4a6fbd4848c6c4ea8465a315821845259cd0b5045,54672f70708019a57f5a238f9e8b7babfde152b0d264f5739b18dc488dd7422f,draft,,,,
pa,rapid.included.submission,legal-adjacent,Fact-specific prosecutor-review submission,ਮਾਮਲੇ ਦੇ ਤੱਥਾਂ ਅਨੁਸਾਰ ਸਰਕਾਰੀ ਵਕੀਲ ਦੀ ਸਮੀਖਿਆ ਲਈ ਅਰਜ਼ੀ,0f3c9165b7ce359eb91b4e3c31246d4d920dec5374fb301255672e9bca188adc,4c97a4b319d1d2fe8ab4068550d69efaeb2d0a9b836d8be2cf3876a9830a302e,draft,,,,
pa,rapid.included.updates,legal-adjacent,File-change notifications,ਫਾਈਲ ਵਿੱਚ ਤਬਦੀਲੀਆਂ ਦੀਆਂ ਸੂਚਨਾਵਾਂ,27fd0a60b3cb5fc595c43726f2016a27b2f933baafc5fe7d214a9f9089ac1dc3,6e4adda25e8a1ea2d96fdd9faf2fe14d84d069359d1a6f60cb72cf6279fa31bd,draft,,,,
pa,rapid.included.explanation,legal-adjacent,Plain-language comparison of the original ticket and any Crown response,ਮੂਲ ਟਿਕਟ ਅਤੇ ਸਰਕਾਰੀ ਵਕੀਲ ਦੇ ਕਿਸੇ ਵੀ ਜਵਾਬ ਦੀ ਸੌਖੀ ਭਾਸ਼ਾ ਵਿੱਚ ਤੁਲਨਾ,a1fdff3ef43ee56dfc38e640c9465fe9455e11b24df2c9ecb44ad91364233fbe,6aa2083582210d0732b1b1967909bb3691911b83bda7c2c5364f474f745cd58f,draft,,,,
pa,rapid.included.decision,legal-adjacent,Client-directed acceptance of an available pre-trial resolution,ਗਾਹਕ ਦੇ ਨਿਰਦੇਸ਼ਾਂ ਅਨੁਸਾਰ ਉਪਲਬਧ ਟਰਾਇਲ-ਪੂਰਵ ਨਿਪਟਾਰੇ ਦੀ ਸਵੀਕ੍ਰਿਤੀ,86db57c76017c8d499abb4f5ab64e47326b13801ab2dfff7d5af3d82e3c037e5,7c152db59e76a617cb66d8bdf7bcf1c07f0b8575ae9977baf06de23cc1aaab54,draft,,,,
pa,rapid.excluded.trial,legal-adjacent,Trial representation,ਟਰਾਇਲ ਵਿੱਚ ਪ੍ਰਤੀਨਿਧਤਾ,51803b529e779f10e892df8e12cc17455e2197c39e2dcc31d5fb2eb6acc65018,7db4b1c80bcf7f77c04d07d8685a85cf9f1ab3401b92fa3c201103c56e192b2e,draft,,,,
pa,rapid.excluded.appeals,legal-adjacent,"Appeals, reopenings and extraordinary applications","ਅਪੀਲਾਂ, ਮਾਮਲਾ ਮੁੜ ਖੋਲ੍ਹਣਾ ਅਤੇ ਵਿਸ਼ੇਸ਼ ਅਰਜ਼ੀਆਂ",f058b085e86c6e97ecf21b7c1df5f72d53374e5a8f0eec523d575c98fc8a884c,33777a4953591845f3af9db2a7dd619ebf001968cd198e659287aa2942316736,draft,,,,
pa,rapid.excluded.sanctions,legal-adjacent,Immediate Roadside Sanctions and Notices of Administrative Penalty,Immediate Roadside Sanctions ਅਤੇ Notices of Administrative Penalty,94859cc2759883e240ac79c273f5a9d81334ad4a780946043ad39adf38303cb5,c2b1efe68844a9ee03abd3d69e4a30a24abd73bbe86c2432e49e8de7f052533b,draft,,,,
pa,rapid.excluded.fines,legal-adjacent,"Government fines, court charges and third-party fees","ਸਰਕਾਰੀ ਜੁਰਮਾਨੇ, ਅਦਾਲਤੀ ਖਰਚੇ ਅਤੇ ਤੀਜੀ ਧਿਰ ਦੀਆਂ ਫੀਸਾਂ",36083c69d74cce5e98485c542ba4b739b5a73def3df0f6bc73bffc1f010eede9,33cea3eef3c0605591eda9c5ad07aefe4c8b3b22c2336196e72af295a221f693,draft,,,,
pa,rapid.excluded.scope,legal-adjacent,Matters outside Fabsy's permitted or accepted agent scope,Fabsy ਦੀ ਆਗਿਆਸ਼ੁਦਾ ਜਾਂ ਸਵੀਕਾਰ ਕੀਤੀ ਪ੍ਰਤੀਨਿਧੀ ਸੇਵਾ ਦੇ ਦਾਇਰੇ ਤੋਂ ਬਾਹਰ ਦੇ ਮਾਮਲੇ,9a3b6384ab4d65bffa580caaf4d4df67ffb45689b8649ecdbe15d66ec3f0b23c,fb9d00a3bded8024cbb612cd2e4b19499e8edb31643e3ea284cc9aace5056b30,draft,,,,
pa,rapid.speedTitle,legal-adjacent,Complete disclosure received. Next authorized action within 48 hours.,ਪੂਰਾ ਡਿਸਕਲੋਜ਼ਰ ਮਿਲਣ ਤੋਂ ਬਾਅਦ 48 ਘੰਟਿਆਂ ਵਿੱਚ ਅਗਲੀ ਅਧਿਕਾਰਤ ਕਾਰਵਾਈ।,5ae7e05f7eebba8e4d137d094e3352c816d4a87b00ced36971c6b3bf26c41a9f,db8ab400d56a54629be499100ec26ea97383d2f58bcdba0e381369406c338b4b,draft,,,,
pa,rapid.speedBody,legal-adjacent,"Complete, readable disclosure is reviewed and the next authorized prosecutor step is prepared or submitted within 48 hours after it is received and matched to your file.",ਪੂਰਾ ਅਤੇ ਪੜ੍ਹਨਯੋਗ ਡਿਸਕਲੋਜ਼ਰ ਮਿਲਣ ਅਤੇ ਤੁਹਾਡੀ ਫਾਈਲ ਨਾਲ ਮਿਲਾਉਣ ਤੋਂ ਬਾਅਦ 48 ਘੰਟਿਆਂ ਵਿੱਚ ਇਸਦੀ ਸਮੀਖਿਆ ਹੁੰਦੀ ਹੈ ਅਤੇ ਸਰਕਾਰੀ ਵਕੀਲ ਲਈ ਅਗਲਾ ਅਧਿਕਾਰਤ ਕਦਮ ਤਿਆਰ ਜਾਂ ਜਮ੍ਹਾਂ ਕੀਤਾ ਜਾਂਦਾ ਹੈ।,e433f693afca98ff0dca76217786aeea27c5eaa97df530026d18c940dc8e1b73,bd3539441fc3306e80d0b8bba42972b75fccdb248cdd28b1f3567386fd016e75,draft,,,,
pa,rapid.speedDisclaimer,legal-adjacent,"The clock starts only after complete, readable disclosure is received and matched to your file. It does not cover Crown response time or the date of a final outcome.","ਸਮਾਂ ਸਿਰਫ਼ ਪੂਰਾ, ਪੜ੍ਹਨਯੋਗ ਡਿਸਕਲੋਜ਼ਰ ਮਿਲਣ ਅਤੇ ਤੁਹਾਡੀ ਫਾਈਲ ਨਾਲ ਮਿਲਾਉਣ ਤੋਂ ਬਾਅਦ ਸ਼ੁਰੂ ਹੁੰਦਾ ਹੈ। ਇਸ ਵਿੱਚ ਸਰਕਾਰੀ ਵਕੀਲ ਦੇ ਜਵਾਬ ਦਾ ਸਮਾਂ ਜਾਂ ਅੰਤਿਮ ਨਤੀਜੇ ਦੀ ਤਾਰੀਖ ਸ਼ਾਮਲ ਨਹੀਂ ਹੈ।",5f8cd44bc69192540e120e489ec0fa48b62591254066fecc46d35422fe29b1e0,43721a8922e837dc4109a9a524fd1b2320881214c4def18f498f14c8270bf345,draft,,,,
pa,process.metaTitle,language-and-usability,How Rapid Resolution works | Fabsy,Rapid Resolution ਕਿਵੇਂ ਕੰਮ ਕਰਦੀ ਹੈ | Fabsy,b9ec79b1fa6e78e005ba4a44ccd238f372750ce62b73403fdb64d637504885d6,cf4194d7695df1773ac5cfcffe499e6a4c17914e8b0087cc011dfa188457ffda,draft,,,,
pa,process.title,language-and-usability,From your ticket to your decision,ਤੁਹਾਡੇ ਟਿਕਟ ਤੋਂ ਤੁਹਾਡੇ ਫ਼ੈਸਲੇ ਤੱਕ,9e1627be95b19beddbf51e60565ebe8bd67da6dc1fa0e67b614bf14b460d1128,d6380fa0273ecb6b14b8b9e236dd3486de807f6b26e33f6e5db7f113a420efb3,draft,,,,
pa,process.description,language-and-usability,"Your ticket, authorization, evidence and updates stay connected to the same file.","ਤੁਹਾਡਾ ਟਿਕਟ, ਅਧਿਕਾਰ, ਸਬੂਤ ਅਤੇ ਅੱਪਡੇਟ ਇੱਕੋ ਫਾਈਲ ਨਾਲ ਜੁੜੇ ਰਹਿੰਦੇ ਹਨ।",44750c6c1f7b95af59f5b35c4b7edf2049c60d23a4e868a1f81ca8fdf6025c12,70bc11eb765fd6770e7b329dfbf6484e4c755d50a952395f96954a6e0e15de36,draft,,,,
pa,process.steps.intake.title,language-and-usability,Share your ticket,ਆਪਣਾ ਟਿਕਟ ਸਾਂਝਾ ਕਰੋ,06896a89f5fb6a637c0f84a7f5de7901e175193f57d1736c6313126cce35ddf7,fe1c0c68afffbb690e5d59c4c16d2b1fcc762ae1e4dda7ee1aff738deab50f38,draft,,,,
pa,process.steps.intake.body,language-and-usability,"Upload a readable ticket and provide your details. Fabsy reviews eligibility and deadlines; service starts after intake, authorization, payment and acceptance.","ਪੜ੍ਹਨਯੋਗ ਟਿਕਟ ਅੱਪਲੋਡ ਕਰੋ ਅਤੇ ਆਪਣੇ ਵੇਰਵੇ ਦਿਓ। Fabsy ਯੋਗਤਾ ਅਤੇ ਸਮਾਂ-ਸੀਮਾਵਾਂ ਦੀ ਸਮੀਖਿਆ ਕਰਦੀ ਹੈ; ਵੇਰਵੇ, ਅਧਿਕਾਰ, ਭੁਗਤਾਨ ਅਤੇ ਮਾਮਲਾ ਸਵੀਕਾਰ ਹੋਣ ਤੋਂ ਬਾਅਦ ਸੇਵਾ ਸ਼ੁਰੂ ਹੁੰਦੀ ਹੈ।",92e48be7b63cac262e7c353174f9b98e635effeb0016246fb8c7da628c488007,d05d24ae1d924e1e122da261c374f7617ebf82a41187f1eee6958692aa753bcc,draft,,,,
pa,process.steps.disclosure.title,language-and-usability,Disclosure is requested,ਡਿਸਕਲੋਜ਼ਰ ਦੀ ਬੇਨਤੀ ਹੁੰਦੀ ਹੈ,76367739dcf81b07c4d024e0036af905c2bb1c04b7a1f2321cdbbcd3cf1f0982,ec241c8a7eb6e41ed30c0d9f131f5c9eda230ea3b7c5b210707b7e55a9c45bdb,draft,,,,
pa,process.steps.disclosure.body,language-and-usability,"Where authorized and available, Fabsy requests the prosecution's evidence and tracks documents. A request does not extend any deadline.","ਜਿੱਥੇ ਅਧਿਕਾਰ ਅਤੇ ਸਹੂਲਤ ਉਪਲਬਧ ਹੋਵੇ, Fabsy ਸਰਕਾਰੀ ਪੱਖ ਦੇ ਸਬੂਤ ਮੰਗਦੀ ਹੈ ਅਤੇ ਦਸਤਾਵੇਜ਼ਾਂ ਦੀ ਨਿਗਰਾਨੀ ਕਰਦੀ ਹੈ। ਬੇਨਤੀ ਕਰਨ ਨਾਲ ਕੋਈ ਸਮਾਂ-ਸੀਮਾ ਨਹੀਂ ਵਧਦੀ।",66118a2bc4f77aecd89a833c77225622f9d4ce17752175d17842ee06381e303a,f7c99b41bc45ffd2c25febbac6e6e45034a3fe414609b684eda2c7e2329223ed,draft,,,,
pa,process.steps.review.title,language-and-usability,Evidence is reviewed,ਸਬੂਤਾਂ ਦੀ ਸਮੀਖਿਆ ਹੁੰਦੀ ਹੈ,9f844b9afec9fd194c3ad12c5eac9790e73b4a1266efb1299344a335c584b7be,93ab7780f3bb64cd135ba2fa557adff1ed19fc4926283f9e3b0562d9b6019736,draft,,,,
pa,process.steps.review.body,language-and-usability,"Technology-assisted analysis and qualified review examine the evidence, procedure and available pre-trial options.","ਤਕਨਾਲੋਜੀ ਦੀ ਸਹਾਇਤਾ ਨਾਲ ਵਿਸ਼ਲੇਸ਼ਣ ਅਤੇ ਯੋਗ ਸਮੀਖਿਆ ਰਾਹੀਂ ਸਬੂਤ, ਪ੍ਰਕਿਰਿਆ ਅਤੇ ਟਰਾਇਲ ਤੋਂ ਪਹਿਲਾਂ ਦੀਆਂ ਉਪਲਬਧ ਚੋਣਾਂ ਦੀ ਜਾਂਚ ਕੀਤੀ ਜਾਂਦੀ ਹੈ।",92bb246b305af86054b886ddbd3e00b67e1df61e3cd591a083fe7965e562c9ad,dafc9c1df9c37b7a55cd0bb66fe5cfb79d47bab7ed38f8dd4bf9dba08c5cbd9b,draft,,,,
pa,process.steps.action.title,language-and-usability,The next step is prepared,ਅਗਲਾ ਕਦਮ ਤਿਆਰ ਹੁੰਦਾ ਹੈ,43f4bdd56d945293669bac4c01fde42bdc43eede7bf2320362372e22157e0f8b,84c966ac789b57c95ea6d7eb58d24ccd4dd2c08d3247e0caf27ba877d5f5dab8,draft,,,,
pa,process.steps.action.body,language-and-usability,"Within 48 hours of complete, readable disclosure being received and matched to the file, Fabsy reviews it and prepares or submits the next authorized prosecutor step.","ਪੂਰਾ, ਪੜ੍ਹਨਯੋਗ ਡਿਸਕਲੋਜ਼ਰ ਮਿਲਣ ਅਤੇ ਫਾਈਲ ਨਾਲ ਮਿਲਾਉਣ ਤੋਂ ਬਾਅਦ 48 ਘੰਟਿਆਂ ਵਿੱਚ Fabsy ਸਮੀਖਿਆ ਕਰਦੀ ਹੈ ਅਤੇ ਸਰਕਾਰੀ ਵਕੀਲ ਲਈ ਅਗਲਾ ਅਧਿਕਾਰਤ ਕਦਮ ਤਿਆਰ ਜਾਂ ਜਮ੍ਹਾਂ ਕਰਦੀ ਹੈ।",82a3dd182bc216afd91f1accd4970cf935321f56fbd7ba9bd566cdc38806afe8,ca49e421d74f283ad225a4673806ad7c2c619f53a27745119aacc3d6ec51da22,draft,,,,
pa,process.steps.decision.title,language-and-usability,You give the instruction,ਨਿਰਦੇਸ਼ ਤੁਸੀਂ ਦਿੰਦੇ ਹੋ,2b2934d5506b185ef9dbdebcda6e7d52377650a875842adaa465ce42b46ba473,1f2481ee84d766fd13ece3488df2795983228c149656ddb8fe4d410920247e9f,draft,,,,
pa,process.steps.decision.body,language-and-usability,Fabsy explains any Crown response. Only you direct whether an available resolution should be accepted; trial work requires a separate agreement.,"Fabsy ਸਰਕਾਰੀ ਵਕੀਲ ਦਾ ਜਵਾਬ ਸਮਝਾਉਂਦੀ ਹੈ। ਉਪਲਬਧ ਨਿਪਟਾਰਾ ਸਵੀਕਾਰ ਕਰਨਾ ਹੈ ਜਾਂ ਨਹੀਂ, ਇਸਦਾ ਨਿਰਦੇਸ਼ ਸਿਰਫ਼ ਤੁਸੀਂ ਦਿੰਦੇ ਹੋ; ਟਰਾਇਲ ਦੇ ਕੰਮ ਲਈ ਵੱਖਰਾ ਸਮਝੌਤਾ ਲਾਜ਼ਮੀ ਹੈ।",086dc4715dbb43c4f12d98d4aeda08e0c9d05c603002545998e96bbd5c244243,c166a17802c8b5b52f84e1576dabb6e8c17fb6c6ac0bb7f940a7c2a717f27825,draft,,,,
pa,faq.metaTitle,language-and-usability,Alberta ticket service questions | Fabsy,ਅਲਬਰਟਾ ਟਿਕਟ ਸੇਵਾ ਬਾਰੇ ਸਵਾਲ | Fabsy,d997ed0d013711dd9d13ffcecbc0ccd852e3d22797a0ed90706ed3808f6fd338,c2709e0ece11378d993049621f69f57a03da97b644b4e710ed43c68e391f1e89,draft,,,,
pa,faq.title,language-and-usability,Questions before you start,ਸ਼ੁਰੂ ਕਰਨ ਤੋਂ ਪਹਿਲਾਂ ਦੇ ਸਵਾਲ,9498defd4dde31d53edb329c8d0db6883d63774d2e7e79963add2da52eb8aa4e,a0e893add65e9947f9bf3313c8e48ac998293bf31b4caf725c66742c01524505,draft,,,,
pa,faq.items.fee.question,legal-adjacent,What does the {{price}} fee cover?,{{price}} ਦੀ ਫੀਸ ਵਿੱਚ ਕੀ ਸ਼ਾਮਲ ਹੈ?,2e094fcc16eddefb6a19d2f044225fd40fb844c12f450a1c27e7e44ac7d70b9f,0b1a115b63739c3a4157c4fa6219ed415868e11355bd101ee126a206c30bc2f7,draft,,,,
pa,faq.items.fee.answer,legal-adjacent,"Eligible pre-trial intake, deadline review, authorization, disclosure requests and tracking, qualified review, a fact-specific prosecutor-review submission, file updates and explanation of a Crown response. Applicable GST is extra; fines and trial work are separate.","ਯੋਗ ਟਰਾਇਲ-ਪੂਰਵ ਮਾਮਲੇ ਦੇ ਵੇਰਵੇ, ਸਮਾਂ-ਸੀਮਾ ਦੀ ਸਮੀਖਿਆ, ਅਧਿਕਾਰ, ਡਿਸਕਲੋਜ਼ਰ ਦੀ ਬੇਨਤੀ ਅਤੇ ਨਿਗਰਾਨੀ, ਯੋਗ ਸਮੀਖਿਆ, ਤੱਥਾਂ ਅਨੁਸਾਰ ਸਰਕਾਰੀ ਵਕੀਲ ਦੀ ਸਮੀਖਿਆ ਲਈ ਅਰਜ਼ੀ, ਫਾਈਲ ਅੱਪਡੇਟ ਅਤੇ ਸਰਕਾਰੀ ਵਕੀਲ ਦੇ ਜਵਾਬ ਦੀ ਵਿਆਖਿਆ। ਲਾਗੂ GST ਵੱਖਰਾ ਹੈ; ਜੁਰਮਾਨੇ ਅਤੇ ਟਰਾਇਲ ਦਾ ਕੰਮ ਵੱਖਰੇ ਹਨ।",a1dbf2898946b3702690c46c65c273d6c66c36e061b4b3f887a0f8610925f17d,605ce0b7535f3ede90509b7c02f377bc127599997719da030b7c8b7438deca46,draft,,,,
pa,faq.items.speed.question,legal-adjacent,Will my ticket be resolved in 48 hours?,ਕੀ ਮੇਰਾ ਟਿਕਟ 48 ਘੰਟਿਆਂ ਵਿੱਚ ਨਿਪਟ ਜਾਵੇਗਾ?,46561c71c1d55265cd7ea1998970eda3466dd45c45771c42452cfdd749a2df71,3100de139ab796c71ca10791f8127d045f926867d5641bdb471670a7639f0aff,draft,,,,
pa,faq.items.speed.answer,legal-adjacent,"No final-outcome timing is promised. The 48-hour commitment begins only when complete, readable disclosure arrives and is matched to your file. It covers Fabsy's review and next authorized action, not the prosecutor's response time.","ਅੰਤਿਮ ਨਤੀਜੇ ਦੇ ਸਮੇਂ ਦਾ ਵਾਅਦਾ ਨਹੀਂ ਹੈ। 48 ਘੰਟਿਆਂ ਦੀ ਵਚਨਬੱਧਤਾ ਸਿਰਫ਼ ਪੂਰਾ, ਪੜ੍ਹਨਯੋਗ ਡਿਸਕਲੋਜ਼ਰ ਮਿਲਣ ਅਤੇ ਤੁਹਾਡੀ ਫਾਈਲ ਨਾਲ ਮਿਲਾਉਣ ਤੋਂ ਬਾਅਦ ਸ਼ੁਰੂ ਹੁੰਦੀ ਹੈ। ਇਹ Fabsy ਦੀ ਸਮੀਖਿਆ ਅਤੇ ਅਗਲੀ ਅਧਿਕਾਰਤ ਕਾਰਵਾਈ ਲਈ ਹੈ, ਸਰਕਾਰੀ ਵਕੀਲ ਦੇ ਜਵਾਬ ਦੇ ਸਮੇਂ ਲਈ ਨਹੀਂ।",911b892d1c4d702099b7512f0ec5487b789a17087fc88e79146b86b69f707d8c,a6fce940a4497a564416bd626a9840c34d949c36ee3b33446d37601ce505fafd,draft,,,,
pa,faq.items.deadline.question,legal-adjacent,Does a disclosure request extend my deadline?,ਕੀ ਡਿਸਕਲੋਜ਼ਰ ਦੀ ਬੇਨਤੀ ਨਾਲ ਮੇਰੀ ਸਮਾਂ-ਸੀਮਾ ਵਧਦੀ ਹੈ?,d7ba23f96466138ba0f3cd4f4066d81848d5269e2f4fe50effcc1db0162cb838,492985f6c6db26c99b09ff31cfdea25429d2202200859f68ffa492f0a6e8d374,draft,,,,
pa,faq.items.deadline.answer,legal-adjacent,"No. Continue monitoring the dates on your ticket, court notice and portal. A disclosure request does not itself extend a response date, trial date or other deadline.","ਨਹੀਂ। ਆਪਣੇ ਟਿਕਟ, ਅਦਾਲਤੀ ਨੋਟਿਸ ਅਤੇ ਪੋਰਟਲ ਦੀਆਂ ਤਾਰੀਖਾਂ ਦੀ ਨਿਗਰਾਨੀ ਕਰਦੇ ਰਹੋ। ਸਿਰਫ਼ ਡਿਸਕਲੋਜ਼ਰ ਦੀ ਬੇਨਤੀ ਕਰਨ ਨਾਲ ਜਵਾਬ, ਟਰਾਇਲ ਜਾਂ ਕਿਸੇ ਹੋਰ ਕੰਮ ਦੀ ਸਮਾਂ-ਸੀਮਾ ਨਹੀਂ ਵਧਦੀ।",7c36942f46dd03eaf667e50cc8645f98fd071d15cda3819ea5728d814110cf1e,7f369666a6af79a9d58b9a24535cab4f9de734159f62f3c1cb64e22be9007944,draft,,,,
pa,faq.items.trial.question,legal-adjacent,Is a trial included?,ਕੀ ਟਰਾਇਲ ਸ਼ਾਮਲ ਹੈ?,51d0d788dc018d786d7b71447316c41838f8655c6ae74e0a42645e921c2607b9,506ccdadbfe26e86b744c92f116a2b3fe4c857dd20d15409e685061fea4b6bcf,draft,,,,
pa,faq.items.trial.answer,legal-adjacent,"No. Trial representation requires separate eligibility review, an agreement and a quote. Appeals, reopenings, government charges and out-of-scope work are also separate.","ਨਹੀਂ। ਟਰਾਇਲ ਵਿੱਚ ਪ੍ਰਤੀਨਿਧਤਾ ਲਈ ਵੱਖਰੀ ਯੋਗਤਾ ਸਮੀਖਿਆ, ਸਮਝੌਤਾ ਅਤੇ ਫੀਸ ਦਾ ਅੰਦਾਜ਼ਾ ਲਾਜ਼ਮੀ ਹੈ। ਅਪੀਲਾਂ, ਮੁੜ ਖੋਲ੍ਹੇ ਮਾਮਲੇ, ਸਰਕਾਰੀ ਖਰਚੇ ਅਤੇ ਦਾਇਰੇ ਤੋਂ ਬਾਹਰ ਦਾ ਕੰਮ ਵੀ ਵੱਖਰੇ ਹਨ।",a8b5ab22febf4f9f40e933978cbaac7f742c0b92d49313db0a7f99b53d8d61dc,c34d038e6495be9c1a12c40c311611fb5a19f1174c27c179fd9d3ad74665aab8,draft,,,,
pa,faq.items.approval.question,legal-adjacent,Can Fabsy accept an offer for me?,ਕੀ Fabsy ਮੇਰੇ ਲਈ ਕੋਈ ਪੇਸ਼ਕਸ਼ ਸਵੀਕਾਰ ਕਰ ਸਕਦੀ ਹੈ?,279750ea59b803f41091b4ec26450f03e8e8b50b59c44d5f2ffabae7aadefc08,3987feb26ab8facdd43d8c35036f8b4e517b34ac0f17b418ac528bdc3c6132fe,draft,,,,
pa,faq.items.approval.answer,legal-adjacent,"Only after your case-specific instruction. Fabsy will not accept a Crown offer, enter a guilty plea or finalize a proposed resolution automatically.","ਸਿਰਫ਼ ਤੁਹਾਡੇ ਇਸ ਮਾਮਲੇ ਲਈ ਦਿੱਤੇ ਖਾਸ ਨਿਰਦੇਸ਼ ਤੋਂ ਬਾਅਦ। Fabsy ਸਰਕਾਰੀ ਵਕੀਲ ਦੀ ਪੇਸ਼ਕਸ਼ ਸਵੀਕਾਰ ਨਹੀਂ ਕਰੇਗੀ, ਦੋਸ਼ ਕਬੂਲ ਕਰਨ ਦੀ ਪਲੀ ਦਾਖਲ ਨਹੀਂ ਕਰੇਗੀ ਅਤੇ ਤਜਵੀਜ਼ਸ਼ੁਦਾ ਨਿਪਟਾਰਾ ਆਪਣੇ ਆਪ ਅੰਤਿਮ ਨਹੀਂ ਕਰੇਗੀ।",028f46cbe8707fcdbe0c14758d720f9eba17c832d4a713b393a5fa17fd840311,128e19cede196703cd445df4ede6586cdacc3e0409230c05a9c8eb6d91e5e467,draft,,,,
pa,faq.items.outcome.question,legal-adjacent,Is a withdrawal or reduction promised?,ਕੀ ਟਿਕਟ ਵਾਪਸ ਲੈਣ ਜਾਂ ਦੋਸ਼ ਘਟਾਉਣ ਦਾ ਵਾਅਦਾ ਹੈ?,42eafffad8245a37eb25d6826a395fcbd55634f4dc8b15643553531c77782c77,398b033e64c659ea8b3c20431babecd37583611b06e5dc72a95e5ffc6650d9d6,draft,,,,
pa,faq.items.outcome.answer,legal-adjacent,"No. The result depends on the charge, evidence, procedure, prosecutor and court. There is no promise of a withdrawal, reduction, lower fine, fewer demerits or insurance result.","ਨਹੀਂ। ਨਤੀਜਾ ਦੋਸ਼, ਸਬੂਤ, ਪ੍ਰਕਿਰਿਆ, ਸਰਕਾਰੀ ਵਕੀਲ ਅਤੇ ਅਦਾਲਤ 'ਤੇ ਨਿਰਭਰ ਕਰਦਾ ਹੈ। ਟਿਕਟ ਵਾਪਸ ਲੈਣ, ਦੋਸ਼ ਜਾਂ ਜੁਰਮਾਨਾ ਘਟਾਉਣ, ਘੱਟ ਡੀਮੈਰਿਟ ਅੰਕਾਂ ਜਾਂ ਬੀਮੇ ਦੇ ਕਿਸੇ ਨਤੀਜੇ ਦਾ ਵਾਅਦਾ ਨਹੀਂ ਹੈ।",75463e420a8351295a6f3869dacb56c50a4e19e9021cd688961135403d4ed6de,ed90e446a13d65980835d04f584305c40d5135b00e49ce182af9dbd41015d9ec,draft,,,,
pa,faq.items.language.question,legal-adjacent,Can I write in my language?,ਕੀ ਮੈਂ ਆਪਣੀ ਭਾਸ਼ਾ ਵਿੱਚ ਲਿਖ ਸਕਦਾ ਹਾਂ?,bc3db8223dc10707b55087856212a309db18c3776bff6e4f14656d9351833d76,b19b6f7ecf473988670a3cc2a1e84d38ad203d4d9f207b5f9d10a80956074f41,draft,,,,
pa,faq.items.language.answer,legal-adjacent,You may write your account in your preferred language. Ask Fabsy to confirm available language assistance before relying on it. A translated website does not mean a speaker of that language is available by phone.,ਤੁਸੀਂ ਆਪਣਾ ਬਿਆਨ ਆਪਣੀ ਪਸੰਦ ਦੀ ਭਾਸ਼ਾ ਵਿੱਚ ਲਿਖ ਸਕਦੇ ਹੋ। ਭਾਸ਼ਾਈ ਸਹਾਇਤਾ 'ਤੇ ਨਿਰਭਰ ਕਰਨ ਤੋਂ ਪਹਿਲਾਂ Fabsy ਤੋਂ ਉਸਦੀ ਉਪਲਬਧਤਾ ਦੀ ਪੁਸ਼ਟੀ ਕਰੋ। ਅਨੁਵਾਦਿਤ ਵੈੱਬਸਾਈਟ ਦਾ ਮਤਲਬ ਇਹ ਨਹੀਂ ਕਿ ਫੋਨ 'ਤੇ ਉਹ ਭਾਸ਼ਾ ਬੋਲਣ ਵਾਲਾ ਵਿਅਕਤੀ ਉਪਲਬਧ ਹੈ।,f1092bc9faf469eb6a0a9849dc2620b192933ec6e6e3d5bf1fecedf7fc96b049,7d70f8761b6c3a441a73f60ac1284d302ee99ec939b4efb1c41c2ce18f18cde1,draft,,,,
pa,contact.metaTitle,language-and-usability,Contact Fabsy | Alberta ticket help,Fabsy ਨਾਲ ਸੰਪਰਕ | ਅਲਬਰਟਾ ਟਿਕਟ ਸਹਾਇਤਾ,ed7a28ef612a5c2c1fe3027668ccada01f32be7af4439ac002dbfc22ed125358,22cb64b31217515bfe199fc411b2c3fe876b959f2179e38dd20aad7fd4fd183a,draft,,,,
pa,contact.title,language-and-usability,Start with a written question,ਲਿਖਤੀ ਸਵਾਲ ਨਾਲ ਸ਼ੁਰੂ ਕਰੋ,846798956dfbfb9363b49c6f91ddd0de1b14601e8a6ade3e34f4dd32e27e045f,2d149f59787d17d80dd007fe7c097003e5ead01f54fe5090d07982d090ed08b2,draft,,,,
pa,contact.description,language-and-usability,You can email a question in your preferred language. Include your deadline and ask what language assistance is available.,ਤੁਸੀਂ ਆਪਣੀ ਪਸੰਦ ਦੀ ਭਾਸ਼ਾ ਵਿੱਚ ਸਵਾਲ ਈਮੇਲ ਕਰ ਸਕਦੇ ਹੋ। ਆਪਣੀ ਸਮਾਂ-ਸੀਮਾ ਦੱਸੋ ਅਤੇ ਪੁੱਛੋ ਕਿ ਕਿਹੜੀ ਭਾਸ਼ਾਈ ਸਹਾਇਤਾ ਉਪਲਬਧ ਹੈ।,cc096a13093b0c65f1831a8989c079857a0951f390ecbb6079088a4db286b875,ced06ad75f58ba33b8dd2e716a8ab591de07091a30de94bcb099c1f589d1e604,draft,,,,
pa,contact.messageLabel,language-and-usability,Your message,ਤੁਹਾਡਾ ਸੁਨੇਹਾ,7a057bd996a32915a171b4811d248b48f0fee7dd5e74f4510c156569ea36b4c5,c9aaa1a20889c2efd9fe1aea883c72b559c177532377d285a0ab46f2e2927f13,draft,,,,
pa,contact.messageHint,language-and-usability,Write in your preferred language. Do not send card details or unnecessary identity documents.,ਆਪਣੀ ਪਸੰਦ ਦੀ ਭਾਸ਼ਾ ਵਿੱਚ ਲਿਖੋ। ਕਾਰਡ ਦੇ ਵੇਰਵੇ ਜਾਂ ਬੇਲੋੜੇ ਪਛਾਣ ਦਸਤਾਵੇਜ਼ ਨਾ ਭੇਜੋ।,11b3d97ead15ab909dd7020a27f92be67e2cfedd9034cc2beca0575ef2ba2227,3fbac730458448a9aa30d298bb73ce341c9cf0088785ac6c3a202f96ea72c140,draft,,,,
pa,contact.submit,language-and-usability,Send message,ਸੁਨੇਹਾ ਭੇਜੋ,93a26b1eaff99b3a84dd80366660991d15703a96514497afd997c12c43000ed7,e384d66cf240583d267afbada97ef58a6155f236409f44ea4d97c6c8e26bd8b4,draft,,,,
pa,contact.availability,legal-adjacent,Language support and response times must be confirmed. WhatsApp and phone service in this language are not currently promised.,ਭਾਸ਼ਾਈ ਸਹਾਇਤਾ ਅਤੇ ਜਵਾਬ ਦੇ ਸਮੇਂ ਦੀ ਪੁਸ਼ਟੀ ਲਾਜ਼ਮੀ ਹੈ। ਇਸ ਵੇਲੇ ਇਸ ਭਾਸ਼ਾ ਵਿੱਚ WhatsApp ਜਾਂ ਫੋਨ ਸੇਵਾ ਦਾ ਵਾਅਦਾ ਨਹੀਂ ਕੀਤਾ ਜਾਂਦਾ।,b509a1a34f5e45d302542e4888222f03ebef2e15ba2a58ed146796c66453db68,163853718ee9d75da42285622c2e4cd9c6f480b7ec44989d91e4c50e25ddf04a,draft,,,,
pa,contact.emailCta,language-and-usability,Email {{email}},{{email}} 'ਤੇ ਈਮੇਲ ਕਰੋ,46d94b216ce8e085d7a796624941d9939fa2c4444c1880cc869d713bc3f3db8a,fdf4bd706d42fe66dce8363dd1ad75de7cd77e43aa931ca4c4e47b2ed47754fa,draft,,,,
pa,contact.whatsappCta,legal-adjacent,Text us in your language on WhatsApp,WhatsApp 'ਤੇ ਆਪਣੀ ਭਾਸ਼ਾ ਵਿੱਚ ਸਾਨੂੰ ਲਿਖੋ,105dd00de557e3661e5a9484f348303cca7177367fd866f009f32d1e5cca6b0c,b656fb9156d1c597ffce6e60ca49afe032538ccbaff3ef1a2089b2930915a57c,draft,,,,
pa,contact.staffAvailability,legal-adjacent,Ask which language support is available before calling.,ਫੋਨ ਕਰਨ ਤੋਂ ਪਹਿਲਾਂ ਪੁੱਛੋ ਕਿ ਕਿਹੜੀ ਭਾਸ਼ਾਈ ਸਹਾਇਤਾ ਉਪਲਬਧ ਹੈ।,26d6efc6d2f4fe35fae8c2ce756511b532ec11a42b5b2c3a490481198d591e70,3c8a57e85dfb64236def87d9752c6e96cc7b7cc744be8719232ff7ff09545d73,draft,,,,
pa,contact.whatsappHint,legal-adjacent,Send a written message in your preferred language. Do not send payment-card details.,ਆਪਣੀ ਪਸੰਦ ਦੀ ਭਾਸ਼ਾ ਵਿੱਚ ਲਿਖਤੀ ਸੁਨੇਹਾ ਭੇਜੋ। ਭੁਗਤਾਨ ਕਾਰਡ ਦੇ ਵੇਰਵੇ ਨਾ ਭੇਜੋ।,71d9b4e04a11c5b2cfda2da32871b914649e38ae6cfc2adc901a84d8d07e35fd,2c5cee9c5bfa8ceb0128840ebe8877ba98a1eeb849d145f843303ffdf03899a9,draft,,,,
pa,intake.title,language-and-usability,Start Rapid Resolution,Rapid Resolution ਸ਼ੁਰੂ ਕਰੋ,08d30aec3aca3e8f9399438ce9780f7a03f67583b7fbc31df1de48a958480beb,06533cfcbb08114015761f3a572f75fbb8ec724db65a4d6850d005de2a70e6e1,draft,,,,
pa,intake.description,language-and-usability,Enter the details exactly as they appear on your ticket. You may write your account in your preferred language.,ਵੇਰਵੇ ਬਿਲਕੁਲ ਉਸੇ ਤਰ੍ਹਾਂ ਭਰੋ ਜਿਵੇਂ ਤੁਹਾਡੇ ਟਿਕਟ 'ਤੇ ਹਨ। ਤੁਸੀਂ ਆਪਣਾ ਬਿਆਨ ਆਪਣੀ ਪਸੰਦ ਦੀ ਭਾਸ਼ਾ ਵਿੱਚ ਲਿਖ ਸਕਦੇ ਹੋ।,895239d7cc03f62b9c38c498def413079949204d7c3abb9cf01ba2f8ef9f6f3f,db573bc82fc065a6756474e7d453bada92c1a547aedb29449e327f641887aee3,draft,,,,
pa,intake.steps.ticket,language-and-usability,Ticket details,ਟਿਕਟ ਦੇ ਵੇਰਵੇ,095c5093d6828fd6e732a178cf50a84e0a2fa359c999e38edb8e4ef3c49245cf,5da3480a801528db4c0d45e5e83c870a1fd6043545c9dfe67d0102e4d8e655f8,draft,,,,
pa,intake.steps.personal,language-and-usability,Personal information,ਨਿੱਜੀ ਜਾਣਕਾਰੀ,06a571228fc4b88b951b3df6ec8f1cd70342feafaa6c298aa1d07fe690b2913c,830e713e67efc1556e1849a17d102d648ab5a6bd87dd243eee6c169b781220f9,draft,,,,
pa,intake.steps.account,language-and-usability,Your account,ਤੁਹਾਡਾ ਬਿਆਨ,dbb5f6371b6a2a677f09c24d17fdc581132a41881a818469a92b58588e8764bc,12623cca5584b1b91275c179b2d06fa01b4c124a2543fb990e4d9fbd953753d5,draft,,,,
pa,intake.steps.consent,language-and-usability,Authorization,ਅਧਿਕਾਰ,ca5839e38a15433e62b39767d6a86eaafba17ea6b3ea61e3b89e2ac46baa874c,6efe72b13ebf0a797f8eba0556915f3003071572b04cbf27bf91b6b4de1556ae,draft,,,,
pa,intake.steps.review,language-and-usability,Review,ਸਮੀਖਿਆ,aff0766a5290e117b8433c351bae7b7b23bed682b2369bd822d88a647cc58512,f1ba74db629ddccc19132bb67446b75c1a52217878fb2dda905d83c63a45b4f3,draft,,,,
pa,intake.steps.payment,language-and-usability,Payment,ਭੁਗਤਾਨ,7048f38b33f135df36b3d9d382f167d45cfdda857b616899c9d8c9acd2751f64,428597bb24fa78306aa6e0925c7e5b7000c29d7757c18dc6381dcbb85958795b,draft,,,,
pa,intake.fields.firstName,language-and-usability,First name,ਪਹਿਲਾ ਨਾਮ,702ef921ed1d89bf63353c899af7e338722a3ef6123d0a98333a162818f85e59,7881f31cc122f8e8c08953bcfcac21bdd8743b808a9c7913c316cf48a617ab56,draft,,,,
pa,intake.fields.lastName,language-and-usability,Last name,ਆਖ਼ਰੀ ਨਾਮ,7b4888049459f04adf3d6023c45e8ac8fc80e7ce8dfc643179da25a2c3b05443,f56723027cd49a5ece93bd5d2a293aca888a979e923da0f400e245c79bf08276,draft,,,,
pa,intake.fields.email,language-and-usability,Email address,ਈਮੇਲ ਪਤਾ,f2488fd4ef4adbc6ac61300083f2c33980e48bb4bbf3c540ad760d61fc36f420,26535ea185c2572fc517987277c51fae77bc5b27c7794252c3918fefe06e0088,draft,,,,
pa,intake.fields.phone,language-and-usability,Phone number,ਫੋਨ ਨੰਬਰ,306f1bb20677a622fc38185239e89a940f6c1727e440a2b359d7d0e1bf600644,0a256250695bcf47473081c536ca3e2ad74bf1d2ee156d7e37633d85145eb0c0,draft,,,,
pa,intake.fields.smsOptIn,legal-adjacent,I agree to receive text updates about my file.,ਮੈਂ ਆਪਣੀ ਫਾਈਲ ਬਾਰੇ ਟੈਕਸਟ ਅੱਪਡੇਟ ਪ੍ਰਾਪਤ ਕਰਨ ਲਈ ਸਹਿਮਤ ਹਾਂ।,32bf2bb33aba0f995ccceaad77c8e80f977fdde206ef04cbc3f7dcabe009c198,a85aa0d41fee9d8b55765e0d00ac5cafd6b0cba033c8595c994fcc4a1c276815,draft,,,,
pa,intake.fields.address,language-and-usability,Street address,ਸੜਕ ਦਾ ਪਤਾ,8a386dd14cb9a70f6f2769a7d50dd945fc29bf76fbb219dfa017d1f18739dba0,d62b4042bf1fecabec3ca41dad41413f791bb3f3cfd100dac5a2f609476c3e1d,draft,,,,
pa,intake.fields.city,language-and-usability,City,ਸ਼ਹਿਰ,fc33f73246f48295702f404001e74d56f14d2f82689b2816422dc1a4c2ec4fb2,b17da64c05a582e672dd5a50a550c78dd20bd21820ff7953facd251dee469ae0,draft,,,,
pa,intake.fields.province,language-and-usability,Province,ਸੂਬਾ,abfcecfabeb7545eaf3bc06d4c35204a4ebfd978963d132838d0198638a45b30,b566bc4dfe18463880fe8459c4c8e9dc3b43600ac8d41f4f1505cf58ab0fc352,draft,,,,
pa,intake.fields.postalCode,language-and-usability,Postal code,ਡਾਕ ਕੋਡ,ae53cea8228bcfc350fef961189a32a592e06ccffa52a8b991f88841cbac8de4,665c449016af9bf4cfb5e1c68dca7ba8ffc54c0922941ebd876e25fe76dff894,draft,,,,
pa,intake.fields.dateOfBirth,language-and-usability,Date of birth,ਜਨਮ ਮਿਤੀ,eb4c4e239122d42d1ca7a7af175d6fe393926cb14aaab56b7ab7fc056b2ccb86,34690c60a23e1c3bc0f139f9da0f702da6fd9a0b70a6ba0f96cde76b274118d3,draft,,,,
pa,intake.fields.driversLicense,language-and-usability,Driver's licence number,ਡਰਾਈਵਿੰਗ ਲਾਇਸੈਂਸ ਨੰਬਰ,7794437f3e0c40324b31fddbae56f957e61eb4176a1d3f66fd4b3ccf8d62a002,4a1c915a0132e3bf5550c02d1895020ce81077b33e3d3f0e0b384fea56eb1cdc,draft,,,,
pa,intake.fields.driversLicenseImage,language-and-usability,Driver's licence image,ਡਰਾਈਵਿੰਗ ਲਾਇਸੈਂਸ ਦੀ ਤਸਵੀਰ,2c62301c7c9d0f2c266badff196079163818bd694329f99d907e77aa54eba4a5,43556bfe5bb923af5eeb7c02d5a1e18aa532a16144169eba69e3e54042b20c6f,draft,,,,
pa,intake.fields.addressDifferent,language-and-usability,My current address differs from my licence.,ਮੇਰਾ ਮੌਜੂਦਾ ਪਤਾ ਮੇਰੇ ਲਾਇਸੈਂਸ ਤੋਂ ਵੱਖਰਾ ਹੈ।,9fbf46971f882388a58d6e5099223280287f25336ffa8e36627459f934da6524,96917a316562d7679f23256f0a44c569a4d3e6b96dac7f735852ed1416e71224,draft,,,,
pa,intake.fields.ticketNumber,language-and-usability,Ticket number,ਟਿਕਟ ਨੰਬਰ,ef4169ff531e73a501177740307b56c6419d4b3251bb040eaf604cf61e40affc,597c12dd84537e4362efd0f24ebe88958ab4f9edd974c8bcf8a57fedf5470082,draft,,,,
pa,intake.fields.issueDate,language-and-usability,Issue date,ਜਾਰੀ ਕਰਨ ਦੀ ਮਿਤੀ,f0a6c4753adfbd8c4cacfd961ae4c130c70f3d99142067875fa88cf96484643c,9c0ec34caf39153f0d2ef004f630e1b987e890d279ae2b15102a052aa181d4c5,draft,,,,
pa,intake.fields.location,language-and-usability,Location,ਥਾਂ,15b61974b2707a7b3d4201385e0f01f4ff5eb1f17c5639d98788ee5add2025cd,94e7bd51a7d9006f48f138259c49c73cf8fdb937d0c6d7e094a097ed6669467e,draft,,,,
pa,intake.fields.officer,language-and-usability,Officer or enforcement agency,ਅਧਿਕਾਰੀ ਜਾਂ ਲਾਗੂ ਕਰਨ ਵਾਲੀ ਏਜੰਸੀ,c6797261f6fd67ca9bab533218d0ddeeec2abfc65cfa92814c20d1d8e733862d,cd81bf530cbadca7bb3879300fa2deb88ae519c450edaa37bce0e2b7010d6191,draft,,,,
pa,intake.fields.officerBadge,language-and-usability,Badge number,ਬੈਜ ਨੰਬਰ,47fac07a03dfec1ce3f1fb5c0cda1537482cdb2ca2958ea61861c3089204dd21,4c144e15c3de3d431c2dd295827fac5858deed42daa0a63c8458b3c4816c327a,draft,,,,
pa,intake.fields.offenceSection,language-and-usability,Section,ਧਾਰਾ,dfca5da56b8cdb627309e2aa5a45e17b0e3e3e09e729209216b4fb0684ad8bae,48180c0c678ccb9d87648663e48676a36f5f35fdd7c53a2f5ff1d91fdbf5e6b1,draft,,,,
pa,intake.fields.offenceSubSection,language-and-usability,Subsection,ਉਪਧਾਰਾ,b2dc6cc49319261382a14bba1de1fef28aa704eafe953db3966b64150dd76975,977af1f0e40a95d499149fe902b81419648edef463ec2d27fbd39d993d8b7e91,draft,,,,
pa,intake.fields.offenceDescription,language-and-usability,Offence description,ਉਲੰਘਣਾ ਦਾ ਵੇਰਵਾ,38e13bd99e33af122c00017d85ca807b981cf414a233923de09e38de29792aa0,e8d30008a8954b06c412123e56edd959f0b8f803c21f4680539e3bd00dec4a20,draft,,,,
pa,intake.fields.fineAmount,language-and-usability,Fine amount,ਜੁਰਮਾਨੇ ਦੀ ਰਕਮ,319a81f308c50f9aa9ae07630f465e2bc6042b6f90952329af45b9de082627ff,004a197af55e8a757b45d3ed4fbc951e54b1ca041e962133dbd89bbdcc7df955,draft,,,,
pa,intake.fields.courtDate,language-and-usability,"Court date, if scheduled","ਅਦਾਲਤ ਦੀ ਮਿਤੀ, ਜੇ ਨਿਰਧਾਰਤ ਹੈ",7f1b94e6293d5d66b804a2fea0c2663113ec8af24ab509b32effc04a6c300a44,621ab67c8c3101ff4fcd4e907ccbdd4341ae8424f27e550dc8a5b3acab2e50b9,draft,,,,
pa,intake.fields.courtJurisdiction,language-and-usability,Court location,ਅਦਾਲਤ ਦਾ ਸਥਾਨ,6f3997bb1a9d1d6bcc648fca4fc9fe18d0b8e5daa1d82ad9bb91d314a901a8a7,dd6dd119b00c1dff1faf062fff76639be6a15e6f772a2c015764455177925f41,draft,,,,
pa,intake.fields.ticketImage,language-and-usability,Upload your ticket,ਆਪਣਾ ਟਿਕਟ ਅੱਪਲੋਡ ਕਰੋ,eff0e03db5d358970b2e3dc119efdb8250d4e70444b01f2437772a21931739d5,e126bee96b8c513032ce80bcd7ae52efcaaeeff2007d638a5af34a92967a5ee9,draft,,,,
pa,intake.fields.vehicleSeized,language-and-usability,Was your vehicle seized?,ਕੀ ਤੁਹਾਡਾ ਵਾਹਨ ਜ਼ਬਤ ਕੀਤਾ ਗਿਆ ਸੀ?,fd8c61c2d2890995e17d9cf09814825dfb8c292940e5a372ce25729dd443e1ab,97b9f02ffdd15b99647cdc5ac78432805a12e5123786386acea58f771676dbe7,draft,,,,
pa,intake.fields.pleaType,language-and-usability,Your position on the ticket,ਟਿਕਟ ਬਾਰੇ ਤੁਹਾਡਾ ਪੱਖ,20263844dc014587b3501df7f368b32a83b4018c2052fe16da2a4e13092e8442,f81d8ea9e925fcc9b2c5c2e9bc3f2b3a095fca38044bf83482009b49e6fc566c,draft,,,,
pa,intake.fields.explanation,language-and-usability,Your account of what happened,ਕੀ ਹੋਇਆ ਸੀ — ਤੁਹਾਡਾ ਬਿਆਨ,660713dc8e71dfe66284d3a7365ae0b172454585ea0fc7b1312e2f8905d23302,245e009d811a126580c140389fd0f8f2f15fd96350bd74d200802741d293acd4,draft,,,,
pa,intake.fields.circumstances,language-and-usability,Other relevant circumstances,ਹੋਰ ਸੰਬੰਧਿਤ ਹਾਲਾਤ,55cc1be2e9b57fb5abdfaf4fc367c48069b7aaf33b3a3aab1355aa4f49e0bc3a,64b033a3e0fc065a37fe10ca63b9ced4bd7a6bb78b0ab138bf4dfe7cb6173906,draft,,,,
pa,intake.fields.witnesses,language-and-usability,Are there witnesses?,ਕੀ ਕੋਈ ਗਵਾਹ ਹਨ?,31212056af5a538b299814827e1fd4a47621a952be38bcee6d1b36995c142bbc,57ea6667532128541ea0019debd66a315af8c4c5bb9cffd9c696abf4e8c6e186,draft,,,,
pa,intake.fields.witnessDetails,language-and-usability,Witness details,ਗਵਾਹਾਂ ਦੇ ਵੇਰਵੇ,13ef6a4023c2df9fe1b1e7238c0d0903102fce9772d44a275c77579cb8b61733,24656412bba3170d21407d45d94e5a4bc11bb632fc2f171fdd13e8170a3b0dea,draft,,,,
pa,intake.fields.evidence,language-and-usability,Do you have additional evidence?,ਕੀ ਤੁਹਾਡੇ ਕੋਲ ਹੋਰ ਸਬੂਤ ਹਨ?,3f215053acf6bd460ec9a42d1a814bbeaeaaa1e88081369488459cbcbacc1601,a368452838cbfc8d480923b9efd9403f09f88c39c31bff73deaa34631557bce4,draft,,,,
pa,intake.fields.evidenceDetails,language-and-usability,Evidence details,ਸਬੂਤਾਂ ਦੇ ਵੇਰਵੇ,feb7d9dd3db683c01ac5379e4d60940db131271540ffa497af32c51c6ab72f46,37033e7ddd913c97cefc79845c09740db5d9d6483642cf22f3dc3c2f9bd99b69,draft,,,,
pa,intake.fields.priorTickets,language-and-usability,Previous tickets,ਪਿਛਲੇ ਟਿਕਟ,e8e17ca1038c6a9f0c4c372eaa84b6d7c6f33bd9a399c81fd0991494f640563d,423e93f34d9c65d1fdfe001a8e79444f74c1e54afd0a489702fc94549bac2dba,draft,,,,
pa,intake.fields.insuranceCompany,language-and-usability,Insurance company,ਬੀਮਾ ਕੰਪਨੀ,74a674f9bd2c7d69bec1ea58e6c17086dd80a3daf50d7da9d0fcc3d3e62752aa,0339d2acd92c749199e88844640a3331ad0ed140b31b07d580a7c46108ed6473,draft,,,,
pa,intake.fields.vehicleDetails,language-and-usability,Vehicle details,ਵਾਹਨ ਦੇ ਵੇਰਵੇ,c4a848179b5905c630a264ee8f81f5fa1e69cf04a5d13ef36d7b6977391af77a,b429e21d8f6221292f4d321467ef5c5ffd7e7028d9a940d8bc36edcd2316108d,draft,,,,
pa,intake.fields.additionalNotes,language-and-usability,Additional notes,ਹੋਰ ਨੋਟ,5871e1abaa639712e7e0107d9d5f6b14793cbd1c696b14f3eb6cc22be96cbd29,f8acfb20875d1a504b178342ba1097a04d1889dab4e0fe0dc23d998a2f8f5cc9,draft,,,,
pa,intake.fields.preferredLanguage,language-and-usability,Preferred written language,ਲਿਖਤੀ ਸੰਚਾਰ ਲਈ ਪਸੰਦੀਦਾ ਭਾਸ਼ਾ,19a143b46379d7d132cc69d0bc9d26938f5324c6c871aa5dd2615a20e2d15f89,a752755debe1755d23fdadc055dfc9bcfa4886ebb7c31c95dc421d2be4719b12,draft,,,,
pa,intake.fields.digitalSignature,language-and-usability,Digital signature: type your full legal name,ਡਿਜ਼ਿਟਲ ਦਸਤਖ਼ਤ: ਆਪਣਾ ਪੂਰਾ ਕਾਨੂੰਨੀ ਨਾਮ ਲਿਖੋ,cb72c11a93258cbd5798c4b5cb8806f213dcab63b6f575589e35f9043c6e60a0,92de73eb41145433a096511d71b20f21a4f0bf4b695c99c6c06e1d5a8de17a20,draft,,,,
pa,intake.validation.required,language-and-usability,Complete this required field.,ਇਹ ਲਾਜ਼ਮੀ ਖੇਤਰ ਭਰੋ।,c87f8ba5fa65dcdabe6111e13c857ee4c54038ecf14d3ed3bef856c6eaaeb919,354b2dc7beae17508167ffdc8b6603bb144a1c1ad2282eae0f8a68dc7ea355f0,draft,,,,
pa,intake.validation.email,language-and-usability,Enter a valid email address.,ਸਹੀ ਈਮੇਲ ਪਤਾ ਭਰੋ।,8a966af884a06484aad2032a003c8bb514b24890ef0e2e917a8e0a4df0858def,e5e1715a8eb3cef920e8835a83aed3ef8231100aac75bb39a86dc8c4b90408c4,draft,,,,
pa,intake.validation.phone,language-and-usability,Enter a valid phone number.,ਸਹੀ ਫੋਨ ਨੰਬਰ ਭਰੋ।,90eeb8ff8c3a02124a44cfff39e4057d677b1ce7df90355b2ef8a4cfd141c972,739c0b1d77fb7c0d6fd84fc939ef9d1d10df8741d565f35fb5bb3520549d0955,draft,,,,
pa,intake.validation.date,language-and-usability,Enter a valid date.,ਸਹੀ ਮਿਤੀ ਭਰੋ।,2102f47f88cd1261dd3e241b122f6c10ead63f172ed8410ca9a4b82ced0ad27b,052f954295501f0b30340aafd361b95c153a4bbb572ea4b2897029e6a8491cd7,draft,,,,
pa,intake.validation.amount,language-and-usability,Enter a valid fine amount.,ਜੁਰਮਾਨੇ ਦੀ ਸਹੀ ਰਕਮ ਭਰੋ।,f53b059015a1ecf51c630a781476e04fda8e006a21528725d150cf54936503a7,f14f439e354fffd51994b93ed3a2cb95dc741848d611a03441b3014603431e45,draft,,,,
pa,intake.validation.ticketImage,language-and-usability,Upload a readable image of your ticket.,ਆਪਣੇ ਟਿਕਟ ਦੀ ਪੜ੍ਹਨਯੋਗ ਤਸਵੀਰ ਅੱਪਲੋਡ ਕਰੋ।,cbab99efafa989eef75848f0aa27eb1113669e68ae689c42e3f47fa7f4a65eef,074162df0b7b2ffd3bcb321d27a6673c07596a0d527873d025a27fcabbd0c0d5,draft,,,,
pa,intake.validation.signature,language-and-usability,Type your full legal name to sign.,ਦਸਤਖ਼ਤ ਕਰਨ ਲਈ ਆਪਣਾ ਪੂਰਾ ਕਾਨੂੰਨੀ ਨਾਮ ਲਿਖੋ।,8dfef8bbad08c50a13d5764ece818bc41c1c03c0056d61395ec90cfedd370752,1585a6cbe8fd25c51aa57c52ac623f2d8a43a25d6e4b74c16d88307053c3189e,draft,,,,
pa,intake.validation.consent,language-and-usability,Read and accept the authorization before continuing.,ਅੱਗੇ ਵਧਣ ਤੋਂ ਪਹਿਲਾਂ ਅਧਿਕਾਰ ਪੱਤਰ ਪੜ੍ਹੋ ਅਤੇ ਸਵੀਕਾਰ ਕਰੋ।,64992837e3cbb842a96069e90d5afcf1c30e0de8f3dc102e4b47e22669e44d80,0dea25c51725a73b6e48b3bbdce9805d4ac6ed35cc08b54b0b66c73d24c8c91c,draft,,,,
pa,intake.validation.terms,language-and-usability,Accept the Terms of Service and Privacy Policy before payment.,ਭੁਗਤਾਨ ਤੋਂ ਪਹਿਲਾਂ ਸੇਵਾ ਦੀਆਂ ਸ਼ਰਤਾਂ ਅਤੇ ਗੋਪਨੀਯਤਾ ਨੀਤੀ ਸਵੀਕਾਰ ਕਰੋ।,6be1bb8ed081551458613c3b21a70c4dc6d0d2284b02796dd791657c26846ec9,6cccef7e06ef7d697dffd7ce0eb97214c24d8f83ac57febb7040c2764b9d4c5c,draft,,,,
pa,intake.validation.submit,language-and-usability,We could not submit your details. Please try again.,ਤੁਹਾਡੇ ਵੇਰਵੇ ਜਮ੍ਹਾਂ ਨਹੀਂ ਹੋ ਸਕੇ। ਦੁਬਾਰਾ ਕੋਸ਼ਿਸ਼ ਕਰੋ।,1ea4214151d8b0d47d2e2455f1fc32d3a9b89392678aed48cba4e132f825d07d,da0b1daf6cfa5061cf61295f53a48461ace68e123b56cbbd6fd209b22afb5fa3,draft,,,,
pa,intake.validation.scanReview,language-and-usability,Check the extracted details and correct any mistakes.,ਪੜ੍ਹੇ ਗਏ ਵੇਰਵਿਆਂ ਦੀ ਜਾਂਚ ਕਰੋ ਅਤੇ ਗਲਤੀਆਂ ਠੀਕ ਕਰੋ।,aa29d7896884f145e3532e13b8706a1ca7dfa90b3db5ce24498c0cf7b40ef0e7,6284be83c6489436077daede1e4137975b41294e74524f93d84e39d276fba9ca,draft,,,,
pa,intake.validation.scanFailed,language-and-usability,We could not read this document. Enter the details manually.,ਅਸੀਂ ਇਹ ਦਸਤਾਵੇਜ਼ ਨਹੀਂ ਪੜ੍ਹ ਸਕੇ। ਵੇਰਵੇ ਆਪਣੇ ਆਪ ਭਰੋ।,c9207721ea3aa80ed6d603c0943b3e83a3ea1cfee62976d46c0333478e7ddfc8,aa661cf1ecad59fc12a08e4c86abb777d15435e6761f5d757cb53f577aa88b9b,draft,,,,
pa,intake.validation.fileFormat,language-and-usability,"Choose a PDF, JPG, PNG, WebP, HEIC or HEIF file no larger than 10 MB.","PDF, JPG, PNG, WebP, HEIC ਜਾਂ HEIF ਫਾਈਲ ਚੁਣੋ ਜਿਸਦਾ ਆਕਾਰ 10 MB ਤੋਂ ਵੱਧ ਨਾ ਹੋਵੇ।",55a8fe3740ea49d7c0984eb5ca2e232c87823187c7d79e0b5501211edf2a1a4d,fb86fdbe8d82596b89eb3bdad2dbe1598b8b77cb89404736acad7c3f99f8000c,draft,,,,
pa,intake.validation.consentCharacter,language-and-usability,"We could not create a readable consent document from one or more characters. Contact Fabsy before paying, and keep your original name and details unchanged.",ਇੱਕ ਜਾਂ ਵੱਧ ਅੱਖਰਾਂ ਕਾਰਨ ਅਸੀਂ ਪੜ੍ਹਨਯੋਗ ਸਹਿਮਤੀ ਦਸਤਾਵੇਜ਼ ਨਹੀਂ ਬਣਾ ਸਕੇ। ਭੁਗਤਾਨ ਤੋਂ ਪਹਿਲਾਂ Fabsy ਨਾਲ ਸੰਪਰਕ ਕਰੋ ਅਤੇ ਆਪਣਾ ਅਸਲ ਨਾਮ ਤੇ ਵੇਰਵੇ ਬਿਨਾਂ ਬਦਲੇ ਰੱਖੋ।,0912a89086b65918f080acbf74cae4d1dcc19184a3094420ac470d13d26dfa03,a6a54073f094125ed1456c58da27e3b9494520d02b3fd3fa50530ad78374a16c,draft,,,,
pa,intake.validation.length,language-and-usability,This entry is too long for this form. Contact Fabsy if you need to keep the full text.,ਇਹ ਲਿਖਤ ਇਸ ਫਾਰਮ ਲਈ ਬਹੁਤ ਲੰਬੀ ਹੈ। ਜੇ ਤੁਹਾਨੂੰ ਪੂਰਾ ਪਾਠ ਰੱਖਣਾ ਲੋੜੀਂਦਾ ਹੈ ਤਾਂ Fabsy ਨਾਲ ਸੰਪਰਕ ਕਰੋ।,4ff0e8bf7eaffbd31881ac3310bce4f31694d2d5db4d645717d0739abc826ecc,f0e51ddfa194de82734f4c9c5577986796d53ee7a5d29bd62b659315d1019908,draft,,,,
pa,intake.consent.title,legal-adjacent,Digital authorization for Rapid Resolution,Rapid Resolution ਲਈ ਡਿਜ਼ਿਟਲ ਅਧਿਕਾਰ,f0ee4c044fcc5a96fe09de7b7eb0618575cb6e84f5b435b702e0290b2219a6fe,141a4e2bcd7f32c5f8c9031f4dceaa02c58adef076d85ca00740b73e3c348077,draft,,,,
pa,intake.consent.scope,legal-adjacent,"I authorize Fabsy and its agents, where permitted, to request, receive and review disclosure; use the Traffic Tickets Digital Service; communicate with the court, prosecutor and relevant government offices; prepare and submit a fact-specific prosecutor-review request based on my instructions and record; and explain any Crown response, charge, fine and demerit consequences.","ਮੈਂ Fabsy ਅਤੇ ਇਸਦੇ ਪ੍ਰਤੀਨਿਧੀਆਂ ਨੂੰ, ਜਿੱਥੇ ਆਗਿਆ ਹੋਵੇ, ਡਿਸਕਲੋਜ਼ਰ ਮੰਗਣ, ਪ੍ਰਾਪਤ ਕਰਨ ਅਤੇ ਸਮੀਖਿਆ ਕਰਨ; Traffic Tickets Digital Service ਵਰਤਣ; ਅਦਾਲਤ, ਸਰਕਾਰੀ ਵਕੀਲ ਅਤੇ ਸੰਬੰਧਿਤ ਸਰਕਾਰੀ ਦਫ਼ਤਰਾਂ ਨਾਲ ਸੰਚਾਰ ਕਰਨ; ਮੇਰੇ ਨਿਰਦੇਸ਼ਾਂ ਅਤੇ ਰਿਕਾਰਡ ਅਨੁਸਾਰ ਤੱਥ-ਆਧਾਰਿਤ ਸਮੀਖਿਆ ਬੇਨਤੀ ਤਿਆਰ ਅਤੇ ਜਮ੍ਹਾਂ ਕਰਨ; ਅਤੇ ਸਰਕਾਰੀ ਵਕੀਲ ਦੇ ਜਵਾਬ, ਦੋਸ਼, ਜੁਰਮਾਨੇ ਅਤੇ ਡੀਮੈਰਿਟ ਨਤੀਜੇ ਸਮਝਾਉਣ ਦਾ ਅਧਿਕਾਰ ਦਿੰਦਾ/ਦਿੰਦੀ ਹਾਂ।",1202c0fd0ddb5b3ac55f7276c4ffeb1108e8c78b5a8588ee8e826204b6e988ae,6c66d726a71cda6e0812594e140f1db0fe769715bfee1ff36fef2bfc13b337fa,draft,,,,
pa,intake.consent.approval,legal-adjacent,Fabsy may take a final resolution step only after my express case-specific instruction. This authorization does not permit automatic acceptance of a Crown offer or a guilty plea.,Fabsy ਅੰਤਿਮ ਨਿਪਟਾਰੇ ਦਾ ਕਦਮ ਸਿਰਫ਼ ਮੇਰੇ ਇਸ ਮਾਮਲੇ ਲਈ ਸਪਸ਼ਟ ਨਿਰਦੇਸ਼ ਤੋਂ ਬਾਅਦ ਲੈ ਸਕਦੀ ਹੈ। ਇਹ ਅਧਿਕਾਰ ਸਰਕਾਰੀ ਵਕੀਲ ਦੀ ਪੇਸ਼ਕਸ਼ ਆਪਣੇ ਆਪ ਸਵੀਕਾਰ ਕਰਨ ਜਾਂ ਦੋਸ਼ ਕਬੂਲ ਕਰਨ ਦੀ ਪਲੀ ਦੀ ਆਗਿਆ ਨਹੀਂ ਦਿੰਦਾ।,2ecf63ee79415741a6a57dbc262dcb9392f63c4c92a13288d4e540edca0d8c70,bdf258c7e098b846cb74b7b52ce787993d00617309525b98e106ea3cd919d551,draft,,,,
pa,intake.consent.exclusions,legal-adjacent,"Contested trials, appeals, reopenings, Immediate Roadside Sanctions and Notices of Administrative Penalty are excluded. Trial work requires a separate agreement and fee. A prescribed Government of Alberta consent form may also be required.","ਵਿਵਾਦਿਤ ਟਰਾਇਲ, ਅਪੀਲਾਂ, ਮਾਮਲੇ ਮੁੜ ਖੋਲ੍ਹਣਾ, Immediate Roadside Sanctions ਅਤੇ Notices of Administrative Penalty ਸ਼ਾਮਲ ਨਹੀਂ ਹਨ। ਟਰਾਇਲ ਦੇ ਕੰਮ ਲਈ ਵੱਖਰਾ ਸਮਝੌਤਾ ਅਤੇ ਫੀਸ ਲਾਜ਼ਮੀ ਹੈ। ਅਲਬਰਟਾ ਸਰਕਾਰ ਦਾ ਨਿਰਧਾਰਤ ਸਹਿਮਤੀ ਫਾਰਮ ਵੀ ਲੋੜੀਂਦਾ ਹੋ ਸਕਦਾ ਹੈ।",38fc50f62258406a9979f9f8bcfa3ce35117a6528468eb275b8547c7da5b2432,776b4ce72b5f9d6497c4c12e417eaa4a60cadc3a911f21d80246bd8d5273b2ee,draft,,,,
pa,intake.consent.fee,legal-adjacent,"I voluntarily retain Fabsy for the limited pre-trial service at {{price}} CAD plus applicable GST. Government fines and excluded work are separate. I understand the scope, the 48-hour condition and that no result is promised.","ਮੈਂ ਆਪਣੀ ਮਰਜ਼ੀ ਨਾਲ Fabsy ਦੀ ਸੀਮਤ ਟਰਾਇਲ-ਪੂਰਵ ਸੇਵਾ {{price}} CAD ਅਤੇ ਲਾਗੂ GST ਵੱਖਰੇ 'ਤੇ ਲੈਂਦਾ/ਲੈਂਦੀ ਹਾਂ। ਸਰਕਾਰੀ ਜੁਰਮਾਨੇ ਅਤੇ ਬਾਹਰ ਰੱਖਿਆ ਕੰਮ ਵੱਖਰੇ ਹਨ। ਮੈਂ ਦਾਇਰਾ, 48 ਘੰਟਿਆਂ ਦੀ ਸ਼ਰਤ ਅਤੇ ਕਿਸੇ ਨਤੀਜੇ ਦਾ ਵਾਅਦਾ ਨਾ ਹੋਣਾ ਸਮਝਦਾ/ਸਮਝਦੀ ਹਾਂ।",fec627441a81201a3cb16c94ef7afd437001637e227ff1aa652ce85589633020,c88f5c038a6e671a6f3f28ec2d4b87cf587e7756a93c7a9219eed9b03624ce28,draft,,,,
pa,intake.consent.data,legal-adjacent,"I consent to collection and processing of my information to deliver the service, technology-assisted document extraction and analysis with qualified review, secure record storage, communications about my case by email, phone and text and necessary sharing with courts and authorities. I will provide accurate, complete information. I may request access or withdraw data consent by contacting privacy@fabsy.ca.","ਮੈਂ ਸੇਵਾ ਲਈ ਆਪਣੀ ਜਾਣਕਾਰੀ ਇਕੱਠੀ ਅਤੇ ਪ੍ਰਕਿਰਿਆ ਕਰਨ, ਯੋਗ ਸਮੀਖਿਆ ਨਾਲ ਤਕਨਾਲੋਜੀ-ਸਹਾਇਕ ਦਸਤਾਵੇਜ਼ ਪੜ੍ਹਨ ਅਤੇ ਵਿਸ਼ਲੇਸ਼ਣ, ਸੁਰੱਖਿਅਤ ਰਿਕਾਰਡ ਸਟੋਰੇਜ, ਮੇਰੇ ਮਾਮਲੇ ਬਾਰੇ ਈਮੇਲ, ਫੋਨ ਅਤੇ ਟੈਕਸਟ ਸੁਨੇਹਿਆਂ ਰਾਹੀਂ ਸੰਚਾਰ ਅਤੇ ਅਦਾਲਤਾਂ ਤੇ ਅਧਿਕਾਰੀਆਂ ਨਾਲ ਲੋੜੀਂਦੀ ਸਾਂਝ ਲਈ ਸਹਿਮਤੀ ਦਿੰਦਾ/ਦਿੰਦੀ ਹਾਂ। ਮੈਂ ਸਹੀ ਅਤੇ ਪੂਰੀ ਜਾਣਕਾਰੀ ਦਿਆਂਗਾ/ਦਿਆਂਗੀ। privacy@fabsy.ca ਨਾਲ ਸੰਪਰਕ ਕਰਕੇ ਮੈਂ ਜਾਣਕਾਰੀ ਤੱਕ ਪਹੁੰਚ ਮੰਗ ਸਕਦਾ/ਸਕਦੀ ਹਾਂ ਜਾਂ ਡਾਟਾ ਸਹਿਮਤੀ ਵਾਪਸ ਲੈ ਸਕਦਾ/ਸਕਦੀ ਹਾਂ।",b2dbaeecfd372235b431fbdf407bb74f7b72b4e3c70a282e7b27bdee4a23850e,de567bdecdecb23119512e492b0413d9c6316fc2177dfa2d79f16b8572f4b23a,draft,,,,
pa,intake.consent.withdrawal,legal-adjacent,I may withdraw this authorization by written notice. Otherwise it remains valid until the matter is resolved or withdrawn. Withdrawal does not automatically cancel fees for work already performed.,ਮੈਂ ਲਿਖਤੀ ਨੋਟਿਸ ਦੇ ਕੇ ਇਹ ਅਧਿਕਾਰ ਵਾਪਸ ਲੈ ਸਕਦਾ/ਸਕਦੀ ਹਾਂ। ਨਹੀਂ ਤਾਂ ਇਹ ਮਾਮਲਾ ਨਿਪਟਣ ਜਾਂ ਵਾਪਸ ਲਏ ਜਾਣ ਤੱਕ ਲਾਗੂ ਰਹੇਗਾ। ਵਾਪਸ ਲੈਣ ਨਾਲ ਪਹਿਲਾਂ ਕੀਤੇ ਕੰਮ ਦੀਆਂ ਫੀਸਾਂ ਆਪਣੇ ਆਪ ਰੱਦ ਨਹੀਂ ਹੁੰਦੀਆਂ।,cc52b38b01e587d99204841cb457093134e48e9c800a46ef7f7f81cb8eb4b69c,77e2c7accc25dc02c03364d4ef776e99aa10835131d1fe7ee50b01b9af07c4f0,draft,,,,
pa,intake.consent.confirm,legal-adjacent,I am the person named above and am authorized to enter this agreement. I have read and understood this authorization and agree to the limited service. My digital signature has the same legal effect as a handwritten signature.,ਮੈਂ ਉਹ ਵਿਅਕਤੀ ਹਾਂ ਜਿਸਦਾ ਨਾਮ ਉੱਪਰ ਦਿੱਤਾ ਹੈ। ਮੈਨੂੰ ਇਹ ਸਮਝੌਤਾ ਕਰਨ ਦਾ ਅਧਿਕਾਰ ਹੈ। ਮੈਂ ਇਹ ਅਧਿਕਾਰ ਪੱਤਰ ਪੜ੍ਹਿਆ ਅਤੇ ਸਮਝਿਆ ਹੈ ਅਤੇ ਸੀਮਤ ਸੇਵਾ ਨਾਲ ਸਹਿਮਤ ਹਾਂ। ਮੇਰੇ ਡਿਜ਼ਿਟਲ ਦਸਤਖ਼ਤਾਂ ਦਾ ਕਾਨੂੰਨੀ ਪ੍ਰਭਾਵ ਹੱਥ ਨਾਲ ਕੀਤੇ ਦਸਤਖ਼ਤਾਂ ਦੇ ਬਰਾਬਰ ਹੈ।,2a3806e043e60b690bd438ad4068c0d0878a5a78d6adcfaa5384f489ee565f80,96b2b95c7c35018446afed1f3cb13a2a47f1ff004c7b86576fe4498750a61240,draft,,,,
pa,intake.review.title,language-and-usability,Review your details,ਆਪਣੇ ਵੇਰਵਿਆਂ ਦੀ ਸਮੀਖਿਆ ਕਰੋ,66b425144eb3f3dab95d612792e47d5b26a6a20366e4dd6be73424d791e9849d,60d64d12b111a81bff1647340abed66dac5a7537fcc78de7e994c265d757d524,draft,,,,
pa,intake.review.description,language-and-usability,"Check your ticket, contact information and authorization before continuing to secure payment.","ਸੁਰੱਖਿਅਤ ਭੁਗਤਾਨ ਲਈ ਅੱਗੇ ਵਧਣ ਤੋਂ ਪਹਿਲਾਂ ਆਪਣਾ ਟਿਕਟ, ਸੰਪਰਕ ਜਾਣਕਾਰੀ ਅਤੇ ਅਧਿਕਾਰ ਜਾਂਚੋ।",9a4027e80e369feef378021b2ba9d493756a50d169641ad3836a949510e9e56f,083e14ad28f0efa526e8aaea7f080bef1548ff988ccd3c9768670ae59100dad6,draft,,,,
pa,intake.review.edit,language-and-usability,Edit details,ਵੇਰਵੇ ਸੋਧੋ,fd9c61ac500e51185a5844b7f373df989d56c8e19246f3a34700aadc853e93b2,8a20a9c6554d0c8ed34cd6ab456d7d6c496f372795df113dec561d3240490bb2,draft,,,,
pa,intake.review.languageNote,legal-adjacent,"Your original written account must be kept with any English translation for review. Do not change names, dates or ticket numbers when translating.","ਸਮੀਖਿਆ ਲਈ ਤੁਹਾਡਾ ਮੂਲ ਲਿਖਤੀ ਬਿਆਨ ਕਿਸੇ ਵੀ ਅੰਗਰੇਜ਼ੀ ਅਨੁਵਾਦ ਨਾਲ ਰੱਖਿਆ ਜਾਣਾ ਚਾਹੀਦਾ ਹੈ। ਅਨੁਵਾਦ ਕਰਦੇ ਸਮੇਂ ਨਾਮ, ਤਾਰੀਖਾਂ ਜਾਂ ਟਿਕਟ ਨੰਬਰ ਨਾ ਬਦਲੋ।",0231f65bd7e507dac8cfbb533f22f69707b4d657a38fd94bd70627b954bf5939,22427fe2cfac0ec7ae1578dd8640ba5711c499003f738341b001d0acd59074b9,draft,,,,
pa,intake.scanTicket,language-and-usability,Read details from the ticket,ਟਿਕਟ ਤੋਂ ਵੇਰਵੇ ਪੜ੍ਹੋ,08e18be2fc56346667d4b424e1db8ab3f7fcc079353293a764f79fadd1cb8b57,74872df5e18487acd7274315eb1f14075a10bfcee02812df21c6c049b2efa865,draft,,,,
pa,checkout.title,legal-adjacent,Rapid Resolution checkout,Rapid Resolution ਦਾ ਭੁਗਤਾਨ,5b0cd954ae99a3454cf067a0f42019e539b56c44cb212f8915acb1dfd24a9d34,242a5d1bcbf2cb7ae49dbb2f043c3963cafd6e7673e7f4e2dfec82ffb1e72c7e,draft,,,,
pa,checkout.service,legal-adjacent,Service,ਸੇਵਾ,d677190e0a9990e7d5fa9e4c1bbde44271fb8959c4acb6d43e02ed991128b4bf,7b7db2df704c8a87364d7920bfaa0e8184e94f9df89741320078b6c87dbd54d4,draft,,,,
pa,checkout.subtotal,legal-adjacent,Subtotal,ਉਪ-ਕੁੱਲ,8c0f2cb34079ede4634166168f5a77303f49b9dd7f60607ba9c8793cc397c0b7,008ab250765402537ae577c93388ec106373a1da7a8d951280b800aa781fb308,draft,,,,
pa,checkout.gst,legal-adjacent,Applicable GST,ਲਾਗੂ GST,e30a5f8704c94d87e904ca56c807ae07b4e2dcb7568546d6aee87b1ee9f5bf9e,f9fb50d3f04e9e8aa74f0b98fcf2e4e203cad06a571f7ccce7323cf183d3798a,draft,,,,
pa,checkout.total,legal-adjacent,Total,ਕੁੱਲ,c9b3c38247f744e17dd26fda097d6a9ba9332586b6bdaa038bf8f313a863f2b8,38b5bda766f7d5e52fa05c0826a8c3bad7a7597519e77542d163475e1784e859,draft,,,,
pa,checkout.pay,legal-adjacent,Continue to secure payment,ਸੁਰੱਖਿਅਤ ਭੁਗਤਾਨ ਲਈ ਅੱਗੇ ਵਧੋ,3be16c5137c2af58aeba28345f78f3591d20bf1cf14759682e034ed61b0a3c11,96fdbf122081d66eeb5594253e2b1b03c1432b210bd7bb40d36c58105b3a2459,draft,,,,
pa,checkout.processing,legal-adjacent,Opening secure checkout…,ਸੁਰੱਖਿਅਤ ਭੁਗਤਾਨ ਪੰਨਾ ਖੁੱਲ੍ਹ ਰਿਹਾ ਹੈ…,8d15b0fbf84af9300248813d13bff12a4b9239d3f577b80c4d877737f630caa3,4cf5ca98078c10acdef554485c26afc060071405d829f5d88fb91776dd140648,draft,,,,
pa,checkout.paymentFailed,legal-adjacent,Secure checkout is unavailable. Please try again.,ਸੁਰੱਖਿਅਤ ਭੁਗਤਾਨ ਇਸ ਵੇਲੇ ਉਪਲਬਧ ਨਹੀਂ ਹੈ। ਦੁਬਾਰਾ ਕੋਸ਼ਿਸ਼ ਕਰੋ।,8927b21e3b94e4e0877f8ede511182519d310e359a7e8cb41f808b53fe9e4b0e,8680b5290cd06ab38d18252dd4e55452e3cf7eb4924b4cbe665b59a9f398c19b,draft,,,,
pa,checkout.scope,legal-adjacent,"{{price}} CAD plus applicable GST for eligible pre-trial matters. The full subtotal and tax are shown by Stripe before payment. Fines, trial representation and excluded services are separate.","ਯੋਗ ਟਰਾਇਲ-ਪੂਰਵ ਮਾਮਲਿਆਂ ਲਈ {{price}} CAD ਅਤੇ ਲਾਗੂ GST ਵੱਖਰਾ। Stripe ਭੁਗਤਾਨ ਤੋਂ ਪਹਿਲਾਂ ਪੂਰਾ ਉਪ-ਕੁੱਲ ਅਤੇ ਟੈਕਸ ਦਿਖਾਉਂਦਾ ਹੈ। ਜੁਰਮਾਨੇ, ਟਰਾਇਲ ਵਿੱਚ ਪ੍ਰਤੀਨਿਧਤਾ ਅਤੇ ਬਾਹਰ ਰੱਖੀਆਂ ਸੇਵਾਵਾਂ ਵੱਖਰੀਆਂ ਹਨ।",f530b81a65b98750914aabacb427b0f8df9fef72e02f7d0590fad1298e2c7bca,9dbcfdaa599838be3450bac2ede3a10c66b30fce434a944c04adf59cc8fb2a82,draft,,,,
pa,checkout.termsAcceptance,legal-adjacent,"I have read and agree to the English Terms of Purchase, Terms of Service and Privacy Policy. The English terms control. Payment does not authorize automatic acceptance of an offer.","ਮੈਂ ਅੰਗਰੇਜ਼ੀ ਖਰੀਦ ਦੀਆਂ ਸ਼ਰਤਾਂ, ਸੇਵਾ ਦੀਆਂ ਸ਼ਰਤਾਂ ਅਤੇ ਗੋਪਨੀਯਤਾ ਨੀਤੀ ਪੜ੍ਹੀਆਂ ਹਨ ਅਤੇ ਉਨ੍ਹਾਂ ਨਾਲ ਸਹਿਮਤ ਹਾਂ। ਅੰਗਰੇਜ਼ੀ ਸ਼ਰਤਾਂ ਲਾਗੂ ਹੋਣਗੀਆਂ। ਭੁਗਤਾਨ ਕਿਸੇ ਪੇਸ਼ਕਸ਼ ਨੂੰ ਆਪਣੇ ਆਪ ਸਵੀਕਾਰ ਕਰਨ ਦਾ ਅਧਿਕਾਰ ਨਹੀਂ ਦਿੰਦਾ।",5461e54162c8fe969787fb762a8e7e98b878ee77a7255edea8f1f89c56fde771,5b08e193d26592d2108b138252450d0f805e92184c1b6c5467a765aef31f70c7,draft,,,,
pa,terms.metaTitle,legal-adjacent,Terms of Service | Fabsy,ਸੇਵਾ ਦੀਆਂ ਸ਼ਰਤਾਂ | Fabsy,fad1699d34bbc659429acd94d1df3e0c1eba156eba6861e97f6115f3fc038dfe,638bfc1a5da3445b9f8e7d3229a009da16a95037ecdab79df386137cf2d3861c,draft,,,,
pa,terms.title,legal-adjacent,Terms of Service,ਸੇਵਾ ਦੀਆਂ ਸ਼ਰਤਾਂ,4afa55bf7aec7ddc5dfb904271f881be278e7629ce258675bf4b62f460017abb,4d75af0fd26dc2108ebf639f8d6ebcba9b63c5576f0dd6963fc95ad60f55b726,draft,,,,
pa,terms.intro,legal-adjacent,Read these terms with the English Terms of Service before authorizing or purchasing a service. This localized presentation follows the current English service terms; it does not create a different service agreement.,ਸੇਵਾ ਦਾ ਅਧਿਕਾਰ ਦੇਣ ਜਾਂ ਖਰੀਦਣ ਤੋਂ ਪਹਿਲਾਂ ਇਹ ਸ਼ਰਤਾਂ ਅੰਗਰੇਜ਼ੀ ਸੇਵਾ ਦੀਆਂ ਸ਼ਰਤਾਂ ਨਾਲ ਪੜ੍ਹੋ। ਇਹ ਅਨੁਵਾਦਿਤ ਪੇਸ਼ਕਸ਼ ਮੌਜੂਦਾ ਅੰਗਰੇਜ਼ੀ ਸ਼ਰਤਾਂ ਅਨੁਸਾਰ ਹੈ; ਇਹ ਵੱਖਰਾ ਸੇਵਾ ਸਮਝੌਤਾ ਨਹੀਂ ਬਣਾਉਂਦੀ।,8dba9f80c3d7715d0a05b31263525d129195fe3d72e286fd88f9cb4d70cdc16c,b3f3a093a10447240abae774e1abb1d26002c18695f4f0bd55544b80687c2b51,draft,,,,
pa,terms.englishControls,legal-adjacent,The English Terms of Service control if a translation differs. Statutory rights are not limited. Ask for clarification before consenting if you do not understand a term.,ਅਨੁਵਾਦ ਵਿੱਚ ਫ਼ਰਕ ਹੋਣ 'ਤੇ ਅੰਗਰੇਜ਼ੀ ਸੇਵਾ ਦੀਆਂ ਸ਼ਰਤਾਂ ਲਾਗੂ ਹੋਣਗੀਆਂ। ਕਾਨੂੰਨ ਦੁਆਰਾ ਮਿਲੇ ਹੱਕ ਸੀਮਤ ਨਹੀਂ ਹੁੰਦੇ। ਕੋਈ ਸ਼ਰਤ ਸਮਝ ਨਾ ਆਵੇ ਤਾਂ ਸਹਿਮਤੀ ਤੋਂ ਪਹਿਲਾਂ ਸਪਸ਼ਟੀਕਰਨ ਮੰਗੋ।,b286dd322f20f189149053c4a0f1032e504650e268579d00ad73c2aec53bb49f,04a6ecf67d07fa4340f9c9944d82c1b7a43744aa98c1c37cd6ccf1d6d7d9ac9c,draft,,,,
pa,terms.sections.service.title,legal-adjacent,1. Service description,1. ਸੇਵਾ ਦਾ ਵੇਰਵਾ,ae3ed7912bd66abcfd3935478a3cab544ac3b36ec23ed770c329de1cb09629a5,a9fbf0b862b64703a2e4e004bc728ac029cff0e7282cf4b147d546b68c7b9bea,draft,,,,
pa,terms.sections.service.body,legal-adjacent,"Fabsy Traffic Ticket Services is an Alberta traffic ticket agent service, not a law firm. Paid services are Rapid Resolution for eligible pre-trial matters and the Insurance Impact & Renewal Planning Report. Work may include secure intake, eligibility and deadline review, digital authorization, disclosure requests and tracking, technology-assisted analysis with qualified review, authorized fact-specific prosecutor-review submissions, file notifications, Crown-response explanations and client-directed decisions. Optional reports use client records and approved public sources. Contested trials, appeals, reopenings, Immediate Roadside Sanctions, Notices of Administrative Penalty, government fines and work outside the permitted scope are excluded from Rapid Resolution.","Fabsy Traffic Ticket Services ਅਲਬਰਟਾ ਵਿੱਚ ਟ੍ਰੈਫਿਕ ਟਿਕਟਾਂ ਦੀ ਪ੍ਰਤੀਨਿਧੀ ਸੇਵਾ ਹੈ, ਲਾਅ ਫਰਮ ਨਹੀਂ। ਭੁਗਤਾਨ ਵਾਲੀਆਂ ਸੇਵਾਵਾਂ ਵਿੱਚ ਯੋਗ ਟਰਾਇਲ-ਪੂਰਵ ਮਾਮਲਿਆਂ ਲਈ Rapid Resolution ਅਤੇ Insurance Impact & Renewal Planning Report ਸ਼ਾਮਲ ਹਨ। ਕੰਮ ਵਿੱਚ ਸੁਰੱਖਿਅਤ ਵੇਰਵੇ ਲੈਣਾ, ਯੋਗਤਾ ਅਤੇ ਸਮਾਂ-ਸੀਮਾ ਦੀ ਸਮੀਖਿਆ, ਡਿਜ਼ਿਟਲ ਅਧਿਕਾਰ, ਡਿਸਕਲੋਜ਼ਰ ਦੀ ਬੇਨਤੀ ਅਤੇ ਨਿਗਰਾਨੀ, ਤਕਨਾਲੋਜੀ-ਸਹਾਇਕ ਵਿਸ਼ਲੇਸ਼ਣ ਅਤੇ ਯੋਗ ਸਮੀਖਿਆ, ਅਧਿਕਾਰਤ ਤੱਥ-ਆਧਾਰਿਤ ਸਰਕਾਰੀ ਵਕੀਲ ਸਮੀਖਿਆ ਅਰਜ਼ੀਆਂ, ਫਾਈਲ ਸੂਚਨਾਵਾਂ, ਸਰਕਾਰੀ ਵਕੀਲ ਦੇ ਜਵਾਬ ਦੀ ਵਿਆਖਿਆ ਅਤੇ ਗਾਹਕ ਦੇ ਨਿਰਦੇਸ਼ਾਂ ਅਨੁਸਾਰ ਫ਼ੈਸਲੇ ਹੋ ਸਕਦੇ ਹਨ। ਚੋਣਵੀਆਂ ਰਿਪੋਰਟਾਂ ਗਾਹਕ ਦੇ ਰਿਕਾਰਡ ਅਤੇ ਮਨਜ਼ੂਰ ਜਨਤਕ ਸਰੋਤ ਵਰਤਦੀਆਂ ਹਨ। ਵਿਵਾਦਿਤ ਟਰਾਇਲ, ਅਪੀਲਾਂ, ਮਾਮਲੇ ਮੁੜ ਖੋਲ੍ਹਣਾ, Immediate Roadside Sanctions, Notices of Administrative Penalty, ਸਰਕਾਰੀ ਜੁਰਮਾਨੇ ਅਤੇ ਆਗਿਆਸ਼ੁਦਾ ਦਾਇਰੇ ਤੋਂ ਬਾਹਰ ਦਾ ਕੰਮ Rapid Resolution ਵਿੱਚ ਸ਼ਾਮਲ ਨਹੀਂ ਹਨ।",80ab55d9fbbf0db6e47a90d9444fca1f0c50516895253436134648ee08c772f4,4982ac7839ad273788248233bf4c2d9505eb6cab33097065b043bae14f90dc36,draft,,,,
pa,terms.sections.practice.title,legal-adjacent,2. Limits on agent practice,2. ਪ੍ਰਤੀਨਿਧੀ ਸੇਵਾ ਦੀਆਂ ਹੱਦਾਂ,fa582796c619d20d79641252ea3b07bfc08ceaa6b2467852e6b806214e918573,cc6b5acd5f9110eac54b8fc07a65397dc2ab9d9b25fb5b2acaaa72ee9d30161c,draft,,,,
pa,terms.sections.practice.body,legal-adjacent,"Fabsy representatives do not provide legal advice or practise law, identify themselves as lawyers or Fabsy as a law firm, accept matters outside the permitted agent scope, or promise particular results.","Fabsy ਦੇ ਪ੍ਰਤੀਨਿਧੀ ਕਾਨੂੰਨੀ ਸਲਾਹ ਨਹੀਂ ਦਿੰਦੇ ਜਾਂ ਵਕਾਲਤ ਨਹੀਂ ਕਰਦੇ, ਆਪਣੇ ਆਪ ਨੂੰ ਵਕੀਲ ਜਾਂ Fabsy ਨੂੰ ਲਾਅ ਫਰਮ ਨਹੀਂ ਦੱਸਦੇ, ਆਗਿਆਸ਼ੁਦਾ ਪ੍ਰਤੀਨਿਧੀ ਦਾਇਰੇ ਤੋਂ ਬਾਹਰ ਦੇ ਮਾਮਲੇ ਨਹੀਂ ਲੈਂਦੇ ਅਤੇ ਖਾਸ ਨਤੀਜਿਆਂ ਦਾ ਵਾਅਦਾ ਨਹੀਂ ਕਰਦੇ।",b6e38db74c36fb335b4c8ea7f1cc691f97ce59392b9581cad985f344fb8fbb86,f71b7260eb7d5b92fb898e847b3ccaa36a4e227245b7ac729c88988fbbc05464,draft,,,,
pa,terms.sections.eligibility.title,legal-adjacent,3. Service availability,3. ਸੇਵਾ ਦੀ ਉਪਲਬਧਤਾ,3aaff24cf37b03e9b1dc2f8ec04b3413135432ba2cf9c775ec72cb9db9f58d69,4ad07a6c2dab6a210f738e3f1fbfa0dd9f313c666343ba8049831584f41077c1,draft,,,,
pa,terms.sections.eligibility.body,legal-adjacent,"Availability depends on the charge, procedure, deadline, court location, portal requirements and whether paid agent services are permitted and accepted by Fabsy. Matters outside the scope may be declined or referred elsewhere.","ਉਪਲਬਧਤਾ ਦੋਸ਼, ਪ੍ਰਕਿਰਿਆ, ਸਮਾਂ-ਸੀਮਾ, ਅਦਾਲਤ ਦੇ ਸਥਾਨ, ਪੋਰਟਲ ਦੀਆਂ ਲੋੜਾਂ ਅਤੇ ਇਸ ਗੱਲ 'ਤੇ ਨਿਰਭਰ ਕਰਦੀ ਹੈ ਕਿ ਭੁਗਤਾਨ ਵਾਲੀ ਪ੍ਰਤੀਨਿਧੀ ਸੇਵਾ ਦੀ ਆਗਿਆ ਹੈ ਅਤੇ Fabsy ਇਸਨੂੰ ਸਵੀਕਾਰ ਕਰਦੀ ਹੈ। ਦਾਇਰੇ ਤੋਂ ਬਾਹਰ ਦੇ ਮਾਮਲੇ ਰੱਦ ਕੀਤੇ ਜਾਂ ਹੋਰ ਥਾਂ ਭੇਜੇ ਜਾ ਸਕਦੇ ਹਨ।",2914e62aec1e16a541a60bf76d9dd7c6efbd2e57707b20f23ac58a2cc7a6325c,60efc3eba8de140693056ffc082d61b6ca2383bfc3818ecd5637bd3d82fd09e3,draft,,,,
pa,terms.sections.pricing.title,legal-adjacent,4. Pricing,4. ਕੀਮਤਾਂ,decbdb9ba4c99187050551e881142e6412c1f397d37d7b9e0ba0bf238f89eea0,97e3e0822f3efa0cbbb55018bade3382a1a8cee48a8fd30a010cb74e605abedd,draft,,,,
pa,terms.sections.pricing.body,legal-adjacent,"Rapid Resolution costs {{price}} CAD plus applicable GST for eligible Alberta pre-trial matters. The standalone Insurance Impact & Renewal Planning Report costs {{reportPrice}} CAD plus applicable GST. Both together cost {{bundlePrice}} CAD plus applicable GST. Trial representation, government fines and out-of-scope matters are separate.","ਅਲਬਰਟਾ ਦੇ ਯੋਗ ਟਰਾਇਲ-ਪੂਰਵ ਮਾਮਲਿਆਂ ਲਈ Rapid Resolution ਦੀ ਕੀਮਤ {{price}} CAD ਅਤੇ ਲਾਗੂ GST ਵੱਖਰਾ ਹੈ। ਵੱਖਰੀ Insurance Impact & Renewal Planning Report ਦੀ ਕੀਮਤ {{reportPrice}} CAD ਅਤੇ ਲਾਗੂ GST ਵੱਖਰਾ ਹੈ। ਦੋਵੇਂ ਇਕੱਠੇ {{bundlePrice}} CAD ਅਤੇ ਲਾਗੂ GST ਵੱਖਰੇ ਵਿੱਚ ਹਨ। ਟਰਾਇਲ ਵਿੱਚ ਪ੍ਰਤੀਨਿਧਤਾ, ਸਰਕਾਰੀ ਜੁਰਮਾਨੇ ਅਤੇ ਦਾਇਰੇ ਤੋਂ ਬਾਹਰ ਦੇ ਮਾਮਲੇ ਵੱਖਰੇ ਹਨ।",f70805a5b0df5f030bf3eb4ceb75e75085744ec4d324a45a9081bd70a049f0ae,a467d72b7b5235c5ed6bf81d63769a41b9549fe92308564f5d7741c3468bde33,draft,,,,
pa,terms.sections.payment.title,legal-adjacent,5. Fees and payment,5. ਫੀਸਾਂ ਅਤੇ ਭੁਗਤਾਨ,2e694810eb6779267f5f5d9f81c1cded58ff093dd93867c944bb808f3538048c,2b8ab92d9fe56e0b4c585bf304e143e582e58fd89fa18e52bb78b011c46a6fd6,draft,,,,
pa,terms.sections.payment.body,legal-adjacent,"All fees are in Canadian dollars. Court costs, fines and other charges beyond Fabsy's control remain your responsibility. The complete subtotal and tax are displayed before payment through Stripe.","ਸਾਰੀਆਂ ਫੀਸਾਂ ਕੈਨੇਡੀਅਨ ਡਾਲਰਾਂ ਵਿੱਚ ਹਨ। ਅਦਾਲਤੀ ਖਰਚੇ, ਜੁਰਮਾਨੇ ਅਤੇ Fabsy ਦੇ ਕਾਬੂ ਤੋਂ ਬਾਹਰ ਹੋਰ ਖਰਚੇ ਤੁਹਾਡੀ ਜ਼ਿੰਮੇਵਾਰੀ ਹਨ। Stripe ਰਾਹੀਂ ਭੁਗਤਾਨ ਤੋਂ ਪਹਿਲਾਂ ਪੂਰਾ ਉਪ-ਕੁੱਲ ਅਤੇ ਟੈਕਸ ਦਿਖਾਇਆ ਜਾਂਦਾ ਹੈ।",f75ef3e968fefa334460fc34ddb9816f00098d02a9efa21e0918a7e61d21f213,fcadf35271121c1c8168e9b510c3a80fbc5431dae9ca426988eb5f3da4551836,draft,,,,
pa,terms.sections.rapid.title,legal-adjacent,5A. Rapid Resolution,5A. Rapid Resolution,0fd98907037ef381a36e6a5d851232c335a80d9e035f702c6ed2f3db4f5efe4f,0fd98907037ef381a36e6a5d851232c335a80d9e035f702c6ed2f3db4f5efe4f,draft,,,,
pa,terms.sections.rapid.body,legal-adjacent,"Service starts only after intake, authorization and payment are complete and Fabsy accepts the matter. Where authorized and operationally available, Fabsy requests and reviews disclosure. A disclosure request does not extend a response date, trial date or other deadline. You must monitor every deadline and attend personally if required. The 48-hour commitment begins only when complete, readable disclosure is received and matched to your file; it covers Fabsy's review and preparation or submission of the next authorized action, not Crown response time or final-outcome timing. Fabsy will not accept a Crown offer, enter a guilty plea or finalize a resolution without your case-specific instruction. Trial work requires separate eligibility review, an agreement and a quote.","ਸੇਵਾ ਸਿਰਫ਼ ਵੇਰਵੇ, ਅਧਿਕਾਰ ਅਤੇ ਭੁਗਤਾਨ ਪੂਰੇ ਹੋਣ ਅਤੇ Fabsy ਵੱਲੋਂ ਮਾਮਲਾ ਸਵੀਕਾਰ ਕਰਨ ਤੋਂ ਬਾਅਦ ਸ਼ੁਰੂ ਹੁੰਦੀ ਹੈ। ਜਿੱਥੇ ਅਧਿਕਾਰ ਅਤੇ ਕਾਰਜਕਾਰੀ ਸਹੂਲਤ ਉਪਲਬਧ ਹੋਵੇ, Fabsy ਡਿਸਕਲੋਜ਼ਰ ਮੰਗਦੀ ਅਤੇ ਸਮੀਖਿਆ ਕਰਦੀ ਹੈ। ਡਿਸਕਲੋਜ਼ਰ ਦੀ ਬੇਨਤੀ ਜਵਾਬ ਦੀ ਮਿਤੀ, ਟਰਾਇਲ ਦੀ ਮਿਤੀ ਜਾਂ ਹੋਰ ਸਮਾਂ-ਸੀਮਾ ਨਹੀਂ ਵਧਾਉਂਦੀ। ਹਰ ਸਮਾਂ-ਸੀਮਾ ਦੀ ਨਿਗਰਾਨੀ ਅਤੇ ਲੋੜ ਪੈਣ 'ਤੇ ਖੁਦ ਹਾਜ਼ਰ ਹੋਣਾ ਤੁਹਾਡੀ ਜ਼ਿੰਮੇਵਾਰੀ ਹੈ। 48 ਘੰਟਿਆਂ ਦੀ ਵਚਨਬੱਧਤਾ ਪੂਰਾ, ਪੜ੍ਹਨਯੋਗ ਡਿਸਕਲੋਜ਼ਰ ਮਿਲਣ ਅਤੇ ਤੁਹਾਡੀ ਫਾਈਲ ਨਾਲ ਮਿਲਾਉਣ ਤੋਂ ਬਾਅਦ ਹੀ ਸ਼ੁਰੂ ਹੁੰਦੀ ਹੈ; ਇਹ Fabsy ਦੀ ਸਮੀਖਿਆ ਅਤੇ ਅਗਲੀ ਅਧਿਕਾਰਤ ਕਾਰਵਾਈ ਤਿਆਰ ਜਾਂ ਜਮ੍ਹਾਂ ਕਰਨ ਲਈ ਹੈ, ਸਰਕਾਰੀ ਵਕੀਲ ਦੇ ਜਵਾਬ ਜਾਂ ਅੰਤਿਮ ਨਤੀਜੇ ਦੇ ਸਮੇਂ ਲਈ ਨਹੀਂ। Fabsy ਤੁਹਾਡੇ ਇਸ ਮਾਮਲੇ ਲਈ ਖਾਸ ਨਿਰਦੇਸ਼ ਤੋਂ ਬਿਨਾਂ ਸਰਕਾਰੀ ਵਕੀਲ ਦੀ ਪੇਸ਼ਕਸ਼ ਸਵੀਕਾਰ ਨਹੀਂ ਕਰੇਗੀ, ਦੋਸ਼ ਕਬੂਲ ਕਰਨ ਦੀ ਪਲੀ ਦਾਖਲ ਨਹੀਂ ਕਰੇਗੀ ਜਾਂ ਨਿਪਟਾਰਾ ਅੰਤਿਮ ਨਹੀਂ ਕਰੇਗੀ। ਟਰਾਇਲ ਦੇ ਕੰਮ ਲਈ ਵੱਖਰੀ ਯੋਗਤਾ ਸਮੀਖਿਆ, ਸਮਝੌਤਾ ਅਤੇ ਫੀਸ ਦਾ ਅੰਦਾਜ਼ਾ ਲਾਜ਼ਮੀ ਹੈ।",f2c6952f5978566d6947bb6932b4ea8bd844f6a025c4b89d041253ed1d6663a0,d060feb856d287f0cf5b1487f56916aea96872a3590217c55ca1f94337b9f64c,draft,,,,
pa,terms.sections.report.title,legal-adjacent,5B. Insurance planning report,5B. ਬੀਮਾ ਯੋਜਨਾ ਰਿਪੋਰਟ,a5fa3dcaf259d5022a9f09be8ddd8dc8e8b99814128622297afc5ea2cc66f94f,09230e67ae40cfa3b2b31417878eb0f8f3455533d84bed5d95741bdc9c42f161,draft,,,,
pa,terms.sections.report.body,legal-adjacent,"This is a one-time consumer research and planning product. Driver abstracts, broker services, insurer quotes and other third-party records cost extra. You must provide accurate ticket, driving-record, policy, renewal and rating information. Scenarios and ranges use approved public information and supplied records; they are not insurer quotes. Sources and questions are planning aids, not recommendations to buy, cancel, renew or change coverage. Fabsy is not an insurance agent or broker and does not sell, quote or place insurance, contact insurers, submit applications or negotiate renewals. No eligibility, savings or premium result is promised. Insurer-specific advice and quotes must come from a licensed broker or insurer.","ਇਹ ਇੱਕ ਵਾਰ ਦੀ ਖਪਤਕਾਰ ਖੋਜ ਅਤੇ ਯੋਜਨਾਬੰਦੀ ਰਿਪੋਰਟ ਹੈ। ਡਰਾਈਵਰ ਐਬਸਟ੍ਰੈਕਟ, ਬਰੋਕਰ ਸੇਵਾਵਾਂ, ਬੀਮਾਕਰਤਾ ਦੇ ਕੋਟ ਅਤੇ ਹੋਰ ਤੀਜੀ ਧਿਰ ਦੇ ਰਿਕਾਰਡ ਵੱਖਰੇ ਖਰਚੇ ਹਨ। ਤੁਹਾਨੂੰ ਟਿਕਟ, ਡਰਾਈਵਿੰਗ ਰਿਕਾਰਡ, ਪਾਲਿਸੀ, ਨਵੀਨੀਕਰਨ ਅਤੇ ਰੇਟਿੰਗ ਦੀ ਸਹੀ ਜਾਣਕਾਰੀ ਦੇਣੀ ਪਵੇਗੀ। ਸੰਭਾਵੀ ਸਥਿਤੀਆਂ ਅਤੇ ਰਕਮਾਂ ਦੀਆਂ ਹੱਦਾਂ ਮਨਜ਼ੂਰ ਜਨਤਕ ਜਾਣਕਾਰੀ ਅਤੇ ਦਿੱਤੇ ਰਿਕਾਰਡਾਂ 'ਤੇ ਆਧਾਰਿਤ ਹਨ; ਇਹ ਬੀਮਾਕਰਤਾ ਦੇ ਕੋਟ ਨਹੀਂ ਹਨ। ਸਰੋਤ ਅਤੇ ਸਵਾਲ ਯੋਜਨਾਬੰਦੀ ਲਈ ਹਨ, ਬੀਮਾ ਖਰੀਦਣ, ਰੱਦ ਕਰਨ, ਨਵਿਆਉਣ ਜਾਂ ਕਵਰੇਜ ਬਦਲਣ ਦੀਆਂ ਸਿਫ਼ਾਰਸ਼ਾਂ ਨਹੀਂ। Fabsy ਬੀਮਾ ਏਜੰਟ ਜਾਂ ਬਰੋਕਰ ਨਹੀਂ ਹੈ ਅਤੇ ਬੀਮਾ ਨਹੀਂ ਵੇਚਦੀ, ਕੋਟ ਨਹੀਂ ਦਿੰਦੀ ਜਾਂ ਕਰਵਾਉਂਦੀ, ਬੀਮਾਕਰਤਿਆਂ ਨਾਲ ਸੰਪਰਕ ਨਹੀਂ ਕਰਦੀ, ਅਰਜ਼ੀਆਂ ਨਹੀਂ ਦਿੰਦੀ ਅਤੇ ਨਵੀਨੀਕਰਨ ਬਾਰੇ ਗੱਲਬਾਤ ਨਹੀਂ ਕਰਦੀ। ਯੋਗਤਾ, ਬਚਤ ਜਾਂ ਪ੍ਰੀਮੀਅਮ ਦੇ ਨਤੀਜੇ ਦਾ ਕੋਈ ਵਾਅਦਾ ਨਹੀਂ। ਬੀਮਾਕਰਤਾ-ਵਿਸ਼ੇਸ਼ ਸਲਾਹ ਅਤੇ ਕੋਟ ਲਾਇਸੈਂਸਯੁਕਤ ਬਰੋਕਰ ਜਾਂ ਬੀਮਾਕਰਤਾ ਤੋਂ ਹੀ ਲੈਣੇ ਹਨ।",594a81baaaf84b8443587307f5e4bcf51f4748ce1fb76bb6d7d806d908e9780f,45798162e4f0bca4a53879c998b0f91fa4eb971820ed2ff768c689524edffcde,draft,,,,
pa,terms.sections.responsibilities.title,legal-adjacent,6. Your responsibilities,6. ਤੁਹਾਡੀਆਂ ਜ਼ਿੰਮੇਵਾਰੀਆਂ,a3465cface275a56c51638482bc858a30844638adfaa501467c42dc8e9c901ea,e71daf417b73af848b39c249f96e4ca43cf0d8fc8143d6b6270ed9c187a6c25f,draft,,,,
pa,terms.sections.responsibilities.body,legal-adjacent,"Provide accurate and complete ticket information, respond promptly to requests, review every Crown response and give clear instructions before an offer expires, attend court if required, and pay applicable fees and court costs. Fabsy provides agent representation services, not legal advice.","ਟਿਕਟ ਦੀ ਸਹੀ ਅਤੇ ਪੂਰੀ ਜਾਣਕਾਰੀ ਦਿਓ, ਮੰਗੀ ਜਾਣਕਾਰੀ ਦਾ ਤੁਰੰਤ ਜਵਾਬ ਦਿਓ, ਸਰਕਾਰੀ ਵਕੀਲ ਦਾ ਹਰ ਜਵਾਬ ਪੜ੍ਹੋ ਅਤੇ ਪੇਸ਼ਕਸ਼ ਖਤਮ ਹੋਣ ਤੋਂ ਪਹਿਲਾਂ ਸਪਸ਼ਟ ਨਿਰਦੇਸ਼ ਦਿਓ, ਲੋੜ ਅਨੁਸਾਰ ਅਦਾਲਤ ਵਿੱਚ ਹਾਜ਼ਰ ਹੋਵੋ ਅਤੇ ਲਾਗੂ ਫੀਸਾਂ ਤੇ ਅਦਾਲਤੀ ਖਰਚੇ ਭਰੋ। Fabsy ਪ੍ਰਤੀਨਿਧੀ ਸੇਵਾ ਦਿੰਦੀ ਹੈ, ਕਾਨੂੰਨੀ ਸਲਾਹ ਨਹੀਂ।",5c670d4908bf383d264e559ad85083b77acb4f0171c22bbcbb71570a4032dbb7,9e07bb0703516db73b387e039768f896a9fcadb6101b8e1a5d5fd2c35f190e71,draft,,,,
pa,terms.sections.outcomes.title,legal-adjacent,7. No promised result,7. ਕਿਸੇ ਨਤੀਜੇ ਦਾ ਵਾਅਦਾ ਨਹੀਂ,a3a926bab4323511c56c1af9029f0a7c03aff0852d06448a3806c2fdd88f6156,d52fc9bdc5ae3c762bb91ef17985df64e7676f03c65822d96619ead8116d9621,draft,,,,
pa,terms.sections.outcomes.body,legal-adjacent,"Results depend on the charge, evidence, procedure, prosecutor and court. No withdrawal, charge reduction, lower fine, fewer demerits, premium savings, insurer eligibility or other result is promised. The 48-hour commitment is not a promise of an outcome.","ਨਤੀਜੇ ਦੋਸ਼, ਸਬੂਤ, ਪ੍ਰਕਿਰਿਆ, ਸਰਕਾਰੀ ਵਕੀਲ ਅਤੇ ਅਦਾਲਤ 'ਤੇ ਨਿਰਭਰ ਕਰਦੇ ਹਨ। ਟਿਕਟ ਵਾਪਸ ਲੈਣ, ਦੋਸ਼ ਜਾਂ ਜੁਰਮਾਨਾ ਘਟਾਉਣ, ਘੱਟ ਡੀਮੈਰਿਟ ਅੰਕਾਂ, ਪ੍ਰੀਮੀਅਮ ਬਚਤ, ਬੀਮੇ ਦੀ ਯੋਗਤਾ ਜਾਂ ਕਿਸੇ ਹੋਰ ਨਤੀਜੇ ਦਾ ਵਾਅਦਾ ਨਹੀਂ ਕੀਤਾ ਜਾਂਦਾ। 48 ਘੰਟਿਆਂ ਦੀ ਵਚਨਬੱਧਤਾ ਨਤੀਜੇ ਦਾ ਵਾਅਦਾ ਨਹੀਂ ਹੈ।",c4eb3442999d61b73836ce50d53a96874dde7746872021f5e9a138535d778233,0e1b4d16f0884665e511cffcf3923b5f19e685e41fa483f9ebc601070fad3b5a,draft,,,,
pa,terms.sections.privacy.title,legal-adjacent,8. Confidentiality,8. ਗੋਪਨੀਯਤਾ,c65a06ec8307b9e7a634470fe15431562a3cadfb965fca6e96fd2092308a62cc,d25e26bbc8915f7c2db7b36306cbbcbe4484d987fb4261d25dc4738cc0ea25a0,draft,,,,
pa,terms.sections.privacy.body,legal-adjacent,Fabsy protects client information through internal privacy practices and applicable privacy obligations. Information may be disclosed as needed for court proceedings or as required by law.,Fabsy ਅੰਦਰੂਨੀ ਗੋਪਨੀਯਤਾ ਪ੍ਰਥਾਵਾਂ ਅਤੇ ਲਾਗੂ ਗੋਪਨੀਯਤਾ ਜ਼ਿੰਮੇਵਾਰੀਆਂ ਰਾਹੀਂ ਗਾਹਕਾਂ ਦੀ ਜਾਣਕਾਰੀ ਦੀ ਰੱਖਿਆ ਕਰਦੀ ਹੈ। ਅਦਾਲਤੀ ਕਾਰਵਾਈ ਲਈ ਲੋੜ ਅਨੁਸਾਰ ਜਾਂ ਕਾਨੂੰਨ ਦੀ ਮੰਗ 'ਤੇ ਜਾਣਕਾਰੀ ਸਾਂਝੀ ਕੀਤੀ ਜਾ ਸਕਦੀ ਹੈ।,f70937eb9d555f6db5bf5c8f356faca6d09c0ca189efe4ee8aced5ca760e7f82,9ddb508c1cc3c5815c57770075ce4c742456fbcc6f788793f0c856a6e60bcf19,draft,,,,
pa,terms.sections.liability.title,legal-adjacent,9. Limitation of liability,9. ਜ਼ਿੰਮੇਵਾਰੀ ਦੀ ਸੀਮਾ,9337d08809a90abe4243d51ad27431a14e12bd3832378cd42cdcd3f2cb9c5551,607902315a0458783ac5cbc90f7f282b855d939d0f93e9b8cb6b7659a4cf0db5,draft,,,,
pa,terms.sections.liability.body,legal-adjacent,"Fabsy's liability is limited to the service fees paid. Fabsy is not liable for indirect, consequential or punitive damages arising from its representation services.","Fabsy ਦੀ ਜ਼ਿੰਮੇਵਾਰੀ ਭਰੀਆਂ ਸੇਵਾ ਫੀਸਾਂ ਤੱਕ ਸੀਮਤ ਹੈ। Fabsy ਆਪਣੀ ਪ੍ਰਤੀਨਿਧੀ ਸੇਵਾ ਤੋਂ ਹੋਣ ਵਾਲੇ ਅਪਰਤੱਖ, ਪਰਿਣਾਮਕ ਜਾਂ ਦੰਡਾਤਮਕ ਹਰਜਾਨਿਆਂ ਲਈ ਜ਼ਿੰਮੇਵਾਰ ਨਹੀਂ ਹੈ।",41b9a1f37c6bac5159093868d80a9d250fb2950a35ed24ced8e4737055da371c,6353788b9ce251ff0a4a755ae2986788e49af85a04bd8358411612e3cfded2ed,draft,,,,
pa,terms.sections.cancellation.title,legal-adjacent,"10. Cancellation, refunds and termination","10. ਰੱਦ ਕਰਨਾ, ਰਿਫੰਡ ਅਤੇ ਸਮਾਪਤੀ",bc6ef9c1a8edfee61854104ab5848935c11bdb650ca79cb0f2b346d1e62c744c,29315e624644ebb1b7c806705864b219d0e938859490bf521444c383d601aba4,draft,,,,
pa,terms.sections.cancellation.body,legal-adjacent,"Either party may terminate by mutual agreement, for non-payment, failure to provide information or cooperation, or if representation becomes impossible or impractical. Contact Fabsy promptly to request cancellation. Refund eligibility depends on work already performed, third-party charges, checkout disclosures and applicable law. If Fabsy declines an otherwise complete paid matter before substantive work begins, the applicable service fee will be refunded. Statutory cancellation rights are not limited.","ਦੋਵੇਂ ਪੱਖ ਆਪਸੀ ਸਹਿਮਤੀ ਨਾਲ, ਭੁਗਤਾਨ ਨਾ ਹੋਣ, ਜਾਣਕਾਰੀ ਜਾਂ ਸਹਿਯੋਗ ਨਾ ਮਿਲਣ ਜਾਂ ਪ੍ਰਤੀਨਿਧਤਾ ਅਸੰਭਵ ਜਾਂ ਅਵਿਵਹਾਰਕ ਹੋਣ 'ਤੇ ਸਮਝੌਤਾ ਖਤਮ ਕਰ ਸਕਦੇ ਹਨ। ਰੱਦ ਕਰਨ ਲਈ ਤੁਰੰਤ Fabsy ਨਾਲ ਸੰਪਰਕ ਕਰੋ। ਰਿਫੰਡ ਦੀ ਯੋਗਤਾ ਪਹਿਲਾਂ ਕੀਤੇ ਕੰਮ, ਤੀਜੀ ਧਿਰ ਦੇ ਖਰਚਿਆਂ, ਭੁਗਤਾਨ ਵੇਲੇ ਦਿੱਤੀ ਜਾਣਕਾਰੀ ਅਤੇ ਲਾਗੂ ਕਾਨੂੰਨ 'ਤੇ ਨਿਰਭਰ ਕਰਦੀ ਹੈ। ਜੇ Fabsy ਮੂਲ ਕੰਮ ਸ਼ੁਰੂ ਹੋਣ ਤੋਂ ਪਹਿਲਾਂ ਕਿਸੇ ਹੋਰ ਪੱਖੋਂ ਪੂਰੇ ਅਤੇ ਭੁਗਤਾਨ ਕੀਤੇ ਮਾਮਲੇ ਨੂੰ ਲੈਣ ਤੋਂ ਇਨਕਾਰ ਕਰਦੀ ਹੈ, ਤਾਂ ਲਾਗੂ ਸੇਵਾ ਫੀਸ ਵਾਪਸ ਕੀਤੀ ਜਾਵੇਗੀ। ਕਾਨੂੰਨ ਦੁਆਰਾ ਮਿਲੇ ਰੱਦ ਕਰਨ ਦੇ ਹੱਕ ਸੀਮਤ ਨਹੀਂ ਹੁੰਦੇ।",2a41007ad8a3189e647b3129bc2fc8fade10783c76ceff5b9770318a563c4146,1bf458ed110d319cd72de47195c8c51700ce84280290298f965bab20249b277e,draft,,,,
pa,terms.sections.website.title,legal-adjacent,11. Website use,11. ਵੈੱਬਸਾਈਟ ਦੀ ਵਰਤੋਂ,704221660aa1bb4a1062b3f7669d42dc25a621cef6f1073d5e8ea4955f74ce60,02b57f4b7ae22ad5068ee06694e3b8c752e6a5717b9f01597c72bf717ef38d0c,draft,,,,
pa,terms.sections.website.body,legal-adjacent,"Using the website constitutes acceptance of the terms. Do not use it unlawfully, attempt unauthorized access, interfere with functionality or transmit harmful or malicious code.","ਵੈੱਬਸਾਈਟ ਦੀ ਵਰਤੋਂ ਸ਼ਰਤਾਂ ਦੀ ਸਵੀਕ੍ਰਿਤੀ ਮੰਨੀ ਜਾਂਦੀ ਹੈ। ਇਸਨੂੰ ਗੈਰਕਾਨੂੰਨੀ ਤਰੀਕੇ ਨਾਲ ਨਾ ਵਰਤੋ, ਬਿਨਾਂ ਅਧਿਕਾਰ ਪਹੁੰਚ ਦੀ ਕੋਸ਼ਿਸ਼ ਨਾ ਕਰੋ, ਕੰਮਕਾਜ ਵਿੱਚ ਰੁਕਾਵਟ ਨਾ ਪਾਓ ਅਤੇ ਨੁਕਸਾਨਦੇਹ ਕੋਡ ਨਾ ਭੇਜੋ।",928da5701d6b7a8903c3fb02a483f8b5bb098367440619eec7d5a53fced17396,7ddfc521eafbd9e678d975c55efe5e78e4bdd813706476cda02f5f0a56d21ada,draft,,,,
pa,terms.sections.law.title,legal-adjacent,12. Governing law,12. ਲਾਗੂ ਕਾਨੂੰਨ,170a2ace2b0a2b6551dc1f2bcebf316b07764b2032ceb53dd926df55b24faab5,6e83eac519e6aca8885a0c48c0396d3d936ababa4aceb1575c5c19577c0abc2c,draft,,,,
pa,terms.sections.law.body,legal-adjacent,"The terms are governed by the laws of Alberta, Canada. Disputes are subject to the jurisdiction of Alberta courts.","ਸ਼ਰਤਾਂ ਅਲਬਰਟਾ, ਕੈਨੇਡਾ ਦੇ ਕਾਨੂੰਨਾਂ ਅਧੀਨ ਹਨ। ਵਿਵਾਦ ਅਲਬਰਟਾ ਦੀਆਂ ਅਦਾਲਤਾਂ ਦੇ ਅਧਿਕਾਰ ਖੇਤਰ ਵਿੱਚ ਹੋਣਗੇ।",c4a83ac8eac414943386132c511049cbf5ef7b55a777011e0645d03c5ea1f123,938b14bd3c2409dbf6bad6d5fc47a220803750c1f008b11fe7077419dcdfe928,draft,,,,
pa,terms.sections.changes.title,legal-adjacent,13. Changes to terms,13. ਸ਼ਰਤਾਂ ਵਿੱਚ ਤਬਦੀਲੀਆਂ,468441d305c9aafa292d779084cc5f0f142c0d248f6e750fa5c15f25f6dacce5,b137bb5a75931e02d79022027a3df442d9ae9aee05e06cbf13af41e2c268c585,draft,,,,
pa,terms.sections.changes.body,legal-adjacent,Fabsy may modify the terms. Changes are posted on the English terms page with an updated revision date. Continued use of services after changes constitutes acceptance of the modified terms.,Fabsy ਸ਼ਰਤਾਂ ਬਦਲ ਸਕਦੀ ਹੈ। ਤਬਦੀਲੀਆਂ ਅੰਗਰੇਜ਼ੀ ਸ਼ਰਤਾਂ ਵਾਲੇ ਪੰਨੇ 'ਤੇ ਨਵੀਂ ਸੋਧ ਮਿਤੀ ਨਾਲ ਪਾਈਆਂ ਜਾਂਦੀਆਂ ਹਨ। ਤਬਦੀਲੀਆਂ ਤੋਂ ਬਾਅਦ ਸੇਵਾਵਾਂ ਦੀ ਲਗਾਤਾਰ ਵਰਤੋਂ ਸੋਧੀਆਂ ਸ਼ਰਤਾਂ ਦੀ ਸਵੀਕ੍ਰਿਤੀ ਮੰਨੀ ਜਾਂਦੀ ਹੈ।,014eeae0c6a1769b52acf304f1198e4f24fd16847dd609b4ebb52c2a7b7605f5,8947fc900de1f3966bc5d427b8991c8113842dd359730616fc5d4ee0a1a63456,draft,,,,
pa,terms.sections.contact.title,legal-adjacent,14. Contact,14. ਸੰਪਰਕ,d0a4f85743f6462c7faedd5114f5f5b3c1b9cd3a2c2b5d478721b7443b96debc,298368788dbae1fd405ee80bf2aa878f4f573853e830fba7dea3780d6b1bfdbe,draft,,,,
pa,terms.sections.contact.body,legal-adjacent,"For questions, contact Fabsy Traffic Ticket Services at {{email}} or (825) 793-2279. Service area: Alberta.",ਸਵਾਲਾਂ ਲਈ Fabsy Traffic Ticket Services ਨਾਲ {{email}} ਜਾਂ (825) 793-2279 'ਤੇ ਸੰਪਰਕ ਕਰੋ। ਸੇਵਾ ਖੇਤਰ: ਅਲਬਰਟਾ।,cfc287b18c0ec870f57711adf094062adc5d1a2e45daaa4646b30b15dd95486a,e554311ef7379c08842271754f8d9cbac2d4361661cf76f41584a527e184e69d,draft,,,,
pa,notifications.received.subject,legal-adjacent,Fabsy: ticket details received,Fabsy: ਟਿਕਟ ਦੇ ਵੇਰਵੇ ਮਿਲ ਗਏ ਹਨ,d1e61d9125361379189ac73db81b8c8637dc287b96a84cef35e0dbee15a7937c,52e3bf73f74bd3443484e0e2fc6aecdc073ac475cc801948cd69c728349ce8a9,draft,,,,
pa,notifications.received.body,legal-adjacent,"Hello {{name}}, we received the details for file {{reference}}. Receipt does not mean your matter has been accepted or a deadline extended. View your file: {{url}}","ਸਤ ਸ੍ਰੀ ਅਕਾਲ {{name}}, ਸਾਨੂੰ ਫਾਈਲ {{reference}} ਦੇ ਵੇਰਵੇ ਮਿਲ ਗਏ ਹਨ। ਵੇਰਵੇ ਮਿਲਣ ਦਾ ਮਤਲਬ ਇਹ ਨਹੀਂ ਕਿ ਮਾਮਲਾ ਸਵੀਕਾਰ ਹੋ ਗਿਆ ਹੈ ਜਾਂ ਕੋਈ ਸਮਾਂ-ਸੀਮਾ ਵਧ ਗਈ ਹੈ। ਆਪਣੀ ਫਾਈਲ ਵੇਖੋ: {{url}}",b872aa6a6a63a2e2562d8634d090efca4922b020bee14bb1d813153d1c5d7812,22d40099440ef7058b23ab4281a0911b341fca3d7218f5c0da955c59295bf6df,draft,,,,
pa,notifications.disclosure.subject,legal-adjacent,Fabsy: disclosure received,Fabsy: ਡਿਸਕਲੋਜ਼ਰ ਮਿਲ ਗਿਆ ਹੈ,0d74f55c02db02cf394be0ac2f96c4d64b7c81aedb7cec0f3e61e0e76e82406a,cde53108ebe33fec453a9861128adde600986c6c2729689320411941746a2b67,draft,,,,
pa,notifications.disclosure.body,legal-adjacent,"Hello {{name}}, disclosure has arrived for file {{reference}}. The 48-hour review and action commitment starts only after the disclosure is confirmed complete, readable and matched to your file. View the update: {{url}}","ਸਤ ਸ੍ਰੀ ਅਕਾਲ {{name}}, ਫਾਈਲ {{reference}} ਲਈ ਡਿਸਕਲੋਜ਼ਰ ਆ ਗਿਆ ਹੈ। 48 ਘੰਟਿਆਂ ਦੀ ਸਮੀਖਿਆ ਅਤੇ ਕਾਰਵਾਈ ਦੀ ਵਚਨਬੱਧਤਾ ਸਿਰਫ਼ ਡਿਸਕਲੋਜ਼ਰ ਪੂਰਾ, ਪੜ੍ਹਨਯੋਗ ਅਤੇ ਤੁਹਾਡੀ ਫਾਈਲ ਨਾਲ ਮਿਲਿਆ ਹੋਣ ਦੀ ਪੁਸ਼ਟੀ ਤੋਂ ਬਾਅਦ ਸ਼ੁਰੂ ਹੁੰਦੀ ਹੈ। ਅੱਪਡੇਟ ਵੇਖੋ: {{url}}",3b3d647e2d22b86f50edb38c70bf0ee0689babe69d3c20cd37f506e5c5233841,31d25f9ce61a37b5c16a84dbab9225306e1f1f91c38560ced79bc819350af23e,draft,,,,
pa,notifications.update.subject,legal-adjacent,Fabsy: an update to your file,Fabsy: ਤੁਹਾਡੀ ਫਾਈਲ ਵਿੱਚ ਅੱਪਡੇਟ,3673fe8c12c7e8d8e77aef08c7c59abec0f0b5600fca4b10623f49442fc1a59f,9d7dd599880776584141ab7e8cb21222cbff8f23a3b4c851d219de5336dd09fc,draft,,,,
pa,notifications.update.body,legal-adjacent,"Hello {{name}}, there is an update to file {{reference}}. Read the details and any deadlines in your secure file: {{url}}","ਸਤ ਸ੍ਰੀ ਅਕਾਲ {{name}}, ਫਾਈਲ {{reference}} ਵਿੱਚ ਇੱਕ ਅੱਪਡੇਟ ਹੈ। ਆਪਣੀ ਸੁਰੱਖਿਅਤ ਫਾਈਲ ਵਿੱਚ ਵੇਰਵੇ ਅਤੇ ਸਮਾਂ-ਸੀਮਾਵਾਂ ਪੜ੍ਹੋ: {{url}}",15cb5857455619a78dc88a517393125ad559f35d89dac9c3d06ae2bdc31245e9,c2730db6bb83009967d57b561b96b3c14b6f591c17d2de1c8cabc0035a87eb08,draft,,,,
pa,notifications.decision.subject,legal-adjacent,Fabsy: your instruction is needed,Fabsy: ਤੁਹਾਡੇ ਨਿਰਦੇਸ਼ ਦੀ ਲੋੜ ਹੈ,3c7032fd8ec5a47d589abb3b6258ce4ced40f8f77df62807b772f4ba697c2ba6,6f1ccfdf2b9761ebe6968685239a43b1a125d1763a055fa48e99bf2751d181ba,draft,,,,
pa,notifications.decision.body,legal-adjacent,"Hello {{name}}, a response is available for file {{reference}}. Review the proposal and any expiry date, then give your case-specific instruction. Fabsy will not accept an offer automatically. Review: {{url}}","ਸਤ ਸ੍ਰੀ ਅਕਾਲ {{name}}, ਫਾਈਲ {{reference}} ਲਈ ਜਵਾਬ ਉਪਲਬਧ ਹੈ। ਤਜਵੀਜ਼ ਅਤੇ ਇਸਦੀ ਸਮਾਂ-ਸੀਮਾ ਪੜ੍ਹ ਕੇ ਇਸ ਮਾਮਲੇ ਲਈ ਖਾਸ ਨਿਰਦੇਸ਼ ਦਿਓ। Fabsy ਕੋਈ ਪੇਸ਼ਕਸ਼ ਆਪਣੇ ਆਪ ਸਵੀਕਾਰ ਨਹੀਂ ਕਰੇਗੀ। ਸਮੀਖਿਆ ਕਰੋ: {{url}}",1b59661ccdfbb79e3feab0824b27b9ec6e28147eea1ea6ab63784cbc049663cf,9bf9c7c699ac117962faec9826c507783083e2308416cfe1f1583b426dc22be4,draft,,,,
pa,notifications.payment.subject,legal-adjacent,Fabsy: payment received,Fabsy: ਭੁਗਤਾਨ ਮਿਲ ਗਿਆ ਹੈ,3eaabf16bcdf502b132e6f4e2d4d7f8829c993f4866b4d68950bf3ce40e6338a,d9913e4e84259fd454c736f6409195e09caec4ec4b3ea7b3601d3c67ddfdf56d,draft,,,,
pa,notifications.payment.body,legal-adjacent,"Hello {{name}}, payment of {{total}} CAD was received for file {{reference}}. Payment does not promise an outcome or extend a deadline. View your receipt and next steps: {{url}}","ਸਤ ਸ੍ਰੀ ਅਕਾਲ {{name}}, ਫਾਈਲ {{reference}} ਲਈ {{total}} CAD ਦਾ ਭੁਗਤਾਨ ਮਿਲ ਗਿਆ ਹੈ। ਭੁਗਤਾਨ ਕਿਸੇ ਨਤੀਜੇ ਦਾ ਵਾਅਦਾ ਨਹੀਂ ਕਰਦਾ ਅਤੇ ਸਮਾਂ-ਸੀਮਾ ਨਹੀਂ ਵਧਾਉਂਦਾ। ਰਸੀਦ ਅਤੇ ਅਗਲੇ ਕਦਮ ਵੇਖੋ: {{url}}",12929594db3e2f51d259ac2172dce3e7a07f060b06899c886bcbf1ae906d81b5,3384bf20629e8d0b0c80ae5668981bb520837b3e4075d2fcdd194468eed8a090,draft,,,,
pa,notifications.disclaimer,legal-adjacent,"Fabsy is a traffic ticket agent service, not a law firm. The English service terms control. Do not send payment-card details by email or text.","Fabsy ਟ੍ਰੈਫਿਕ ਟਿਕਟਾਂ ਦੀ ਪ੍ਰਤੀਨਿਧੀ ਸੇਵਾ ਹੈ, ਲਾਅ ਫਰਮ ਨਹੀਂ। ਅੰਗਰੇਜ਼ੀ ਸੇਵਾ ਦੀਆਂ ਸ਼ਰਤਾਂ ਲਾਗੂ ਹੋਣਗੀਆਂ। ਈਮੇਲ ਜਾਂ ਟੈਕਸਟ ਰਾਹੀਂ ਭੁਗਤਾਨ ਕਾਰਡ ਦੇ ਵੇਰਵੇ ਨਾ ਭੇਜੋ।",d8eddbce3a3f38a99165544f5ac0723f7e52781be28721113bbe7a461331aba8,69d10aca2eecff405c1e3ec430e0bec9b1bc13d95aca0890aefc9c60dfd4e79c,draft,,,,
tl,nav.home,language-and-usability,Home,Home,3a78695388b38b5cceefaf6796b0137877514593543b91af2752d5a17e3d736c,3a78695388b38b5cceefaf6796b0137877514593543b91af2752d5a17e3d736c,draft,,,,
tl,nav.rapid,language-and-usability,Rapid Resolution,Rapid Resolution,b187f5b3ecddd0a9de94688e0f3df7ba1699c3912b8450524631dea23e33887e,b187f5b3ecddd0a9de94688e0f3df7ba1699c3912b8450524631dea23e33887e,draft,,,,
tl,nav.howItWorks,language-and-usability,How it works,Paano ito gumagana,9c870aa6e5e93270170d5a81277ad3e623afe8d4efd186d3e28f3d2b646d52e6,b8c88a975cf381b5d05d25defd66e1a40f94e05070d7cd8219c3563dfd44bbe2,draft,,,,
tl,nav.faq,language-and-usability,FAQ,Mga karaniwang tanong,dbc468a14b601d5d9240aeb72b9fcd2f8aed2f4e30932876edf8d16ec313846b,4624a0942e95e0d08b96fba59e9922e0b50452cb659096eeedcf8a4fb4371102,draft,,,,
tl,nav.contact,language-and-usability,Contact,Makipag-ugnayan,2b5c3d26721ae9c350cf3009318b626f0fc8a90b4a2ac0ca8099c05aa849282e,dbbccbe2b7e6c83f596f6e1f122fa95c1ad7ab0118347aaa56700a77dd7c1cb3,draft,,,,
tl,nav.terms,language-and-usability,Terms of Service,Mga kondisyon ng serbisyo,4afa55bf7aec7ddc5dfb904271f881be278e7629ce258675bf4b62f460017abb,2662bbfd43ec11809dc46d3c9970380564dacd269649f6d4f26615e4fb7b09fc,draft,,,,
tl,nav.start,language-and-usability,Start with your ticket,Magsimula sa iyong ticket,2c56895797789029dd67000776843b675c64f2a21d8d7feeeb49189266d6df43,1ba51c7f76a610953785446b5e1dcf678be4843168fc7ba24cee7dc7b0f9a14d,draft,,,,
tl,nav.menu,language-and-usability,Open navigation,Buksan ang menu,0ed77fd2619ba8ab3e1cce72c8e61d887d551ca1220164b88ab1aa66bba7177d,d137d9c2a8fa77d08758d1617c578fc05b975533c4e14661f404d45f9346ebaa,draft,,,,
tl,common.brand,language-and-usability,Fabsy,Fabsy,1e32a2d78338c8f9aee12cf16a9075ef30f914394bae9f2817d8e8b5cd768837,1e32a2d78338c8f9aee12cf16a9075ef30f914394bae9f2817d8e8b5cd768837,draft,,,,
tl,common.serviceName,language-and-usability,Rapid Resolution,Rapid Resolution,b187f5b3ecddd0a9de94688e0f3df7ba1699c3912b8450524631dea23e33887e,b187f5b3ecddd0a9de94688e0f3df7ba1699c3912b8450524631dea23e33887e,draft,,,,
tl,common.back,language-and-usability,Back,Bumalik,76900f1bfd16c8d4dd3d25e6f46638d7165aee23883ccea6bfe071c514421769,a369511a34e685773ead781f2b8e41f2576b80361a2a47e68918bc6e3228e2e9,draft,,,,
tl,common.next,language-and-usability,Continue,Magpatuloy,31fbef162594de01bab0cd525c51f74de7bcb15063029fa1a54b2cf5944c80d8,12a0f52a9becf11a3ccbe79e21dc9c132539871edf2b5b589ca6ba47e6146a3d,draft,,,,
tl,common.close,language-and-usability,Close,Isara,7d9eb7acb13e24625c404401d8e88b2350e32162455885f18276cf802f7701ed,20da882f30a3d42cb7cf754730018f9196824bca4e1420481101006ab9a7a6cb,draft,,,,
tl,common.loading,language-and-usability,Loading…,Naglo-load…,ba3bbbe10d8bef66441c88536ce7b8e724e2829b59a3da658654f4961cd61ae5,dd4edf83cd2a7eb56810bd75465d86ac01346d6bcbbd7538ecfbc37c183c9ef4,draft,,,,
tl,common.yes,language-and-usability,Yes,Oo,85a39ab345d672ff8ca9b9c6876f3adcacf45ee7c1e2dbd2408fd338bd55e07e,73d7886be321a7a8364afdef92292a5d3db2a249d451b43e71a0d52aeff5918c,draft,,,,
tl,common.no,language-and-usability,No,Hindi,1ea442a134b2a184bd5d40104401f2a37fbc09ccf3f4bc9da161c6099be3691d,63c2dc51d089559ce10804e8184e2a80b717548fd33930b780214b2997c034cf,draft,,,,
tl,common.optional,language-and-usability,Optional,Opsyonal,59be71333c960fd08e7e4fe9862206d9355f0a9884121a5b50ef8b36efdfe4cf,7e3c7f41643855b63f6633e330006c21c868fc8861a067dc6012ee7c7c4d6440,draft,,,,
tl,common.required,language-and-usability,Required,Kinakailangan,4850b174b713d88cfc63de107830d5388929020e78abc91fc19bba7a6821625f,46f757b139cc38df8fc6e2e2124a5e73fc7feb99b6b6b488aa6d5a26b650778c,draft,,,,
tl,common.english,language-and-usability,English,Ingles,ba118bf7fc9c1aedc1edb28a0aa86e0b43b681f222af6616e13c43be87815b06,b32c8743b28f4f9b0e2f9cbe59cb0169db01b8ca4d12265f0987ddf800b2f650,draft,,,,
tl,common.priceLine,legal-adjacent,{{price}} CAD plus applicable GST,{{price}} CAD at karagdagang naaangkop na GST,944ee0c680a2fab96ebfad0f8002d76974d5e8a314ab34fc3d459516f936e422,03b70404f858db8796d510081d8014f5b02c112be86353db6efeeb49e93e9d88,draft,,,,
tl,common.notLawFirm,legal-adjacent,"Fabsy is a traffic ticket agent service, not a law firm. We do not provide legal advice.","Ang Fabsy ay serbisyo ng kinatawan para sa mga traffic ticket, hindi isang law firm. Hindi kami nagbibigay ng legal na payo.",0038e2676c3303c1e1680137d0ae376f010b28637f0c3ab1fda6c269fface64f,935148aa4c5b1a7de41943079cc903b3719bfb5fcb6bc0e9adc6f0b9e3e50d9a,draft,,,,
tl,common.noOutcomePromise,legal-adjacent,"No withdrawal, reduction, lower fine, fewer demerits or insurance result is promised.","Walang ipinapangakong pagbawi o pagbawas ng kaso, mas mababang multa, mas kaunting demerit point, o resulta sa insurance.",bbdc59a6e89ef90092c7f36df4ddc513b1892ead98e5c5cf630f5affbd905b28,954beb3d1e08e459156e1e6553cabdf1efc9821183e6e5cf62827f08c024b284,draft,,,,
tl,common.noSuccessFee,legal-adjacent,One flat service fee. No percentage-based success fee.,Isang nakapirming bayad sa serbisyo. Walang success fee na nakabatay sa porsiyento.,fad1ff1a6d818abbee8094929d2561b28b1dc184f1af5d913b80fda3984342bf,db607d9ee33782bb358732eba03ad0f7b3607a1ab50d70aba5b1cfdb772ca80f,draft,,,,
tl,common.clientDecision,legal-adjacent,You direct whether to accept any proposed resolution. Nothing is accepted automatically.,Ikaw ang magbibigay ng tagubilin kung tatanggapin ang anumang mungkahing pag-aayos. Walang awtomatikong tinatanggap.,a2032b3ed93526db2ceabe8ba7e1aaf23a454430a59c140a7a83a87dbb2ff226,b19ac2827fc7a0f5d36a535be6eac9545012d1108c04559b3a6daf1926baa74e,draft,,,,
tl,common.notFound,language-and-usability,This page is not available in this language.,Hindi available ang pahinang ito sa wikang ito.,b138a234004a23fb897689d56e62d134a8e7bf08c02730c98b47d1fa1882c040,c14ee36b777f21705c4c4e9eaa6dd539958a9a37da3139bbd4d7343b678a844a,draft,,,,
tl,common.returnHome,language-and-usability,Return to home,Bumalik sa home,ca3f1411b47186b1f3255b617eb90b06dba50bc8879ea1f47589959487726ebc,09bf009bc38fdbafc8d59e69049668322a8fed69082dd039c822307adbbd7fd1,draft,,,,
tl,language.selector,language-and-usability,Choose your language,Piliin ang iyong wika,8e2d0664dbbb529de872582461068f7f7f752fc226a03a1b8439a4299dbf5e74,5b17b060165b73c4437bfccb18cb63daf170f601e9cc7f9604e6282531292322,draft,,,,
tl,language.offer,language-and-usability,Prefer to read this page in {{language}}?,Mas gusto mo bang basahin ang pahinang ito sa {{language}}?,b62bed8d395e57be40b8c98546974430879d5e9dfb6e87570f301eaf0c2ac1a8,edbc83bea09ee34b705c8cacd3f59ca122f6a7165bd68a8d8f6e5002fd90457b,draft,,,,
tl,language.switch,language-and-usability,Read in {{language}},Basahin sa {{language}},3a7b883abdecb5e82c05a6ca7f3c904948b56fa5a22e80204a5e5de8e47eb039,2709aa7e07a2561823ef70cfca9c6fcc2f4805736df49dbff01f10870741faa9,draft,,,,
tl,language.dismiss,language-and-usability,Keep my current language,Panatilihin ang kasalukuyang wika,66cb3639efa97ec8cc387646bd21fa8eccc22d0166b93d8d0c979e52f31d54ae,10a9aa83e41fd492a59b224b04516cc8aef5392b3ee785a17d3e28640e9db54d,draft,,,,
tl,language.draftTitle,legal-adjacent,Translation preview — review pending,Preview ng salin — hindi pa nasusuri,51b60d5d973f27b433f3f034155a5368e67b106e02e99f39e69dbed802cb04ed,1c7453fe907fbc7ed3976c8be2bd5dce234033fd89a8d1e6543649a8eadce18d,draft,,,,
tl,language.draftBody,legal-adjacent,"This translation is a draft and has not been approved by a native reviewer. Before purchasing or giving consent, read the English terms or contact Fabsy for clarification.","Burador ang saling ito at hindi pa ito naaprubahan ng tagasuring katutubong nagsasalita ng wika. Bago bumili o pumayag, basahin ang mga kondisyon sa Ingles o makipag-ugnayan sa Fabsy para sa paglilinaw.",aed054645990dcfb2b9067e55ec188dfe0051561571515142ac1fd3d87deeae9,e7ab6b18605844cd812e33f33a4b1cce4a11061008db0f2f50f97b0840d772c0,draft,,,,
tl,language.englishControls,legal-adjacent,The English terms control if the translation differs. This draft does not change the English agreement or limit rights under applicable law.,Ang mga kondisyon sa Ingles ang mananaig kung may pagkakaiba sa salin. Hindi binabago ng burador na ito ang kasunduan sa Ingles o nililimitahan ang mga karapatan sa ilalim ng naaangkop na batas.,47d88a952adea0d705eeb834ade632a89f240c4ef8419186921e70ce329ffa47,3bce8a384121d87d03ee5119ab5c1295eedf58b78dd727601161a9dc6dfdd1f1,draft,,,,
tl,language.readEnglish,language-and-usability,Read the English version,Basahin ang bersiyon sa Ingles,971012a5337e5192d5ca9b242712d22c57e69d6f8b5f8ca5d44de236c3b0336e,cdeeffd13d081130ee86dca4ab92621d9d261f5ec62732d5e44a15bc4d26ab80,draft,,,,
tl,language.paymentBlocked,legal-adjacent,Purchasing and authorization in this language are not available until translation review and language support are confirmed. You may continue in English.,Hindi pa available ang pagbili at pagbibigay ng awtorisasyon sa wikang ito hangga't hindi nasusuri ang salin at nakukumpirma ang tulong sa wika. Maaari kang magpatuloy sa Ingles.,18d90a7cee31fa2d70ab23127cfb3ce6a9a431f4aa9f2768996014b4c390750f,9cd1c60959f6bcf02ba82df1067631378e8c6abb8061e7e666766ff2d17ff1fd,draft,,,,
tl,language.continueEnglish,language-and-usability,Continue in English,Magpatuloy sa Ingles,dda43c1f791aa01cc7d30787034952cc7eeea541b26d103f771b0a5778bef510,c5f6bb8408f9a82f3bccecf1b14a4d5c247c88ef0160efee853e16b23e25324d,draft,,,,
tl,home.metaTitle,language-and-usability,Alberta traffic ticket help | Fabsy,Tulong sa traffic ticket sa Alberta | Fabsy,a933288a0f0dbbfdf1a8aa6ec0178b9d655fddc614361a828e7ca594437267c1,ab105874bf875f2a5cfc927ebe5835ef93784c808e0330138adf38f98bec6e89,draft,,,,
tl,home.metaDescription,language-and-usability,"Understand Fabsy's Alberta pre-trial ticket service, flat fee, disclosure review and client-directed decisions in your language.","Unawain ang serbisyo ng Fabsy bago ang paglilitis sa Alberta, nakapirming bayad, pagsusuri ng ebidensiya at mga desisyong ayon sa iyong tagubilin.",4af70e47d06aec85c528b9302e3cf7f2abe842754382d09c05ddcc66ab7f3adc,53e24415ae6e8a0028aaadb3e27b984b9a685882c3c961a35218787492514db0,draft,,,,
tl,home.eyebrow,language-and-usability,Alberta traffic ticket help,Tulong sa traffic ticket sa Alberta,d5730f2b069da1d051ced1960fab0c3aca338e66dc7126e897f027008db5ad2b,500aedc7a8aae2a2def2eb022427c352c9093e034b99c3c8e00a69bfc78bf328,draft,,,,
tl,home.title,language-and-usability,Understand your ticket. Choose your next step.,Unawain ang iyong ticket. Piliin ang susunod mong hakbang.,a58931b49428bdcbf5192c3aa5ff9714d379dd5598ae0bb76679f96415df5f74,52c0dbf05675a632c1b9914882cd7fddd39e91a054a30c009b2f9ae2a219902f,draft,,,,
tl,home.description,language-and-usability,"Rapid Resolution brings ticket intake, disclosure, review and updates together for eligible Alberta pre-trial matters.","Pinagsasama ng Rapid Resolution ang pagkuha ng detalye ng ticket, disclosure, pagsusuri at mga update para sa mga kwalipikadong kaso sa Alberta bago ang paglilitis.",665888e5795174342a12d1026c5928f6f58586c7a5343d1b0dd819557665e129,3f24485a6db522f4f3aec3cbd25f0486e12719b292a71947bad389e87daecc13,draft,,,,
tl,home.primaryCta,language-and-usability,Start with your ticket,Magsimula sa iyong ticket,2c56895797789029dd67000776843b675c64f2a21d8d7feeeb49189266d6df43,1ba51c7f76a610953785446b5e1dcf678be4843168fc7ba24cee7dc7b0f9a14d,draft,,,,
tl,home.secondaryCta,language-and-usability,See how it works,Alamin kung paano ito gumagana,a105ad29235aa71ee321d02ba00ee1cf7e9273406367343fdf9a721daa38419e,1798a31991e468b75d623abf6cc96776f707b28d786fb9216b5b572910f0f0e2,draft,,,,
tl,home.educationTitle,legal-adjacent,Received a ticket? You may have options.,Nakatanggap ng ticket? Maaaring may mga opsyon ka.,87ca40f52f2ca6cbfe6bb2f359d58a36762968b23740c3802d61dcfccfb96359,7d3b2948c95dc54fdb1a275688bfd22db74258398e35b6da7a6270ae811cfeaf,draft,,,,
tl,home.educationBody,legal-adjacent,"An Alberta traffic ticket may be disputed. Whether an agent can help depends on the charge, procedure, deadline and court requirements. You may still have to attend personally if required.","Maaaring kuwestiyunin ang isang traffic ticket sa Alberta. Kung makatutulong ang isang kinatawan ay nakadepende sa kaso, proseso, deadline at mga tuntunin ng hukuman. Maaaring kailangan mo pa ring personal na humarap kung iyon ang hinihingi.",6dd739ee7087a3787cde95ebfc3039b69c6b4ca1a983145bf3ec1bab1d3f204e,f4637d03774f417fedc65ea7b34a83a33c523e725817dc691ffa64f2c3d2962c,draft,,,,
tl,home.scope,legal-adjacent,"Eligible pre-trial matters only. Trial representation, government fines and work outside the accepted scope are separate.","Para lamang sa mga kwalipikadong kaso bago ang paglilitis. Hiwalay ang representasyon sa paglilitis, mga multa ng pamahalaan at gawaing labas sa tinanggap na saklaw.",aba56c8bc6b001bf680db994ca3565ce679fa12c724b6274d10981555f549170,fa3b2af30a410752d943ca174e9397aee8563aac28d788af4b19932add90ae99,draft,,,,
tl,rapid.metaTitle,language-and-usability,Rapid Resolution | Alberta ticket help | Fabsy,Rapid Resolution | Tulong sa ticket sa Alberta | Fabsy,15d50e2ad66f464b564fbfa7a42df04643f8826078e7f98f3dd7488255bde663,87e51f14f1c838c7e5d9801ef4831c05e687f882e0b25936ba0863dac3c5e348,draft,,,,
tl,rapid.metaDescription,language-and-usability,"Secure ticket intake, disclosure requests, qualified review and prosecutor-review submissions for eligible Alberta pre-trial tickets.","Ligtas na pagkuha ng ticket, paghingi ng ebidensiya, kwalipikadong pagsusuri at kahilingan sa piskal bago ang paglilitis sa Alberta.",2fea531cdd6be1899a5464c8ba270a7ac308bbc389fe4c906c8a4bed4c27351c,72783dd89a1a4511f4868aa2b3f9e32001262b0ae00eaeeeb3c53980edf2fadb,draft,,,,
tl,rapid.eyebrow,language-and-usability,Alberta pre-trial ticket resolution,Pag-aayos ng ticket sa Alberta bago ang paglilitis,53e3aee58095e335a6619f34d0a619e3f69f3927dbf0eeec50718b916fffb411,72589eaba1a8c187ff897dd05967a9037c3f72bcefaaeecace1ae270a491b1ed,draft,,,,
tl,rapid.title,language-and-usability,"Your ticket, moving forward.",Susunod na hakbang para sa iyong ticket.,fa9903b72e9a7cd46ef15a5942f3a1b03c4775159261391c5f5656d4b8f3770f,69344a7aa16ddb3d364f9cbc0714246aabec7b05c91da842c9b8d7cff7f6919e,draft,,,,
tl,rapid.description,language-and-usability,"One secure online process for intake, authorization, disclosure, review and your decision about any available Crown response.","Isang ligtas na online na proseso para sa pagkuha ng detalye, awtorisasyon, disclosure, pagsusuri at iyong desisyon sa anumang tugon ng prosekusyon.",73146d7052a0d3c05c01983c80b951c019cb8b91d3f2f19087f35311796f0f4b,1c916a0293f48914d40e98b2c78981c69400ca981d54ac40306c1e84a8e82d53,draft,,,,
tl,rapid.priceLabel,language-and-usability,Flat pre-trial service fee,Nakapirming bayad sa serbisyo bago ang paglilitis,245b584da8e4b0a84436c89e613981c2d9cdfc0b407002ba7454ca9c84001f8f,b394788513368e711614e0a2aad33b67c63449d4dd430beb01136d1838a4c440,draft,,,,
tl,rapid.includedTitle,language-and-usability,What is included,Ano ang kasama,06cec1523c69f02c94d6f022bbc8c2fdfeaa8254779e81b94154843cbc546e39,427764d8a380c2ebe30d8a7ca65e51bb688be6e1df4104e7acaf3b97252f1592,draft,,,,
tl,rapid.excludedTitle,language-and-usability,What is separate or excluded,Ano ang hiwalay o hindi kasama,4df6a50399117a7c9c7ecb41541e9d436a7d0bf18e1741e09234996ed09a5df0,4de7b6178bd48ef4651f9d3c48ad808fe4fad167aebe2b41d13c1a344ba58582,draft,,,,
tl,rapid.included.intake,legal-adjacent,Secure digital ticket intake,Ligtas na digital na pagkuha ng detalye ng ticket,c6b27be55d9e6247a6dfb27d677ab01c4d5f9908df044dd9e99bfc99ddca6e1f,81cbd6c50f91d1602b483e6fad0f8194040ac7f89ee30b2f6b35f55e3810fdaa,draft,,,,
tl,rapid.included.eligibility,legal-adjacent,Eligibility and deadline review,Pagsusuri ng pagiging kwalipikado at mga deadline,c9784f804994a42cac2c9d750fec26ad2f3dfbb6b9e9ffb24ca1f38308afc146,bb9c6e3c6b3bea9fc678dd6ecb7ed97ceb1f8b6aeed3740ab294d50c08508c21,draft,,,,
tl,rapid.included.authorization,legal-adjacent,Digital consent and authorization,Digital na pahintulot at awtorisasyon,605e3a25894b7773b01999f86a2dcbc22117d42a5dd2047d6a33d44b4ede28a2,267c206d54bee67c3e48df8f4571fcd1bed0473d9bd523725715be90ec3b437a,draft,,,,
tl,rapid.included.disclosure,legal-adjacent,Disclosure request and document tracking,Paghingi ng disclosure o mga ebidensiya ng prosekusyon at pagsubaybay sa mga dokumento,609c2d0df430b8de1a6edf96d66d2072721eb0b9adccc8a1813d1a82e183d57e,41243b8f6923f31deafc50b902c335d8b4356520c99cf85a11520f0f8a2fb8ca,draft,,,,
tl,rapid.included.analysis,legal-adjacent,Technology-assisted disclosure analysis with qualified review,"Pagsusuri ng disclosure gamit ang teknolohiya, na may kwalipikadong pagrepaso",7d836f2f04ca3a4c070843e4a6fbd4848c6c4ea8465a315821845259cd0b5045,53dccd6115e77d3204dad75b4d74011a322a4804d252633ed73b246acbebaadc,draft,,,,
tl,rapid.included.submission,legal-adjacent,Fact-specific prosecutor-review submission,Pagsusumite para sa pagrepaso ng piskal batay sa mga detalye ng kaso,0f3c9165b7ce359eb91b4e3c31246d4d920dec5374fb301255672e9bca188adc,fe2b9a52136d94201e8887419625a5991ae5aa4a8e1db896235f01bb0248c374,draft,,,,
tl,rapid.included.updates,legal-adjacent,File-change notifications,Mga abiso kapag may pagbabago sa file,27fd0a60b3cb5fc595c43726f2016a27b2f933baafc5fe7d214a9f9089ac1dc3,2805397ee89a88c3e82633b95b54ec66d16103aa7247541a8c5e76bbec11c160,draft,,,,
tl,rapid.included.explanation,legal-adjacent,Plain-language comparison of the original ticket and any Crown response,Malinaw na paghahambing ng orihinal na ticket at anumang tugon ng prosekusyon,a1fdff3ef43ee56dfc38e640c9465fe9455e11b24df2c9ecb44ad91364233fbe,a9caa7e59174db3b43b215c6032851a56bb0bd97d004ed400026439e48bb0caa,draft,,,,
tl,rapid.included.decision,legal-adjacent,Client-directed acceptance of an available pre-trial resolution,"Pagtanggap ng available na pag-aayos bago ang paglilitis, ayon sa tagubilin ng kliyente",86db57c76017c8d499abb4f5ab64e47326b13801ab2dfff7d5af3d82e3c037e5,a7addb224afa1d38ba350eb70af99aee4fc37696b9c570a7ad9ca0529d24cd31,draft,,,,
tl,rapid.excluded.trial,legal-adjacent,Trial representation,Representasyon sa paglilitis,51803b529e779f10e892df8e12cc17455e2197c39e2dcc31d5fb2eb6acc65018,9843850e72821459ba1477919ab8731c2febca46a1787e59f41d6dff0db1149d,draft,,,,
tl,rapid.excluded.appeals,legal-adjacent,"Appeals, reopenings and extraordinary applications","Mga apela, muling pagbubukas ng kaso at mga espesyal na aplikasyon",f058b085e86c6e97ecf21b7c1df5f72d53374e5a8f0eec523d575c98fc8a884c,1bc3dcaa3e150c7736d090d9d56614fc2bd72273ab2513e3745c36c723d02506,draft,,,,
tl,rapid.excluded.sanctions,legal-adjacent,Immediate Roadside Sanctions and Notices of Administrative Penalty,Immediate Roadside Sanctions at Notices of Administrative Penalty,94859cc2759883e240ac79c273f5a9d81334ad4a780946043ad39adf38303cb5,f3ea4e91eb07e00ef565f2a7ef3ecb4fe71ac920d4eb60466a65c7e36496b9e2,draft,,,,
tl,rapid.excluded.fines,legal-adjacent,"Government fines, court charges and third-party fees","Mga multa ng pamahalaan, singil ng hukuman at bayarin sa third party",36083c69d74cce5e98485c542ba4b739b5a73def3df0f6bc73bffc1f010eede9,c318bda797df2b3a40347b60f12e6c9ccd156674b8ed0fc6f76842f1639c69ce,draft,,,,
tl,rapid.excluded.scope,legal-adjacent,Matters outside Fabsy's permitted or accepted agent scope,Mga kasong labas sa pinapayagan o tinatanggap na saklaw ng Fabsy bilang kinatawan,9a3b6384ab4d65bffa580caaf4d4df67ffb45689b8649ecdbe15d66ec3f0b23c,ae9e9ca8d73e9df6925f2be427d067671783bbb61c09c8e71eff785e70aed2a0,draft,,,,
tl,rapid.speedTitle,legal-adjacent,Complete disclosure received. Next authorized action within 48 hours.,Kumpletong disclosure na natanggap. Susunod na awtorisadong hakbang sa loob ng 48 oras.,5ae7e05f7eebba8e4d137d094e3352c816d4a87b00ced36971c6b3bf26c41a9f,59284e22cc5f8f23f8db52d67e22ec5f8066f48a41e44d1b15f5ae00b2af711c,draft,,,,
tl,rapid.speedBody,legal-adjacent,"Complete, readable disclosure is reviewed and the next authorized prosecutor step is prepared or submitted within 48 hours after it is received and matched to your file.",Sinusuri ang kumpleto at nababasang disclosure at inihahanda o isinusumite ang susunod na awtorisadong hakbang sa piskal sa loob ng 48 oras matapos itong matanggap at maitugma sa iyong file.,e433f693afca98ff0dca76217786aeea27c5eaa97df530026d18c940dc8e1b73,53e0fa5737d35e3debc6795a036b818bf8fef5726d64a22307149ac7b56c754c,draft,,,,
tl,rapid.speedDisclaimer,legal-adjacent,"The clock starts only after complete, readable disclosure is received and matched to your file. It does not cover Crown response time or the date of a final outcome.",Magsisimula lamang ang oras kapag natanggap at naitugma sa iyong file ang kumpleto at nababasang disclosure. Hindi kasama ang oras ng pagtugon ng prosekusyon o ang petsa ng pinal na resulta.,5f8cd44bc69192540e120e489ec0fa48b62591254066fecc46d35422fe29b1e0,bc023795172543cf60778230ce094a2ed2985de969ac7c8be4bb836666bdd9ab,draft,,,,
tl,process.metaTitle,language-and-usability,How Rapid Resolution works | Fabsy,Paano gumagana ang Rapid Resolution | Fabsy,b9ec79b1fa6e78e005ba4a44ccd238f372750ce62b73403fdb64d637504885d6,47b1fb4ae29f879e1e22dd76a61d55cf21c36f57eae5a19aee29e43937691aa7,draft,,,,
tl,process.title,language-and-usability,From your ticket to your decision,Mula sa iyong ticket hanggang sa iyong desisyon,9e1627be95b19beddbf51e60565ebe8bd67da6dc1fa0e67b614bf14b460d1128,a81b880bfc5c4ad7555f102b956c3ab5f10ec420d08593b5113b82eafe2f3abf,draft,,,,
tl,process.description,language-and-usability,"Your ticket, authorization, evidence and updates stay connected to the same file.","Mananatiling magkakaugnay sa iisang file ang iyong ticket, awtorisasyon, ebidensiya at mga update.",44750c6c1f7b95af59f5b35c4b7edf2049c60d23a4e868a1f81ca8fdf6025c12,c53c501eaeaa9836cc7050b57d84ec0d1c73d4fa6f52ff692e5def260d36dfca,draft,,,,
tl,process.steps.intake.title,language-and-usability,Share your ticket,Ibahagi ang iyong ticket,06896a89f5fb6a637c0f84a7f5de7901e175193f57d1736c6313126cce35ddf7,4fc78b75701b9a3703d8d18efc43347d57f9ceafc1f31c58a26501032e056640,draft,,,,
tl,process.steps.intake.body,language-and-usability,"Upload a readable ticket and provide your details. Fabsy reviews eligibility and deadlines; service starts after intake, authorization, payment and acceptance.","Mag-upload ng nababasang ticket at ibigay ang iyong detalye. Susuriin ng Fabsy ang pagiging kwalipikado at mga deadline; magsisimula ang serbisyo pagkatapos ng kumpletong detalye, awtorisasyon, bayad at pagtanggap sa kaso.",92e48be7b63cac262e7c353174f9b98e635effeb0016246fb8c7da628c488007,70e1752a9e27a7abbfd2b49b3fdcc3961e273e3133922a0b7b6e2d8e086912c8,draft,,,,
tl,process.steps.disclosure.title,language-and-usability,Disclosure is requested,Hihingi ng disclosure,76367739dcf81b07c4d024e0036af905c2bb1c04b7a1f2321cdbbcd3cf1f0982,b4db0f3db3def26093f6d9a5d8eb7ea3e0566d358f85e1e52e1dc43a1c59f7a2,draft,,,,
tl,process.steps.disclosure.body,language-and-usability,"Where authorized and available, Fabsy requests the prosecution's evidence and tracks documents. A request does not extend any deadline.","Kung awtorisado at available, hihingin ng Fabsy ang ebidensiya ng prosekusyon at susubaybayan ang mga dokumento. Hindi pinahahaba ng kahilingang ito ang anumang deadline.",66118a2bc4f77aecd89a833c77225622f9d4ce17752175d17842ee06381e303a,2e0c263347cde58a4d45fb2e961a2847f913181a8f508000aafb8875860fb95e,draft,,,,
tl,process.steps.review.title,language-and-usability,Evidence is reviewed,Susuriin ang ebidensiya,9f844b9afec9fd194c3ad12c5eac9790e73b4a1266efb1299344a335c584b7be,89b5f2f8d350e9fae6a23e0867f7e98b48ac99f76e62c1403f0371937b749e3e,draft,,,,
tl,process.steps.review.body,language-and-usability,"Technology-assisted analysis and qualified review examine the evidence, procedure and available pre-trial options.","Titingnan ang ebidensiya, proseso at available na opsyon bago ang paglilitis sa pamamagitan ng pagsusuring may tulong ng teknolohiya at kwalipikadong pagrepaso.",92bb246b305af86054b886ddbd3e00b67e1df61e3cd591a083fe7965e562c9ad,597c8fe175b7781e05b33235b6776051ac19bd13f5e59abc1b6bba8f5c6e1a28,draft,,,,
tl,process.steps.action.title,language-and-usability,The next step is prepared,Ihahanda ang susunod na hakbang,43f4bdd56d945293669bac4c01fde42bdc43eede7bf2320362372e22157e0f8b,1d3c2f0c500552b2d39dbf194897bfa5df6220b98e2fed5ecc015304c22dfb48,draft,,,,
tl,process.steps.action.body,language-and-usability,"Within 48 hours of complete, readable disclosure being received and matched to the file, Fabsy reviews it and prepares or submits the next authorized prosecutor step.","Sa loob ng 48 oras matapos matanggap at maitugma sa file ang kumpleto at nababasang disclosure, susuriin ito ng Fabsy at ihahanda o isusumite ang susunod na awtorisadong hakbang sa piskal.",82a3dd182bc216afd91f1accd4970cf935321f56fbd7ba9bd566cdc38806afe8,667c76e41fc18ae0bf15ddb5375792ab6d58f40f6ef7fe0a9b0bc0e8866abe02,draft,,,,
tl,process.steps.decision.title,language-and-usability,You give the instruction,Ikaw ang magbibigay ng tagubilin,2b2934d5506b185ef9dbdebcda6e7d52377650a875842adaa465ce42b46ba473,b925baa8ee70c029c286e0362710bbddf87f4a87308954d767ee15a1b1d0d776,draft,,,,
tl,process.steps.decision.body,language-and-usability,Fabsy explains any Crown response. Only you direct whether an available resolution should be accepted; trial work requires a separate agreement.,Ipapaliwanag ng Fabsy ang anumang tugon ng prosekusyon. Ikaw lamang ang mag-uutos kung tatanggapin ang available na pag-aayos; kailangan ng hiwalay na kasunduan para sa paglilitis.,086dc4715dbb43c4f12d98d4aeda08e0c9d05c603002545998e96bbd5c244243,5839b6323315fb1e5bfde99bdec9d8469b6c678cddb905a55b184464e96ea732,draft,,,,
tl,faq.metaTitle,language-and-usability,Alberta ticket service questions | Fabsy,Mga tanong sa serbisyo para sa ticket sa Alberta | Fabsy,d997ed0d013711dd9d13ffcecbc0ccd852e3d22797a0ed90706ed3808f6fd338,3b39e3cff8180ab7641ae5ff59f9788ffea0a3712c0dfc4ee9720386288fedd9,draft,,,,
tl,faq.title,language-and-usability,Questions before you start,Mga tanong bago ka magsimula,9498defd4dde31d53edb329c8d0db6883d63774d2e7e79963add2da52eb8aa4e,8c9d24d3beb69641a3a8fcbca54d5ec2dc930a8dec635562760792a0bc1f264a,draft,,,,
tl,faq.items.fee.question,legal-adjacent,What does the {{price}} fee cover?,Ano ang sakop ng bayad na {{price}}?,2e094fcc16eddefb6a19d2f044225fd40fb844c12f450a1c27e7e44ac7d70b9f,4c5da3bed2827a932911d4daafeba0a1317c8b4c24cffbc14680b7fb41408760,draft,,,,
tl,faq.items.fee.answer,legal-adjacent,"Eligible pre-trial intake, deadline review, authorization, disclosure requests and tracking, qualified review, a fact-specific prosecutor-review submission, file updates and explanation of a Crown response. Applicable GST is extra; fines and trial work are separate.","Pagkuha ng detalye ng kwalipikadong kaso bago ang paglilitis, pagsusuri ng deadline, awtorisasyon, paghingi at pagsubaybay sa disclosure, kwalipikadong pagrepaso, pagsusumite para sa pagrepaso ng piskal batay sa kaso, mga update at paliwanag ng tugon ng prosekusyon. Dagdag ang naaangkop na GST; hiwalay ang mga multa at paglilitis.",a1dbf2898946b3702690c46c65c273d6c66c36e061b4b3f887a0f8610925f17d,3f2f513ed52fb121de0ec829b9efe29757d2007d91b6b27752348d3f525ed0c5,draft,,,,
tl,faq.items.speed.question,legal-adjacent,Will my ticket be resolved in 48 hours?,Maaayos ba ang aking ticket sa loob ng 48 oras?,46561c71c1d55265cd7ea1998970eda3466dd45c45771c42452cfdd749a2df71,abacae5eaf263f0901c87c94449eacc62d065a53c13884ecaa7f21fca6250df7,draft,,,,
tl,faq.items.speed.answer,legal-adjacent,"No final-outcome timing is promised. The 48-hour commitment begins only when complete, readable disclosure arrives and is matched to your file. It covers Fabsy's review and next authorized action, not the prosecutor's response time.","Walang ipinapangakong oras para sa pinal na resulta. Nagsisimula lamang ang 48-oras na pangako kapag dumating at naitugma sa iyong file ang kumpleto at nababasang disclosure. Sakop nito ang pagsusuri ng Fabsy at susunod na awtorisadong hakbang, hindi ang oras ng pagtugon ng piskal.",911b892d1c4d702099b7512f0ec5487b789a17087fc88e79146b86b69f707d8c,b62e403aaf9a57fdf283167a139f39d6eacaca88cd4c463fe6384b4c0bdfdada,draft,,,,
tl,faq.items.deadline.question,legal-adjacent,Does a disclosure request extend my deadline?,Pinahahaba ba ng paghingi ng disclosure ang aking deadline?,d7ba23f96466138ba0f3cd4f4066d81848d5269e2f4fe50effcc1db0162cb838,29ebe288ec538b4dac5b29dff9ab0064697b59534351bb7a6c2fd27a128980f1,draft,,,,
tl,faq.items.deadline.answer,legal-adjacent,"No. Continue monitoring the dates on your ticket, court notice and portal. A disclosure request does not itself extend a response date, trial date or other deadline.","Hindi. Patuloy na subaybayan ang mga petsa sa iyong ticket, abiso ng hukuman at portal. Ang paghingi ng disclosure lamang ay hindi nagpapahaba sa petsa ng pagtugon, paglilitis o anumang ibang deadline.",7c36942f46dd03eaf667e50cc8645f98fd071d15cda3819ea5728d814110cf1e,bbde7f5a218afdc9cb2b5afb1a3b17215672a06c86087cfcd19006cc503b5815,draft,,,,
tl,faq.items.trial.question,legal-adjacent,Is a trial included?,Kasama ba ang paglilitis?,51d0d788dc018d786d7b71447316c41838f8655c6ae74e0a42645e921c2607b9,8f913ddbd63f967f02617803437b3d8c1fb1eee1faffbe1263e0e736a32c9629,draft,,,,
tl,faq.items.trial.answer,legal-adjacent,"No. Trial representation requires separate eligibility review, an agreement and a quote. Appeals, reopenings, government charges and out-of-scope work are also separate.","Hindi. Kailangan ng hiwalay na pagsusuri ng pagiging kwalipikado, kasunduan at quotation para sa representasyon sa paglilitis. Hiwalay din ang mga apela, muling pagbubukas ng kaso, singil ng pamahalaan at gawaing labas sa saklaw.",a8b5ab22febf4f9f40e933978cbaac7f742c0b92d49313db0a7f99b53d8d61dc,3371c9261e34a205bcc9c7e2e2a9dbef8ec4fe83d383bcc3cd10af98a3a20975,draft,,,,
tl,faq.items.approval.question,legal-adjacent,Can Fabsy accept an offer for me?,Maaari bang tumanggap ng alok ang Fabsy para sa akin?,279750ea59b803f41091b4ec26450f03e8e8b50b59c44d5f2ffabae7aadefc08,e5fb471fae6bccda3078fd4a76174cecdd6f49fd1bd7aca1396aba9719a4dde6,draft,,,,
tl,faq.items.approval.answer,legal-adjacent,"Only after your case-specific instruction. Fabsy will not accept a Crown offer, enter a guilty plea or finalize a proposed resolution automatically.","Pagkatapos lamang ng iyong tiyak na tagubilin para sa kaso. Hindi awtomatikong tatanggap ng alok ng prosekusyon, maghahain ng guilty plea o magtatapos ng mungkahing pag-aayos ang Fabsy.",028f46cbe8707fcdbe0c14758d720f9eba17c832d4a713b393a5fa17fd840311,62f19e994913d2587344780b328ed88c87f502fffbca3f3acdf62dd34fba26dd,draft,,,,
tl,faq.items.outcome.question,legal-adjacent,Is a withdrawal or reduction promised?,Ipinapangako ba ang pagbawi o pagbawas ng kaso?,42eafffad8245a37eb25d6826a395fcbd55634f4dc8b15643553531c77782c77,b994a5cb03457a341317caa598c6e9c95a8732151e0f4916656816392b683ade,draft,,,,
tl,faq.items.outcome.answer,legal-adjacent,"No. The result depends on the charge, evidence, procedure, prosecutor and court. There is no promise of a withdrawal, reduction, lower fine, fewer demerits or insurance result.","Hindi. Nakadepende ang resulta sa kaso, ebidensiya, proseso, piskal at hukuman. Walang pangako ng pagbawi o pagbawas ng kaso, mas mababang multa, mas kaunting demerit point o resulta sa insurance.",75463e420a8351295a6f3869dacb56c50a4e19e9021cd688961135403d4ed6de,d73d12b9750c8da7a700ba40c63e2d47aed89aaef0ecf36532ab3fd93841e7f6,draft,,,,
tl,faq.items.language.question,legal-adjacent,Can I write in my language?,Maaari ba akong sumulat sa sarili kong wika?,bc3db8223dc10707b55087856212a309db18c3776bff6e4f14656d9351833d76,c73101071770bcb946f0daa1e3d223a824ecb00bb64a9391b2cacaf75564e77d,draft,,,,
tl,faq.items.language.answer,legal-adjacent,You may write your account in your preferred language. Ask Fabsy to confirm available language assistance before relying on it. A translated website does not mean a speaker of that language is available by phone.,Maaari mong isulat ang iyong salaysay sa wikang gusto mo. Kumpirmahin muna sa Fabsy kung anong tulong sa wika ang available bago umasa rito. Hindi ibig sabihin ng isang isinaling website na may nagsasalita ng wikang iyon na available sa telepono.,f1092bc9faf469eb6a0a9849dc2620b192933ec6e6e3d5bf1fecedf7fc96b049,5af61f7c698b6292a745228bc1a7d34835114109f32418006e30d3126cd10db0,draft,,,,
tl,contact.metaTitle,language-and-usability,Contact Fabsy | Alberta ticket help,Makipag-ugnayan sa Fabsy | Tulong sa ticket sa Alberta,ed7a28ef612a5c2c1fe3027668ccada01f32be7af4439ac002dbfc22ed125358,9c9e63fdbae636d8ad279fb344571954c08f791e774b2390478bd85e785fd77f,draft,,,,
tl,contact.title,language-and-usability,Start with a written question,Magsimula sa isang nakasulat na tanong,846798956dfbfb9363b49c6f91ddd0de1b14601e8a6ade3e34f4dd32e27e045f,13fdc8764d7c77bd54ccda003c526edfb552f9158cef4d865b68ffbbf106119d,draft,,,,
tl,contact.description,language-and-usability,You can email a question in your preferred language. Include your deadline and ask what language assistance is available.,Maaari kang mag-email ng tanong sa wikang gusto mo. Isama ang iyong deadline at itanong kung anong tulong sa wika ang available.,cc096a13093b0c65f1831a8989c079857a0951f390ecbb6079088a4db286b875,7accb9f79b8bb15cd39210814de9b4e973db87cb020d69663fc9ca59d3c00d11,draft,,,,
tl,contact.messageLabel,language-and-usability,Your message,Iyong mensahe,7a057bd996a32915a171b4811d248b48f0fee7dd5e74f4510c156569ea36b4c5,66f71576764b76f44555618679b207a4002fdc9f8574177c9eb4a1892d6379d9,draft,,,,
tl,contact.messageHint,language-and-usability,Write in your preferred language. Do not send card details or unnecessary identity documents.,Sumulat sa wikang gusto mo. Huwag magpadala ng detalye ng card o hindi kailangang dokumento ng pagkakakilanlan.,11b3d97ead15ab909dd7020a27f92be67e2cfedd9034cc2beca0575ef2ba2227,48e058c3c2ee0d1031b4ba1fc3c981e1303780b045151187a478ed1a568e972d,draft,,,,
tl,contact.submit,language-and-usability,Send message,Ipadala ang mensahe,93a26b1eaff99b3a84dd80366660991d15703a96514497afd997c12c43000ed7,023a2d00e2d5f55b3898e746b7d23a89bdcc7a3a2c6ce86a3d3252a89e85788e,draft,,,,
tl,contact.availability,legal-adjacent,Language support and response times must be confirmed. WhatsApp and phone service in this language are not currently promised.,"Kailangang kumpirmahin ang tulong sa wika at oras ng pagtugon. Sa ngayon, walang pangakong serbisyo sa WhatsApp o telepono sa wikang ito.",b509a1a34f5e45d302542e4888222f03ebef2e15ba2a58ed146796c66453db68,4b36f05a90fd2e0e1de694dbd737a74e64ba7ffac060324721f80354b34216a4,draft,,,,
tl,contact.emailCta,language-and-usability,Email {{email}},Mag-email sa {{email}},46d94b216ce8e085d7a796624941d9939fa2c4444c1880cc869d713bc3f3db8a,6ff224824dd36f33b90b7525dad9d9b035b2a54de396948b97edec2bf899e37f,draft,,,,
tl,contact.whatsappCta,legal-adjacent,Text us in your language on WhatsApp,Mag-text sa amin sa iyong wika sa WhatsApp,105dd00de557e3661e5a9484f348303cca7177367fd866f009f32d1e5cca6b0c,227f799627ac88b294a1a09fa23476dfc70b02131a4ec29d8a30539388d572c6,draft,,,,
tl,contact.staffAvailability,legal-adjacent,Ask which language support is available before calling.,Itanong muna kung anong tulong sa wika ang available bago tumawag.,26d6efc6d2f4fe35fae8c2ce756511b532ec11a42b5b2c3a490481198d591e70,a3fbbd898b8f4df0f71c3cacc2cfc8142a81df7b048bc738e58d5f27bc295e07,draft,,,,
tl,contact.whatsappHint,legal-adjacent,Send a written message in your preferred language. Do not send payment-card details.,Magpadala ng nakasulat na mensahe sa wikang gusto mo. Huwag magpadala ng detalye ng payment card.,71d9b4e04a11c5b2cfda2da32871b914649e38ae6cfc2adc901a84d8d07e35fd,aa4f850232286bf3f7652fdd4b3c4906b9dedfbe3fcf2cf7ce88af94ee1ecf54,draft,,,,
tl,intake.title,language-and-usability,Start Rapid Resolution,Simulan ang Rapid Resolution,08d30aec3aca3e8f9399438ce9780f7a03f67583b7fbc31df1de48a958480beb,87f4a876504a79f161ee6669830218a5bae5065df4faa4affbd2aaede394c25a,draft,,,,
tl,intake.description,language-and-usability,Enter the details exactly as they appear on your ticket. You may write your account in your preferred language.,Ilagay ang mga detalye nang eksakto ayon sa iyong ticket. Maaari mong isulat ang iyong salaysay sa wikang gusto mo.,895239d7cc03f62b9c38c498def413079949204d7c3abb9cf01ba2f8ef9f6f3f,df9df9190ebb259b9dbc5e074ad4c3d4b7f71eccf9156c231c1969c0dcbc40c3,draft,,,,
tl,intake.steps.ticket,language-and-usability,Ticket details,Detalye ng ticket,095c5093d6828fd6e732a178cf50a84e0a2fa359c999e38edb8e4ef3c49245cf,cbd63c0d0acbdaa4651076eeb0bb3aa1c1b205685efd5a70422d13aa0bb50490,draft,,,,
tl,intake.steps.personal,language-and-usability,Personal information,Personal na impormasyon,06a571228fc4b88b951b3df6ec8f1cd70342feafaa6c298aa1d07fe690b2913c,1d8e82b4ebe4920c685132500a72b67c526f317f968b82f114b7a01ea836fc73,draft,,,,
tl,intake.steps.account,language-and-usability,Your account,Iyong salaysay,dbb5f6371b6a2a677f09c24d17fdc581132a41881a818469a92b58588e8764bc,67f47ec9c23bcc1155d17277840a5bc14772a9e14c4f22179da99b0688204534,draft,,,,
tl,intake.steps.consent,language-and-usability,Authorization,Awtorisasyon,ca5839e38a15433e62b39767d6a86eaafba17ea6b3ea61e3b89e2ac46baa874c,d583c2eb06ecccfb74469667b09de4fc0938dd4d739a6781a4e2544f1796f001,draft,,,,
tl,intake.steps.review,language-and-usability,Review,Repasuhin,aff0766a5290e117b8433c351bae7b7b23bed682b2369bd822d88a647cc58512,afc337836d5d16c1468b044ca4c494e9a66d30eca266c91c5a35b224e50b2af1,draft,,,,
tl,intake.steps.payment,language-and-usability,Payment,Pagbabayad,7048f38b33f135df36b3d9d382f167d45cfdda857b616899c9d8c9acd2751f64,9934ea075ed93ac48cb33d4a49be74e4b28466c4ea71b7f6b46e1bd898359088,draft,,,,
tl,intake.fields.firstName,language-and-usability,First name,Pangalan,702ef921ed1d89bf63353c899af7e338722a3ef6123d0a98333a162818f85e59,e473bdd5f21fc4cf25ba6b2e1e1c7825a3dfc4f09f876ff7bc237386bec18f91,draft,,,,
tl,intake.fields.lastName,language-and-usability,Last name,Apelyido,7b4888049459f04adf3d6023c45e8ac8fc80e7ce8dfc643179da25a2c3b05443,5ed40a19467cd88ac230ffc423727efa4274bd18893d51dbd04c0c6a6ecf757b,draft,,,,
tl,intake.fields.email,language-and-usability,Email address,Email address,f2488fd4ef4adbc6ac61300083f2c33980e48bb4bbf3c540ad760d61fc36f420,f2488fd4ef4adbc6ac61300083f2c33980e48bb4bbf3c540ad760d61fc36f420,draft,,,,
tl,intake.fields.phone,language-and-usability,Phone number,Numero ng telepono,306f1bb20677a622fc38185239e89a940f6c1727e440a2b359d7d0e1bf600644,c1194f1b6d40ab1567bebc74fe9131bcfb45d18064bdc6862204cbb7da578d82,draft,,,,
tl,intake.fields.smsOptIn,legal-adjacent,I agree to receive text updates about my file.,Pumapayag akong makatanggap ng mga text update tungkol sa aking file.,32bf2bb33aba0f995ccceaad77c8e80f977fdde206ef04cbc3f7dcabe009c198,e0b1da03c59f37f8cec3e9b403400f539524046d3313284e4d39c9d2f48724a9,draft,,,,
tl,intake.fields.address,language-and-usability,Street address,Address sa kalye,8a386dd14cb9a70f6f2769a7d50dd945fc29bf76fbb219dfa017d1f18739dba0,cfec48254da6ec048844c1c92a9f4db8df959240528d19a7a954f184e2938fb8,draft,,,,
tl,intake.fields.city,language-and-usability,City,Lungsod,fc33f73246f48295702f404001e74d56f14d2f82689b2816422dc1a4c2ec4fb2,7ea79905d499c386c04fc791497fe3bc61e775636e28c02abf3c07a14eacf4f8,draft,,,,
tl,intake.fields.province,language-and-usability,Province,Probinsiya,abfcecfabeb7545eaf3bc06d4c35204a4ebfd978963d132838d0198638a45b30,650a541543ab602c916b5d85a59621645b7c946fb16163576ac4fed8d76ff552,draft,,,,
tl,intake.fields.postalCode,language-and-usability,Postal code,Postal code,ae53cea8228bcfc350fef961189a32a592e06ccffa52a8b991f88841cbac8de4,ae53cea8228bcfc350fef961189a32a592e06ccffa52a8b991f88841cbac8de4,draft,,,,
tl,intake.fields.dateOfBirth,language-and-usability,Date of birth,Petsa ng kapanganakan,eb4c4e239122d42d1ca7a7af175d6fe393926cb14aaab56b7ab7fc056b2ccb86,133c3b36e9567d71d1d9d4d6e41ac4b4f21b63081cc97cea10d4db509c5745d7,draft,,,,
tl,intake.fields.driversLicense,language-and-usability,Driver's licence number,Numero ng lisensiya sa pagmamaneho,7794437f3e0c40324b31fddbae56f957e61eb4176a1d3f66fd4b3ccf8d62a002,fb09b8e8dc775e01c90885a720f9651925afb1d03ce176d2d60d1ed36efce3b1,draft,,,,
tl,intake.fields.driversLicenseImage,language-and-usability,Driver's licence image,Larawan ng lisensiya sa pagmamaneho,2c62301c7c9d0f2c266badff196079163818bd694329f99d907e77aa54eba4a5,f2e3dddcc5b3274ebd450c5040c0b1a8cff2fe44e9aa6f4bb2a445fb8a1e79ee,draft,,,,
tl,intake.fields.addressDifferent,language-and-usability,My current address differs from my licence.,Iba ang kasalukuyan kong address sa nakasaad sa lisensiya.,9fbf46971f882388a58d6e5099223280287f25336ffa8e36627459f934da6524,390b05473b717421f093d9cb8836fc2ce243a129636d67d95ffdcffe8ea066b7,draft,,,,
tl,intake.fields.ticketNumber,language-and-usability,Ticket number,Numero ng ticket,ef4169ff531e73a501177740307b56c6419d4b3251bb040eaf604cf61e40affc,0e3039d492cc791b3b7cfc7fe8655fb8b8784275d35182726d1ae46d08419a6a,draft,,,,
tl,intake.fields.issueDate,language-and-usability,Issue date,Petsa ng pagkakaisyu,f0a6c4753adfbd8c4cacfd961ae4c130c70f3d99142067875fa88cf96484643c,dcdb65483f21eb124b324089be332abcca99a21d315730ffd8153a63e1d06b01,draft,,,,
tl,intake.fields.location,language-and-usability,Location,Lokasyon,15b61974b2707a7b3d4201385e0f01f4ff5eb1f17c5639d98788ee5add2025cd,223b5c202fdbea7ab4d5c199efe4f8fc75ae33d631983eacba1f1470c2b5e44b,draft,,,,
tl,intake.fields.officer,language-and-usability,Officer or enforcement agency,Opisyal o ahensiyang nagpapatupad,c6797261f6fd67ca9bab533218d0ddeeec2abfc65cfa92814c20d1d8e733862d,50ada8de2843d9a825deb4178664d9b404cedb918764cee18ef83a7d87db9f58,draft,,,,
tl,intake.fields.officerBadge,language-and-usability,Badge number,Badge number,47fac07a03dfec1ce3f1fb5c0cda1537482cdb2ca2958ea61861c3089204dd21,47fac07a03dfec1ce3f1fb5c0cda1537482cdb2ca2958ea61861c3089204dd21,draft,,,,
tl,intake.fields.offenceSection,language-and-usability,Section,Seksyon,dfca5da56b8cdb627309e2aa5a45e17b0e3e3e09e729209216b4fb0684ad8bae,14a7f578630b8805d96dd3388cf644bed79dcb6f82e6af537c16766a0a8a3bb0,draft,,,,
tl,intake.fields.offenceSubSection,language-and-usability,Subsection,Subseksyon,b2dc6cc49319261382a14bba1de1fef28aa704eafe953db3966b64150dd76975,f6d3dfdba0ae3bbb3834d96a6708fe67204a7e3ad10cd533580c8104eb98ddba,draft,,,,
tl,intake.fields.offenceDescription,language-and-usability,Offence description,Paglalarawan ng paglabag,38e13bd99e33af122c00017d85ca807b981cf414a233923de09e38de29792aa0,9ed4f7df3459a65fc27bcb9f007a62aea2bef3e83da3f2dca3635b933b9c26f2,draft,,,,
tl,intake.fields.fineAmount,language-and-usability,Fine amount,Halaga ng multa,319a81f308c50f9aa9ae07630f465e2bc6042b6f90952329af45b9de082627ff,846153b3a527df146abcad2c1b5b7cda949b62fca764698db1684c33a4bcb790,draft,,,,
tl,intake.fields.courtDate,language-and-usability,"Court date, if scheduled","Petsa ng pagharap sa hukuman, kung nakatakda",7f1b94e6293d5d66b804a2fea0c2663113ec8af24ab509b32effc04a6c300a44,eca026ada97955781a31c3524d938ff0519a36d8f615e7175de395fa8abae63e,draft,,,,
tl,intake.fields.courtJurisdiction,language-and-usability,Court location,Lokasyon ng hukuman,6f3997bb1a9d1d6bcc648fca4fc9fe18d0b8e5daa1d82ad9bb91d314a901a8a7,2825f853b3a76030089b68ac4e0b20312ee86f9a0a2952dfd0cdd686f49735e8,draft,,,,
tl,intake.fields.ticketImage,language-and-usability,Upload your ticket,I-upload ang iyong ticket,eff0e03db5d358970b2e3dc119efdb8250d4e70444b01f2437772a21931739d5,c808f60b5a6346d4a7b82e25a0f02224a5c74cc000af3063adf3a46d7a5765ea,draft,,,,
tl,intake.fields.vehicleSeized,language-and-usability,Was your vehicle seized?,Na-impound ba ang iyong sasakyan?,fd8c61c2d2890995e17d9cf09814825dfb8c292940e5a372ce25729dd443e1ab,be87274f94ee8c634efc1a1a37b685284ee775d546aea36aae02372e0e6f855a,draft,,,,
tl,intake.fields.pleaType,language-and-usability,Your position on the ticket,Iyong paninindigan tungkol sa ticket,20263844dc014587b3501df7f368b32a83b4018c2052fe16da2a4e13092e8442,dc87a63725b883e8c00dc109b086f65fe7ca90601c04468970f0762b80444c09,draft,,,,
tl,intake.fields.explanation,language-and-usability,Your account of what happened,Iyong salaysay ng nangyari,660713dc8e71dfe66284d3a7365ae0b172454585ea0fc7b1312e2f8905d23302,3a1b1aae60684dd9b87c54ab9c7d9588c4300c368cdbbb6498a7e4b213d66d93,draft,,,,
tl,intake.fields.circumstances,language-and-usability,Other relevant circumstances,Iba pang kaugnay na pangyayari,55cc1be2e9b57fb5abdfaf4fc367c48069b7aaf33b3a3aab1355aa4f49e0bc3a,f5c4058458e8330ba55b7a1be4cd3fd2c73ede57ab5f7cc6436db6d80af6e318,draft,,,,
tl,intake.fields.witnesses,language-and-usability,Are there witnesses?,May mga saksi ba?,31212056af5a538b299814827e1fd4a47621a952be38bcee6d1b36995c142bbc,9097f32702ed067250bf397f69b9ee629d78ae19414d5f0551880746bdb8dbb8,draft,,,,
tl,intake.fields.witnessDetails,language-and-usability,Witness details,Detalye ng mga saksi,13ef6a4023c2df9fe1b1e7238c0d0903102fce9772d44a275c77579cb8b61733,d05c4e833cfa8c8e88819a8dd87c8c28c324dc6db6b1444543f50489b6134887,draft,,,,
tl,intake.fields.evidence,language-and-usability,Do you have additional evidence?,May karagdagang ebidensiya ka ba?,3f215053acf6bd460ec9a42d1a814bbeaeaaa1e88081369488459cbcbacc1601,9ea805aef05eb262db0d6798441c2b4825c998bbfc093441c1542579fb654d0c,draft,,,,
tl,intake.fields.evidenceDetails,language-and-usability,Evidence details,Detalye ng ebidensiya,feb7d9dd3db683c01ac5379e4d60940db131271540ffa497af32c51c6ab72f46,d7fd4683f246f4c3d15ac11f22741e6b625f42081c7157d1513c4bb5aa3249b2,draft,,,,
tl,intake.fields.priorTickets,language-and-usability,Previous tickets,Mga nakaraang ticket,e8e17ca1038c6a9f0c4c372eaa84b6d7c6f33bd9a399c81fd0991494f640563d,3960ec09c31b214da00b849334c0fbba8865f542b63dcf8af7dc36f8b4997fd8,draft,,,,
tl,intake.fields.insuranceCompany,language-and-usability,Insurance company,Kompanya ng insurance,74a674f9bd2c7d69bec1ea58e6c17086dd80a3daf50d7da9d0fcc3d3e62752aa,49d9546d473812b2c44449397d475ea5609c8dba4b7b58035016c75c88b67e20,draft,,,,
tl,intake.fields.vehicleDetails,language-and-usability,Vehicle details,Detalye ng sasakyan,c4a848179b5905c630a264ee8f81f5fa1e69cf04a5d13ef36d7b6977391af77a,9455ad557264beba45cb00d928209e30f83220141ef77a623e3fc109ba086532,draft,,,,
tl,intake.fields.additionalNotes,language-and-usability,Additional notes,Karagdagang tala,5871e1abaa639712e7e0107d9d5f6b14793cbd1c696b14f3eb6cc22be96cbd29,409b024b6e7cd4dc07ce5f13458c91e2d6ae1e6bd19a3f88ff57e18b2aebd93f,draft,,,,
tl,intake.fields.preferredLanguage,language-and-usability,Preferred written language,Gustong wika sa nakasulat na komunikasyon,19a143b46379d7d132cc69d0bc9d26938f5324c6c871aa5dd2615a20e2d15f89,022e404b450a365b9a8edc5085879de3c827212e3d4cdbdc74d035fb61a18898,draft,,,,
tl,intake.fields.digitalSignature,language-and-usability,Digital signature: type your full legal name,Digital na lagda: i-type ang iyong buong legal na pangalan,cb72c11a93258cbd5798c4b5cb8806f213dcab63b6f575589e35f9043c6e60a0,bb4b86532ec1af1888ab95220111b8ccca1b17df5e18fdf69b890b95dfaadb24,draft,,,,
tl,intake.validation.required,language-and-usability,Complete this required field.,Kumpletuhin ang kinakailangang field na ito.,c87f8ba5fa65dcdabe6111e13c857ee4c54038ecf14d3ed3bef856c6eaaeb919,c83d6c378e26597e42d30ab523125da812f95b9b58c297cd3ee1accab7c04dab,draft,,,,
tl,intake.validation.email,language-and-usability,Enter a valid email address.,Maglagay ng wastong email address.,8a966af884a06484aad2032a003c8bb514b24890ef0e2e917a8e0a4df0858def,951b11766c0104036907659ee9d8df8bf9a1b77f67d01cf788759267a04fea55,draft,,,,
tl,intake.validation.phone,language-and-usability,Enter a valid phone number.,Maglagay ng wastong numero ng telepono.,90eeb8ff8c3a02124a44cfff39e4057d677b1ce7df90355b2ef8a4cfd141c972,eacb8f91458453390d88b75ee22b2b81c86448ac723ff64bb4009cee6942aa3d,draft,,,,
tl,intake.validation.date,language-and-usability,Enter a valid date.,Maglagay ng wastong petsa.,2102f47f88cd1261dd3e241b122f6c10ead63f172ed8410ca9a4b82ced0ad27b,b22e8b4072a699e30c013c1ff9a6ebb18f96866fa3523ca0fd0ae3c71cfbb463,draft,,,,
tl,intake.validation.amount,language-and-usability,Enter a valid fine amount.,Maglagay ng wastong halaga ng multa.,f53b059015a1ecf51c630a781476e04fda8e006a21528725d150cf54936503a7,8aa779d1353e6b9d078331312c4b918abec1b4e1a5eba51af10fbf65afcde0a7,draft,,,,
tl,intake.validation.ticketImage,language-and-usability,Upload a readable image of your ticket.,Mag-upload ng nababasang larawan ng iyong ticket.,cbab99efafa989eef75848f0aa27eb1113669e68ae689c42e3f47fa7f4a65eef,fbcf9ea1ce33f4616be46a53be26e8734eea70cc85aa1f11d8ea3981325e1743,draft,,,,
tl,intake.validation.signature,language-and-usability,Type your full legal name to sign.,I-type ang iyong buong legal na pangalan para lumagda.,8dfef8bbad08c50a13d5764ece818bc41c1c03c0056d61395ec90cfedd370752,a4212d180965cbcc722fdb33bd01547aaa61c49cab8a01a1e8bfcaf18693495c,draft,,,,
tl,intake.validation.consent,language-and-usability,Read and accept the authorization before continuing.,Basahin at tanggapin ang awtorisasyon bago magpatuloy.,64992837e3cbb842a96069e90d5afcf1c30e0de8f3dc102e4b47e22669e44d80,47151a91f8270a677ab6654cd8bd29898feeeb0ff4f1374d254ab7e304a0c96e,draft,,,,
tl,intake.validation.terms,language-and-usability,Accept the Terms of Service and Privacy Policy before payment.,Tanggapin ang Mga Kondisyon ng Serbisyo at Patakaran sa Privacy bago magbayad.,6be1bb8ed081551458613c3b21a70c4dc6d0d2284b02796dd791657c26846ec9,e3391a343e716ee474db115b126f29cadff9d7d525914dba241f685e136dbfde,draft,,,,
tl,intake.validation.submit,language-and-usability,We could not submit your details. Please try again.,Hindi namin maisumite ang iyong detalye. Subukan muli.,1ea4214151d8b0d47d2e2455f1fc32d3a9b89392678aed48cba4e132f825d07d,f8fe14b6b1ce44ff18037e1eeec0f3089a62fc63079d46e8fb7a36e6fe883008,draft,,,,
tl,intake.validation.scanReview,language-and-usability,Check the extracted details and correct any mistakes.,Tingnan ang nabasang detalye at itama ang anumang mali.,aa29d7896884f145e3532e13b8706a1ca7dfa90b3db5ce24498c0cf7b40ef0e7,5e8c916ab2e0e0087b3d659bb676fcadc2374ddc0e101b9dbe49fd9aceadc8d0,draft,,,,
tl,intake.validation.scanFailed,language-and-usability,We could not read this document. Enter the details manually.,Hindi namin mabasa ang dokumentong ito. Mano-manong ilagay ang mga detalye.,c9207721ea3aa80ed6d603c0943b3e83a3ea1cfee62976d46c0333478e7ddfc8,06e59fef9b1167ee6552c0f59228e2bc54b679f24966fd9b60d667eda9135af3,draft,,,,
tl,intake.validation.fileFormat,language-and-usability,"Choose a PDF, JPG, PNG, WebP, HEIC or HEIF file no larger than 10 MB.","Pumili ng PDF, JPG, PNG, WebP, HEIC o HEIF file na hindi lalampas sa 10 MB.",55a8fe3740ea49d7c0984eb5ca2e232c87823187c7d79e0b5501211edf2a1a4d,be9a36c789f770ef283002d7119e7ec3b81526bbf8fd007d1269120a86145c4b,draft,,,,
tl,intake.validation.consentCharacter,language-and-usability,"We could not create a readable consent document from one or more characters. Contact Fabsy before paying, and keep your original name and details unchanged.","Hindi kami makagawa ng nababasang dokumento ng pahintulot dahil sa isa o higit pang karakter. Makipag-ugnayan sa Fabsy bago magbayad, at huwag baguhin ang orihinal mong pangalan at mga detalye.",0912a89086b65918f080acbf74cae4d1dcc19184a3094420ac470d13d26dfa03,1b7f8d8490f1ce44d544c56f15d4089ba4e5dc907b4c17d76c8472a22df25ba8,draft,,,,
tl,intake.validation.length,language-and-usability,This entry is too long for this form. Contact Fabsy if you need to keep the full text.,Masyadong mahaba ang inilagay mo para sa form na ito. Makipag-ugnayan sa Fabsy kung kailangan mong panatilihin ang buong teksto.,4ff0e8bf7eaffbd31881ac3310bce4f31694d2d5db4d645717d0739abc826ecc,1bcde3e5b63f154b8f43a0184db450dadf67ef214b40aa159753ad9c4599a48a,draft,,,,
tl,intake.consent.title,legal-adjacent,Digital authorization for Rapid Resolution,Digital na awtorisasyon para sa Rapid Resolution,f0ee4c044fcc5a96fe09de7b7eb0618575cb6e84f5b435b702e0290b2219a6fe,0a15a18eb02a70f96142a1509096963dc34eb7e341055240f3cb9b4d978e5c63,draft,,,,
tl,intake.consent.scope,legal-adjacent,"I authorize Fabsy and its agents, where permitted, to request, receive and review disclosure; use the Traffic Tickets Digital Service; communicate with the court, prosecutor and relevant government offices; prepare and submit a fact-specific prosecutor-review request based on my instructions and record; and explain any Crown response, charge, fine and demerit consequences.","Pinapahintulutan ko ang Fabsy at mga kinatawan nito, kung pinapayagan, na humingi, tumanggap at sumuri ng disclosure; gumamit ng Traffic Tickets Digital Service; makipag-ugnayan sa hukuman, piskal at kaugnay na tanggapan ng pamahalaan; maghanda at magsumite ng kahilingan para sa pagrepaso ng piskal batay sa aking tagubilin at rekord; at ipaliwanag ang tugon ng prosekusyon, kaso, multa at epekto sa demerit point.",1202c0fd0ddb5b3ac55f7276c4ffeb1108e8c78b5a8588ee8e826204b6e988ae,0589b93f28d9be79a91b13ca055298e20731ac1862797330f0dfdc6a48f2a148,draft,,,,
tl,intake.consent.approval,legal-adjacent,Fabsy may take a final resolution step only after my express case-specific instruction. This authorization does not permit automatic acceptance of a Crown offer or a guilty plea.,Maaari lamang gumawa ng pinal na hakbang sa pag-aayos ang Fabsy pagkatapos ng aking malinaw at tiyak na tagubilin para sa kaso. Hindi pinapahintulutan ng awtorisasyong ito ang awtomatikong pagtanggap ng alok ng prosekusyon o paghahain ng guilty plea.,2ecf63ee79415741a6a57dbc262dcb9392f63c4c92a13288d4e540edca0d8c70,99b94e8ab633b02c0e26610ab94407afbc309723e37346e96f09ff138fef7f8f,draft,,,,
tl,intake.consent.exclusions,legal-adjacent,"Contested trials, appeals, reopenings, Immediate Roadside Sanctions and Notices of Administrative Penalty are excluded. Trial work requires a separate agreement and fee. A prescribed Government of Alberta consent form may also be required.","Hindi kasama ang pinagtatalunang paglilitis, mga apela, muling pagbubukas ng kaso, Immediate Roadside Sanctions at Notices of Administrative Penalty. Kailangan ng hiwalay na kasunduan at bayad para sa paglilitis. Maaaring kailanganin din ang itinakdang consent form ng Pamahalaan ng Alberta.",38fc50f62258406a9979f9f8bcfa3ce35117a6528468eb275b8547c7da5b2432,3b990a5144c8033c6903c8e4834815069ee8e67867703e6df0925754844e0242,draft,,,,
tl,intake.consent.fee,legal-adjacent,"I voluntarily retain Fabsy for the limited pre-trial service at {{price}} CAD plus applicable GST. Government fines and excluded work are separate. I understand the scope, the 48-hour condition and that no result is promised.","Kusang-loob kong kinukuha ang Fabsy para sa limitadong serbisyo bago ang paglilitis sa halagang {{price}} CAD at karagdagang naaangkop na GST. Hiwalay ang mga multa ng pamahalaan at gawaing hindi kasama. Nauunawaan ko ang saklaw, kondisyon ng 48 oras at na walang ipinapangakong resulta.",fec627441a81201a3cb16c94ef7afd437001637e227ff1aa652ce85589633020,60288695740d1ea4a47a732b4c75160402e283cdd6aee6303b2bede8516f79d3,draft,,,,
tl,intake.consent.data,legal-adjacent,"I consent to collection and processing of my information to deliver the service, technology-assisted document extraction and analysis with qualified review, secure record storage, communications about my case by email, phone and text and necessary sharing with courts and authorities. I will provide accurate, complete information. I may request access or withdraw data consent by contacting privacy@fabsy.ca.","Pumapayag ako sa pagkuha at pagproseso ng aking impormasyon para sa serbisyo, pagbasa at pagsusuri ng dokumento gamit ang teknolohiya na may kwalipikadong pagrepaso, ligtas na pag-iimbak ng rekord, komunikasyon tungkol sa aking kaso sa pamamagitan ng email, telepono at text at kinakailangang pagbabahagi sa mga hukuman at awtoridad. Magbibigay ako ng tumpak at kumpletong impormasyon. Maaari akong humiling ng access o bawiin ang pahintulot sa data sa privacy@fabsy.ca.",b2dbaeecfd372235b431fbdf407bb74f7b72b4e3c70a282e7b27bdee4a23850e,701486eeffe1ecec6742342dd85b9f5e65dad9ab82f7632ba68b40c491a96a11,draft,,,,
tl,intake.consent.withdrawal,legal-adjacent,I may withdraw this authorization by written notice. Otherwise it remains valid until the matter is resolved or withdrawn. Withdrawal does not automatically cancel fees for work already performed.,"Maaari kong bawiin ang awtorisasyong ito sa pamamagitan ng nakasulat na abiso. Kung hindi, mananatili ito hanggang maayos o bawiin ang kaso. Hindi awtomatikong kinakansela ng pagbawi ang bayad para sa gawaing natapos na.",cc52b38b01e587d99204841cb457093134e48e9c800a46ef7f7f81cb8eb4b69c,57d98e766e348218f566a010b5e6d314a4d217bc8973b5834f469a2d81684b8a,draft,,,,
tl,intake.consent.confirm,legal-adjacent,I am the person named above and am authorized to enter this agreement. I have read and understood this authorization and agree to the limited service. My digital signature has the same legal effect as a handwritten signature.,Ako ang taong nakapangalan sa itaas at awtorisado akong pumasok sa kasunduang ito. Nabasa at naunawaan ko ang awtorisasyon at pumapayag ako sa limitadong serbisyo. Ang digital kong lagda ay may kaparehong legal na epekto ng sulat-kamay na lagda.,2a3806e043e60b690bd438ad4068c0d0878a5a78d6adcfaa5384f489ee565f80,bc1b0d5b82b60b02b8f7dd8e41072021b16aba136390a007fb238db7c0fe8dfb,draft,,,,
tl,intake.review.title,language-and-usability,Review your details,Repasuhin ang iyong detalye,66b425144eb3f3dab95d612792e47d5b26a6a20366e4dd6be73424d791e9849d,6c8adce47f31e5c30e5678de9d329b0361914ce036bbd19890816bf74767c927,draft,,,,
tl,intake.review.description,language-and-usability,"Check your ticket, contact information and authorization before continuing to secure payment.","Tingnan ang iyong ticket, contact information at awtorisasyon bago magpatuloy sa ligtas na pagbabayad.",9a4027e80e369feef378021b2ba9d493756a50d169641ad3836a949510e9e56f,fdc52ac0cd8212070727171bd051b743195fd2e1e920331df706f44b4279018e,draft,,,,
tl,intake.review.edit,language-and-usability,Edit details,Baguhin ang detalye,fd9c61ac500e51185a5844b7f373df989d56c8e19246f3a34700aadc853e93b2,ca89e1d89cdfbe7c098e27df2acc51009b36f6926a202246ce02aa60b19ee466,draft,,,,
tl,intake.review.languageNote,legal-adjacent,"Your original written account must be kept with any English translation for review. Do not change names, dates or ticket numbers when translating.","Dapat itago ang iyong orihinal na nakasulat na salaysay kasama ng anumang salin sa Ingles para sa pagsusuri. Huwag baguhin ang mga pangalan, petsa o numero ng ticket sa pagsasalin.",0231f65bd7e507dac8cfbb533f22f69707b4d657a38fd94bd70627b954bf5939,6e7796592bbe6eb583ca934d83dec5574340e953e1ff5906f4ad9ab2e9da839e,draft,,,,
tl,intake.scanTicket,language-and-usability,Read details from the ticket,Basahin ang detalye mula sa ticket,08e18be2fc56346667d4b424e1db8ab3f7fcc079353293a764f79fadd1cb8b57,170cb9405b897d9daa5b9c1fca96383c712a19c6865d7a1cfab1321fe0fb2e59,draft,,,,
tl,checkout.title,legal-adjacent,Rapid Resolution checkout,Pagbabayad para sa Rapid Resolution,5b0cd954ae99a3454cf067a0f42019e539b56c44cb212f8915acb1dfd24a9d34,c9d07d05f4bfaaff38c9d5aa02dc13ee7a858fb3fa3675a05783685082becefc,draft,,,,
tl,checkout.service,legal-adjacent,Service,Serbisyo,d677190e0a9990e7d5fa9e4c1bbde44271fb8959c4acb6d43e02ed991128b4bf,c888ccbe058a8255a0bf1232d933c0b4ae9b862f945ae1f5b17479783cb997c5,draft,,,,
tl,checkout.subtotal,legal-adjacent,Subtotal,Subtotal,8c0f2cb34079ede4634166168f5a77303f49b9dd7f60607ba9c8793cc397c0b7,8c0f2cb34079ede4634166168f5a77303f49b9dd7f60607ba9c8793cc397c0b7,draft,,,,
tl,checkout.gst,legal-adjacent,Applicable GST,Naaangkop na GST,e30a5f8704c94d87e904ca56c807ae07b4e2dcb7568546d6aee87b1ee9f5bf9e,351fbd16a683a40e178f567ac343b68159b576c779685257c0ce27f6cdbc1d68,draft,,,,
tl,checkout.total,legal-adjacent,Total,Kabuuan,c9b3c38247f744e17dd26fda097d6a9ba9332586b6bdaa038bf8f313a863f2b8,dc114ae05fc1ecf6f578fbbb809526060717daa96b1c01ce94957afb1b286e0c,draft,,,,
tl,checkout.pay,legal-adjacent,Continue to secure payment,Magpatuloy sa ligtas na pagbabayad,3be16c5137c2af58aeba28345f78f3591d20bf1cf14759682e034ed61b0a3c11,3e86804803ba5264e8738644c2e6835cb47ddbf94d16a0a8e399a5ab9c6b5480,draft,,,,
tl,checkout.processing,legal-adjacent,Opening secure checkout…,Binubuksan ang ligtas na checkout…,8d15b0fbf84af9300248813d13bff12a4b9239d3f577b80c4d877737f630caa3,22583e6524849170e311c3c9efb6a240bcfec2423726816639f5a13449d2e377,draft,,,,
tl,checkout.paymentFailed,legal-adjacent,Secure checkout is unavailable. Please try again.,Hindi available ang ligtas na checkout. Subukan muli.,8927b21e3b94e4e0877f8ede511182519d310e359a7e8cb41f808b53fe9e4b0e,cba1db80c22b05a14f174ad0ade451f63c8e985580dc9525fee7d95888f21394,draft,,,,
tl,checkout.scope,legal-adjacent,"{{price}} CAD plus applicable GST for eligible pre-trial matters. The full subtotal and tax are shown by Stripe before payment. Fines, trial representation and excluded services are separate.","{{price}} CAD at karagdagang naaangkop na GST para sa mga kwalipikadong kaso bago ang paglilitis. Ipapakita ng Stripe ang buong subtotal at buwis bago magbayad. Hiwalay ang mga multa, representasyon sa paglilitis at mga serbisyong hindi kasama.",f530b81a65b98750914aabacb427b0f8df9fef72e02f7d0590fad1298e2c7bca,03617f773259901e0df949e865537c66a09032b71b67de330fb99e2e5a3f7812,draft,,,,
tl,checkout.termsAcceptance,legal-adjacent,"I have read and agree to the English Terms of Purchase, Terms of Service and Privacy Policy. The English terms control. Payment does not authorize automatic acceptance of an offer.","Nabasa ko at tinatanggap ang Mga Kondisyon sa Pagbili, Mga Kondisyon ng Serbisyo at Patakaran sa Privacy sa Ingles. Ang mga kondisyon sa Ingles ang mananaig. Hindi nagbibigay ng awtorisasyon ang bayad para sa awtomatikong pagtanggap ng alok.",5461e54162c8fe969787fb762a8e7e98b878ee77a7255edea8f1f89c56fde771,f7d95cd31db12ce63b94caae6f6364862d3eb547d4b9d2d7cbce5125e9a0ef7d,draft,,,,
tl,terms.metaTitle,legal-adjacent,Terms of Service | Fabsy,Mga kondisyon ng serbisyo | Fabsy,fad1699d34bbc659429acd94d1df3e0c1eba156eba6861e97f6115f3fc038dfe,dbb3b55f344c4b0bd54051676dbbd63c33576a8f72a35a46edd7093ad53087df,draft,,,,
tl,terms.title,legal-adjacent,Terms of Service,Mga kondisyon ng serbisyo,4afa55bf7aec7ddc5dfb904271f881be278e7629ce258675bf4b62f460017abb,2662bbfd43ec11809dc46d3c9970380564dacd269649f6d4f26615e4fb7b09fc,draft,,,,
tl,terms.intro,legal-adjacent,Read these terms with the English Terms of Service before authorizing or purchasing a service. This localized presentation follows the current English service terms; it does not create a different service agreement.,Basahin ito kasama ng Mga Kondisyon ng Serbisyo sa Ingles bago magbigay ng awtorisasyon o bumili. Sinusunod ng isinaling bersiyong ito ang kasalukuyang kondisyon sa Ingles; hindi ito lumilikha ng ibang kasunduan sa serbisyo.,8dba9f80c3d7715d0a05b31263525d129195fe3d72e286fd88f9cb4d70cdc16c,914c92fbf3eef0a91534706d48bde849080e450bdd29a95ebdc25d146190d865,draft,,,,
tl,terms.englishControls,legal-adjacent,The English Terms of Service control if a translation differs. Statutory rights are not limited. Ask for clarification before consenting if you do not understand a term.,Ang Mga Kondisyon ng Serbisyo sa Ingles ang mananaig kung may pagkakaiba sa salin. Hindi nililimitahan ang mga karapatang itinakda ng batas. Humingi ng paglilinaw bago pumayag kung may hindi nauunawaang kondisyon.,b286dd322f20f189149053c4a0f1032e504650e268579d00ad73c2aec53bb49f,58801feae9989e8ad8e61381c3cb2b5fb76880b2f398d4eb9cc89faf91433121,draft,,,,
tl,terms.sections.service.title,legal-adjacent,1. Service description,1. Paglalarawan ng serbisyo,ae3ed7912bd66abcfd3935478a3cab544ac3b36ec23ed770c329de1cb09629a5,5ed1cb81d45f05e0199e9d349fb09841b756390908a7873c7dcf024df4f9dd82,draft,,,,
tl,terms.sections.service.body,legal-adjacent,"Fabsy Traffic Ticket Services is an Alberta traffic ticket agent service, not a law firm. Paid services are Rapid Resolution for eligible pre-trial matters and the Insurance Impact & Renewal Planning Report. Work may include secure intake, eligibility and deadline review, digital authorization, disclosure requests and tracking, technology-assisted analysis with qualified review, authorized fact-specific prosecutor-review submissions, file notifications, Crown-response explanations and client-directed decisions. Optional reports use client records and approved public sources. Contested trials, appeals, reopenings, Immediate Roadside Sanctions, Notices of Administrative Penalty, government fines and work outside the permitted scope are excluded from Rapid Resolution.","Ang Fabsy Traffic Ticket Services ay serbisyo ng kinatawan para sa traffic ticket sa Alberta, hindi law firm. Ang mga bayad na serbisyo ay Rapid Resolution para sa kwalipikadong kaso bago ang paglilitis at ang Insurance Impact & Renewal Planning Report. Maaaring kasama ang ligtas na pagkuha ng detalye, pagsusuri ng pagiging kwalipikado at deadline, digital na awtorisasyon, paghingi at pagsubaybay sa disclosure, pagsusuri gamit ang teknolohiya na may kwalipikadong pagrepaso, awtorisadong pagsusumite sa piskal ayon sa detalye ng kaso, mga abiso sa file, paliwanag ng tugon ng prosekusyon at desisyong ayon sa kliyente. Gumagamit ang opsyonal na mga ulat ng rekord ng kliyente at aprubadong pampublikong sanggunian. Hindi kasama sa Rapid Resolution ang pinagtatalunang paglilitis, mga apela, muling pagbubukas, Immediate Roadside Sanctions, Notices of Administrative Penalty, multa ng pamahalaan at gawaing labas sa pinapayagang saklaw.",80ab55d9fbbf0db6e47a90d9444fca1f0c50516895253436134648ee08c772f4,a6018af7badb704882f2f8decfd6fc30b43199ecf4118f280a0cca4151d363e3,draft,,,,
tl,terms.sections.practice.title,legal-adjacent,2. Limits on agent practice,2. Limitasyon ng kinatawan,fa582796c619d20d79641252ea3b07bfc08ceaa6b2467852e6b806214e918573,8861f8096db9e303bac6b835c9a9fa2721d322818565b89033878ff78a1a9b7a,draft,,,,
tl,terms.sections.practice.body,legal-adjacent,"Fabsy representatives do not provide legal advice or practise law, identify themselves as lawyers or Fabsy as a law firm, accept matters outside the permitted agent scope, or promise particular results.","Hindi nagbibigay ng legal na payo o nagsasagawa ng praktis ng batas ang mga kinatawan ng Fabsy, hindi nila ipinapakilala ang sarili bilang mga abogado o ang Fabsy bilang law firm, hindi sila tumatanggap ng kasong labas sa pinapayagang saklaw ng kinatawan, at hindi nangangako ng partikular na resulta.",b6e38db74c36fb335b4c8ea7f1cc691f97ce59392b9581cad985f344fb8fbb86,b42101a54d3fef4ea87eb076bd4f03f09a426786f3b17c26ca0b1b387245f934,draft,,,,
tl,terms.sections.eligibility.title,legal-adjacent,3. Service availability,3. Availability ng serbisyo,3aaff24cf37b03e9b1dc2f8ec04b3413135432ba2cf9c775ec72cb9db9f58d69,bdab3d658f26a08a827cf5afa6f23e2b6ce8f4dc7cdd7f43764bd96f1582b639,draft,,,,
tl,terms.sections.eligibility.body,legal-adjacent,"Availability depends on the charge, procedure, deadline, court location, portal requirements and whether paid agent services are permitted and accepted by Fabsy. Matters outside the scope may be declined or referred elsewhere.","Nakadepende ang availability sa kaso, proseso, deadline, lokasyon ng hukuman, mga tuntunin ng portal at kung pinapayagan at tinatanggap ng Fabsy ang bayad na serbisyo ng kinatawan. Maaaring tanggihan o i-refer sa iba ang mga kasong labas sa saklaw.",2914e62aec1e16a541a60bf76d9dd7c6efbd2e57707b20f23ac58a2cc7a6325c,10df793480afc7e493e7c7b93d0e71904b7c92c00e05b99f71362f11a8824546,draft,,,,
tl,terms.sections.pricing.title,legal-adjacent,4. Pricing,4. Presyo,decbdb9ba4c99187050551e881142e6412c1f397d37d7b9e0ba0bf238f89eea0,b181e1744a19fac3d5fbffa0c7e6c302df587b967c4aed1e45c4dad90be83eb2,draft,,,,
tl,terms.sections.pricing.body,legal-adjacent,"Rapid Resolution costs {{price}} CAD plus applicable GST for eligible Alberta pre-trial matters. The standalone Insurance Impact & Renewal Planning Report costs {{reportPrice}} CAD plus applicable GST. Both together cost {{bundlePrice}} CAD plus applicable GST. Trial representation, government fines and out-of-scope matters are separate.","Ang Rapid Resolution ay {{price}} CAD at karagdagang naaangkop na GST para sa kwalipikadong kaso sa Alberta bago ang paglilitis. Ang hiwalay na Insurance Impact & Renewal Planning Report ay {{reportPrice}} CAD at karagdagang naaangkop na GST. Ang dalawa nang magkasama ay {{bundlePrice}} CAD at karagdagang naaangkop na GST. Hiwalay ang representasyon sa paglilitis, multa ng pamahalaan at mga kasong labas sa saklaw.",f70805a5b0df5f030bf3eb4ceb75e75085744ec4d324a45a9081bd70a049f0ae,2806d24e3ad209890ad15202f78e7cf4964f0caef210fc56c37198ca99ace7ce,draft,,,,
tl,terms.sections.payment.title,legal-adjacent,5. Fees and payment,5. Mga bayad at pagbabayad,2e694810eb6779267f5f5d9f81c1cded58ff093dd93867c944bb808f3538048c,85aeb49ed7e23a772e8625b14fb53113027d1be0f667fa661ae7f2334d146241,draft,,,,
tl,terms.sections.payment.body,legal-adjacent,"All fees are in Canadian dollars. Court costs, fines and other charges beyond Fabsy's control remain your responsibility. The complete subtotal and tax are displayed before payment through Stripe.","Lahat ng bayad ay nasa Canadian dollar. Responsibilidad mo ang mga gastos sa hukuman, multa at iba pang singil na wala sa kontrol ng Fabsy. Ipapakita ang buong subtotal at buwis bago ang pagbabayad sa Stripe.",f75ef3e968fefa334460fc34ddb9816f00098d02a9efa21e0918a7e61d21f213,10fe4de89bd1b5125c777c9a555ce725573cb632d54890373ae0bc4c506aa0b5,draft,,,,
tl,terms.sections.rapid.title,legal-adjacent,5A. Rapid Resolution,5A. Rapid Resolution,0fd98907037ef381a36e6a5d851232c335a80d9e035f702c6ed2f3db4f5efe4f,0fd98907037ef381a36e6a5d851232c335a80d9e035f702c6ed2f3db4f5efe4f,draft,,,,
tl,terms.sections.rapid.body,legal-adjacent,"Service starts only after intake, authorization and payment are complete and Fabsy accepts the matter. Where authorized and operationally available, Fabsy requests and reviews disclosure. A disclosure request does not extend a response date, trial date or other deadline. You must monitor every deadline and attend personally if required. The 48-hour commitment begins only when complete, readable disclosure is received and matched to your file; it covers Fabsy's review and preparation or submission of the next authorized action, not Crown response time or final-outcome timing. Fabsy will not accept a Crown offer, enter a guilty plea or finalize a resolution without your case-specific instruction. Trial work requires separate eligibility review, an agreement and a quote.","Magsisimula lamang ang serbisyo kapag kumpleto na ang detalye, awtorisasyon at bayad, at tinanggap ng Fabsy ang kaso. Kung awtorisado at posible sa operasyon, hihingi at susuri ng disclosure ang Fabsy. Hindi pinahahaba ng paghingi ng disclosure ang petsa ng pagtugon, paglilitis o ibang deadline. Dapat mong subaybayan ang bawat deadline at personal na humarap kung kinakailangan. Magsisimula lamang ang 48-oras na pangako kapag natanggap at naitugma sa iyong file ang kumpleto at nababasang disclosure; sakop nito ang pagsusuri ng Fabsy at paghahanda o pagsusumite ng susunod na awtorisadong hakbang, hindi ang oras ng tugon ng prosekusyon o pinal na resulta. Hindi tatanggap ng alok ng prosekusyon, maghahain ng guilty plea o magtatapos ng pag-aayos ang Fabsy nang walang tiyak mong tagubilin sa kaso. Kailangan ng hiwalay na pagsusuri ng pagiging kwalipikado, kasunduan at quotation para sa paglilitis.",f2c6952f5978566d6947bb6932b4ea8bd844f6a025c4b89d041253ed1d6663a0,9ebb89c9bfbd0829b1e3d4008bce62463ad0e16ee01640c2bad6fbad0d0150b6,draft,,,,
tl,terms.sections.report.title,legal-adjacent,5B. Insurance planning report,5B. Ulat sa pagpaplano ng insurance,a5fa3dcaf259d5022a9f09be8ddd8dc8e8b99814128622297afc5ea2cc66f94f,9c2a6c2e05eeb01b5b6f151f5c4f7f7677d427d44ba59fd2302971c2f41e9ea7,draft,,,,
tl,terms.sections.report.body,legal-adjacent,"This is a one-time consumer research and planning product. Driver abstracts, broker services, insurer quotes and other third-party records cost extra. You must provide accurate ticket, driving-record, policy, renewal and rating information. Scenarios and ranges use approved public information and supplied records; they are not insurer quotes. Sources and questions are planning aids, not recommendations to buy, cancel, renew or change coverage. Fabsy is not an insurance agent or broker and does not sell, quote or place insurance, contact insurers, submit applications or negotiate renewals. No eligibility, savings or premium result is promised. Insurer-specific advice and quotes must come from a licensed broker or insurer.","Ito ay isang beses na produkto para sa pananaliksik at pagpaplano ng mamimili. May hiwalay na bayad para sa driver abstract, serbisyo ng broker, quotation ng insurer at iba pang rekord mula sa third party. Dapat kang magbigay ng tumpak na impormasyon sa ticket, driving record, polisiya, renewal at rating. Nakabatay ang mga senaryo at saklaw ng halaga sa aprubadong pampublikong impormasyon at ibinigay na rekord; hindi ito mga quotation ng insurer. Ang mga sanggunian at tanong ay pantulong sa pagpaplano, hindi rekomendasyong bumili, magkansela, mag-renew o magbago ng coverage. Ang Fabsy ay hindi insurance agent o broker at hindi nagbebenta, nagbibigay ng quotation o nag-aayos ng insurance, nakikipag-ugnayan sa insurer, nagsusumite ng aplikasyon o nakikipagnegosasyon sa renewal. Walang pangako ng pagiging kwalipikado, pagtitipid o resulta sa premium. Dapat manggaling sa lisensiyadong broker o insurer ang payo at quotation para sa isang partikular na insurer.",594a81baaaf84b8443587307f5e4bcf51f4748ce1fb76bb6d7d806d908e9780f,6e6e159bdc8c07b64d61bd45455fc0c92be4814785da2ab299d3fb902eea8d29,draft,,,,
tl,terms.sections.responsibilities.title,legal-adjacent,6. Your responsibilities,6. Iyong mga responsibilidad,a3465cface275a56c51638482bc858a30844638adfaa501467c42dc8e9c901ea,fede0bab1a14372a1a96449560cfa5b18fbe2e1c144c68f808cb5818995a3bbd,draft,,,,
tl,terms.sections.responsibilities.body,legal-adjacent,"Provide accurate and complete ticket information, respond promptly to requests, review every Crown response and give clear instructions before an offer expires, attend court if required, and pay applicable fees and court costs. Fabsy provides agent representation services, not legal advice.","Magbigay ng tumpak at kumpletong detalye ng ticket, tumugon agad sa mga kahilingan, repasuhin ang bawat tugon ng prosekusyon at magbigay ng malinaw na tagubilin bago mapaso ang alok, humarap sa hukuman kung kailangan, at bayaran ang naaangkop na bayad at gastos sa hukuman. Nagbibigay ang Fabsy ng representasyon bilang ahente, hindi legal na payo.",5c670d4908bf383d264e559ad85083b77acb4f0171c22bbcbb71570a4032dbb7,da6da0f9bb8a521161c9499c370a6ac0d3e9064588b78ea47aec316863a39167,draft,,,,
tl,terms.sections.outcomes.title,legal-adjacent,7. No promised result,7. Walang ipinapangakong resulta,a3a926bab4323511c56c1af9029f0a7c03aff0852d06448a3806c2fdd88f6156,bf2192496915507cb9f82f208c25fb5a1624215137cc62d528b10dcda5d0caa5,draft,,,,
tl,terms.sections.outcomes.body,legal-adjacent,"Results depend on the charge, evidence, procedure, prosecutor and court. No withdrawal, charge reduction, lower fine, fewer demerits, premium savings, insurer eligibility or other result is promised. The 48-hour commitment is not a promise of an outcome.","Nakadepende ang resulta sa kaso, ebidensiya, proseso, piskal at hukuman. Walang pangako ng pagbawi o pagbawas ng kaso, mas mababang multa, mas kaunting demerit point, pagtitipid sa premium, pagiging kwalipikado sa insurance o ibang resulta. Ang 48-oras na pangako ay hindi pangako ng resulta.",c4eb3442999d61b73836ce50d53a96874dde7746872021f5e9a138535d778233,03e53efc1e2db63f74edbc779a85b44ac3aec6d5c4ca7b78423fc6ad042d8ad5,draft,,,,
tl,terms.sections.privacy.title,legal-adjacent,8. Confidentiality,8. Pagiging kumpidensiyal,c65a06ec8307b9e7a634470fe15431562a3cadfb965fca6e96fd2092308a62cc,6475067dc72a6ec5b030a1a59f5e135c3e79a645fbdecdf6ac44e3992c7bfdc7,draft,,,,
tl,terms.sections.privacy.body,legal-adjacent,Fabsy protects client information through internal privacy practices and applicable privacy obligations. Information may be disclosed as needed for court proceedings or as required by law.,Pinoprotektahan ng Fabsy ang impormasyon ng kliyente sa pamamagitan ng panloob na mga gawain sa privacy at naaangkop na obligasyon sa privacy. Maaaring ibahagi ang impormasyon kung kailangan sa proseso ng hukuman o hinihingi ng batas.,f70937eb9d555f6db5bf5c8f356faca6d09c0ca189efe4ee8aced5ca760e7f82,9c64541e6b55c8559e2d77db00b8208aa2a58dc8d43c36800ff8271334f57ec5,draft,,,,
tl,terms.sections.liability.title,legal-adjacent,9. Limitation of liability,9. Limitasyon ng pananagutan,9337d08809a90abe4243d51ad27431a14e12bd3832378cd42cdcd3f2cb9c5551,3b9f8fcc2fa8b926e514089ce24515c4b5f20603bff97731bad7661a657097fc,draft,,,,
tl,terms.sections.liability.body,legal-adjacent,"Fabsy's liability is limited to the service fees paid. Fabsy is not liable for indirect, consequential or punitive damages arising from its representation services.","Limitado ang pananagutan ng Fabsy sa ibinayad na halaga ng serbisyo. Hindi mananagot ang Fabsy para sa di-tuwiran, kasunod o pamparusang danyos na dulot ng serbisyo nitong representasyon.",41b9a1f37c6bac5159093868d80a9d250fb2950a35ed24ced8e4737055da371c,5f15b0f75a32b5da4793af2ab44296a74fed2d48f0bf55fe02fbb07905d8a4e2,draft,,,,
tl,terms.sections.cancellation.title,legal-adjacent,"10. Cancellation, refunds and termination","10. Pagkansela, refund at pagwawakas",bc6ef9c1a8edfee61854104ab5848935c11bdb650ca79cb0f2b346d1e62c744c,d942049af11c74a4a8b173e7d9280b30d54177105a60a42827df2d48abc91538,draft,,,,
tl,terms.sections.cancellation.body,legal-adjacent,"Either party may terminate by mutual agreement, for non-payment, failure to provide information or cooperation, or if representation becomes impossible or impractical. Contact Fabsy promptly to request cancellation. Refund eligibility depends on work already performed, third-party charges, checkout disclosures and applicable law. If Fabsy declines an otherwise complete paid matter before substantive work begins, the applicable service fee will be refunded. Statutory cancellation rights are not limited.","Maaaring wakasan ng alinmang panig ang kasunduan sa pamamagitan ng parehong pagsang-ayon, dahil sa hindi pagbabayad, hindi pagbibigay ng impormasyon o pakikipagtulungan, o kung imposible o hindi praktikal ang representasyon. Makipag-ugnayan agad sa Fabsy upang humiling ng pagkansela. Nakadepende ang refund sa gawaing natapos na, singil ng third party, ipinahayag sa checkout at naaangkop na batas. Kung tatanggihan ng Fabsy ang isang bayad at kumpletong kaso bago magsimula ang makabuluhang gawain, ibabalik ang naaangkop na bayad sa serbisyo. Hindi nililimitahan ang karapatang magkansela na itinakda ng batas.",2a41007ad8a3189e647b3129bc2fc8fade10783c76ceff5b9770318a563c4146,4885092a0fec26c0503031bf89391a4dcd4ba41c7ae7c450541900ae965cb00e,draft,,,,
tl,terms.sections.website.title,legal-adjacent,11. Website use,11. Paggamit ng website,704221660aa1bb4a1062b3f7669d42dc25a621cef6f1073d5e8ea4955f74ce60,a4c5c7c4bed43a26a2b9b646553bfd5bddc1524cc73f48903bca740136261878,draft,,,,
tl,terms.sections.website.body,legal-adjacent,"Using the website constitutes acceptance of the terms. Do not use it unlawfully, attempt unauthorized access, interfere with functionality or transmit harmful or malicious code.","Ang paggamit ng website ay nangangahulugan ng pagtanggap sa mga kondisyon. Huwag itong gamitin nang labag sa batas, magtangkang mag-access nang walang pahintulot, manggambala sa paggana nito o magpadala ng mapaminsalang code.",928da5701d6b7a8903c3fb02a483f8b5bb098367440619eec7d5a53fced17396,4dbcd4da751ce7a9d5e1f1c9476089c3abde5334f5358cd634f10ad7d0685490,draft,,,,
tl,terms.sections.law.title,legal-adjacent,12. Governing law,12. Naaangkop na batas,170a2ace2b0a2b6551dc1f2bcebf316b07764b2032ceb53dd926df55b24faab5,99a03e9d7cd8d6c6efb15029e73eb19b2f613b7b66c46460bb6b51290d58c1ed,draft,,,,
tl,terms.sections.law.body,legal-adjacent,"The terms are governed by the laws of Alberta, Canada. Disputes are subject to the jurisdiction of Alberta courts.","Saklaw ang mga kondisyon ng mga batas ng Alberta, Canada. Ang mga alitan ay sasailalim sa hurisdiksiyon ng mga hukuman ng Alberta.",c4a83ac8eac414943386132c511049cbf5ef7b55a777011e0645d03c5ea1f123,126bd6e47fd9a6ba9fa274eb4af23ec2cd1842944044e17ca96acb36ccf5d4ab,draft,,,,
tl,terms.sections.changes.title,legal-adjacent,13. Changes to terms,13. Pagbabago sa mga kondisyon,468441d305c9aafa292d779084cc5f0f142c0d248f6e750fa5c15f25f6dacce5,9a4515647131f73f5aa2a4df8c36c4e79d0c33defed556d86ae91c15c7487e20,draft,,,,
tl,terms.sections.changes.body,legal-adjacent,Fabsy may modify the terms. Changes are posted on the English terms page with an updated revision date. Continued use of services after changes constitutes acceptance of the modified terms.,Maaaring baguhin ng Fabsy ang mga kondisyon. Ilalathala ang mga pagbabago sa pahina ng kondisyon sa Ingles na may bagong petsa ng rebisyon. Ang patuloy na paggamit ng serbisyo pagkatapos ng pagbabago ay nangangahulugan ng pagtanggap sa binagong mga kondisyon.,014eeae0c6a1769b52acf304f1198e4f24fd16847dd609b4ebb52c2a7b7605f5,d8d8c7f72f22552044070cf2048e49e1992d0d5ef5c7b6b1affb9432b3fb199f,draft,,,,
tl,terms.sections.contact.title,legal-adjacent,14. Contact,14. Makipag-ugnayan,d0a4f85743f6462c7faedd5114f5f5b3c1b9cd3a2c2b5d478721b7443b96debc,e6b8a5adfa3e8779a0c0849f4617a5a93ad986f954e3c377889a741e1432cfb6,draft,,,,
tl,terms.sections.contact.body,legal-adjacent,"For questions, contact Fabsy Traffic Ticket Services at {{email}} or (825) 793-2279. Service area: Alberta.","Para sa mga tanong, makipag-ugnayan sa Fabsy Traffic Ticket Services sa {{email}} o (825) 793-2279. Lugar ng serbisyo: Alberta.",cfc287b18c0ec870f57711adf094062adc5d1a2e45daaa4646b30b15dd95486a,df4e7df9dc60b09a1dc974aa4ff4e3e3dd7cbdeeca1ce9378e29785d0250d7b8,draft,,,,
tl,notifications.received.subject,legal-adjacent,Fabsy: ticket details received,Fabsy: natanggap ang detalye ng ticket,d1e61d9125361379189ac73db81b8c8637dc287b96a84cef35e0dbee15a7937c,54b48042ca470593aef07357e85182751740c516d42c9ecb95b32622c0c77550,draft,,,,
tl,notifications.received.body,legal-adjacent,"Hello {{name}}, we received the details for file {{reference}}. Receipt does not mean your matter has been accepted or a deadline extended. View your file: {{url}}","Kumusta {{name}}, natanggap namin ang detalye para sa file {{reference}}. Hindi nangangahulugan ang pagtanggap nito na tinanggap na ang kaso o napahaba ang deadline. Tingnan ang iyong file: {{url}}",b872aa6a6a63a2e2562d8634d090efca4922b020bee14bb1d813153d1c5d7812,46ac6127f0355cf5742eb80d6e85c0918c5b0ed5cacb33c4d648ca00354b8167,draft,,,,
tl,notifications.disclosure.subject,legal-adjacent,Fabsy: disclosure received,Fabsy: natanggap ang disclosure,0d74f55c02db02cf394be0ac2f96c4d64b7c81aedb7cec0f3e61e0e76e82406a,c6dd8f1f40193e06a2b68c1dce22ff69f08dbc29a4d539273686ef24385a8bd0,draft,,,,
tl,notifications.disclosure.body,legal-adjacent,"Hello {{name}}, disclosure has arrived for file {{reference}}. The 48-hour review and action commitment starts only after the disclosure is confirmed complete, readable and matched to your file. View the update: {{url}}","Kumusta {{name}}, dumating na ang disclosure para sa file {{reference}}. Magsisimula lamang ang 48-oras na pangako sa pagsusuri at pagkilos kapag nakumpirmang kumpleto, nababasa at naitugma sa iyong file ang disclosure. Tingnan ang update: {{url}}",3b3d647e2d22b86f50edb38c70bf0ee0689babe69d3c20cd37f506e5c5233841,03cc21285b34c121ccc1926ce369885b07d4a060eeabadb4ff2ea8f4c82b0988,draft,,,,
tl,notifications.update.subject,legal-adjacent,Fabsy: an update to your file,Fabsy: may update sa iyong file,3673fe8c12c7e8d8e77aef08c7c59abec0f0b5600fca4b10623f49442fc1a59f,fd58170557db3b614e070f3be1109d1b0fd4c5924e6616aa7dd3573cfbb52c78,draft,,,,
tl,notifications.update.body,legal-adjacent,"Hello {{name}}, there is an update to file {{reference}}. Read the details and any deadlines in your secure file: {{url}}","Kumusta {{name}}, may update sa file {{reference}}. Basahin ang detalye at anumang deadline sa iyong ligtas na file: {{url}}",15cb5857455619a78dc88a517393125ad559f35d89dac9c3d06ae2bdc31245e9,da6e38bbb0be0132c1000fc5400217128f84d5c21a72a11823df9e2a202a5bfb,draft,,,,
tl,notifications.decision.subject,legal-adjacent,Fabsy: your instruction is needed,Fabsy: kailangan ang iyong tagubilin,3c7032fd8ec5a47d589abb3b6258ce4ced40f8f77df62807b772f4ba697c2ba6,2bbb3ed6a3493409525ad153ddac72a7d935e7093262b5a6ca604d5b38f5e4f4,draft,,,,
tl,notifications.decision.body,legal-adjacent,"Hello {{name}}, a response is available for file {{reference}}. Review the proposal and any expiry date, then give your case-specific instruction. Fabsy will not accept an offer automatically. Review: {{url}}","Kumusta {{name}}, may tugon para sa file {{reference}}. Repasuhin ang mungkahi at anumang petsa ng pag-expire, saka ibigay ang tiyak mong tagubilin sa kaso. Hindi awtomatikong tatanggap ng alok ang Fabsy. Repasuhin: {{url}}",1b59661ccdfbb79e3feab0824b27b9ec6e28147eea1ea6ab63784cbc049663cf,a72f1d5e2bf062e6f4c6100373688fffcab691580920ae1b1bd5b00823faff32,draft,,,,
tl,notifications.payment.subject,legal-adjacent,Fabsy: payment received,Fabsy: natanggap ang bayad,3eaabf16bcdf502b132e6f4e2d4d7f8829c993f4866b4d68950bf3ce40e6338a,14a9e5a3eda1a7809dfa9ce75fa45a7255ec04fa39e46fd9a77ff2369982e850,draft,,,,
tl,notifications.payment.body,legal-adjacent,"Hello {{name}}, payment of {{total}} CAD was received for file {{reference}}. Payment does not promise an outcome or extend a deadline. View your receipt and next steps: {{url}}","Kumusta {{name}}, natanggap ang bayad na {{total}} CAD para sa file {{reference}}. Hindi nangangako ng resulta o nagpapahaba ng deadline ang pagbabayad. Tingnan ang resibo at susunod na hakbang: {{url}}",12929594db3e2f51d259ac2172dce3e7a07f060b06899c886bcbf1ae906d81b5,80c75a2a684b0b125d2b248e6d30ca299ab092b230b416036b41b41d8a709d1a,draft,,,,
tl,notifications.disclaimer,legal-adjacent,"Fabsy is a traffic ticket agent service, not a law firm. The English service terms control. Do not send payment-card details by email or text.","Ang Fabsy ay serbisyo ng kinatawan para sa traffic ticket, hindi law firm. Ang mga kondisyon ng serbisyo sa Ingles ang mananaig. Huwag magpadala ng detalye ng payment card sa email o text.",d8eddbce3a3f38a99165544f5ac0723f7e52781be28721113bbe7a461331aba8,57c23df450d8e0b8fb37b51aa3c6e2774a8506498c820a4fe495177148a3ffc9,draft,,,,
zh-hans,nav.home,language-and-usability,Home,首页,3a78695388b38b5cceefaf6796b0137877514593543b91af2752d5a17e3d736c,203c08e0d44ac3753a3c5b96644a6e10403bc0cbc5770b55cd1f775745a0a978,draft,,,,
zh-hans,nav.rapid,language-and-usability,Rapid Resolution,Rapid Resolution,b187f5b3ecddd0a9de94688e0f3df7ba1699c3912b8450524631dea23e33887e,b187f5b3ecddd0a9de94688e0f3df7ba1699c3912b8450524631dea23e33887e,draft,,,,
zh-hans,nav.howItWorks,language-and-usability,How it works,服务流程,9c870aa6e5e93270170d5a81277ad3e623afe8d4efd186d3e28f3d2b646d52e6,2d8804672101d77312e50a45daeeac4bce04fa18dc06866fe8a1f82f27577a22,draft,,,,
zh-hans,nav.faq,language-and-usability,FAQ,常见问题,dbc468a14b601d5d9240aeb72b9fcd2f8aed2f4e30932876edf8d16ec313846b,45a6d115fdfb29bf65d7fd24429a38776f94cf198bcf6f50130a723d5a723ade,draft,,,,
zh-hans,nav.contact,language-and-usability,Contact,联系我们,2b5c3d26721ae9c350cf3009318b626f0fc8a90b4a2ac0ca8099c05aa849282e,c044f887b35d4c3a2e4f58b8f3d074b0cc703153a132543070e06da91a96b424,draft,,,,
zh-hans,nav.terms,language-and-usability,Terms of Service,服务条款,4afa55bf7aec7ddc5dfb904271f881be278e7629ce258675bf4b62f460017abb,9303687a9ccf1358bacc0fb34ec673d1720236e5499fca00dbdd0ff657113e9a,draft,,,,
zh-hans,nav.start,language-and-usability,Start with your ticket,从提交罚单开始,2c56895797789029dd67000776843b675c64f2a21d8d7feeeb49189266d6df43,01dfd46e385ac8b731b53b7b042a79d3c09ee9393de40aab10ef394643c29594,draft,,,,
zh-hans,nav.menu,language-and-usability,Open navigation,打开导航菜单,0ed77fd2619ba8ab3e1cce72c8e61d887d551ca1220164b88ab1aa66bba7177d,34f94202e6cdf7383778476b8bae4d1963aef82e31328e03213f0a2366a305e1,draft,,,,
zh-hans,common.brand,language-and-usability,Fabsy,Fabsy,1e32a2d78338c8f9aee12cf16a9075ef30f914394bae9f2817d8e8b5cd768837,1e32a2d78338c8f9aee12cf16a9075ef30f914394bae9f2817d8e8b5cd768837,draft,,,,
zh-hans,common.serviceName,language-and-usability,Rapid Resolution,Rapid Resolution,b187f5b3ecddd0a9de94688e0f3df7ba1699c3912b8450524631dea23e33887e,b187f5b3ecddd0a9de94688e0f3df7ba1699c3912b8450524631dea23e33887e,draft,,,,
zh-hans,common.back,language-and-usability,Back,返回,76900f1bfd16c8d4dd3d25e6f46638d7165aee23883ccea6bfe071c514421769,572cf45ba43634b3448aadbc48d5398a1b32ad8a97bf42b689c394de222c30a1,draft,,,,
zh-hans,common.next,language-and-usability,Continue,继续,31fbef162594de01bab0cd525c51f74de7bcb15063029fa1a54b2cf5944c80d8,7c9691192f1b73408bbe4c0cb6d00db94375ca9d8fce0a0d5985e7a5178f083f,draft,,,,
zh-hans,common.close,language-and-usability,Close,关闭,7d9eb7acb13e24625c404401d8e88b2350e32162455885f18276cf802f7701ed,3fd47edce45b3603d4192f61dbf3e51162589b0951042a18d244132ac92e7bb7,draft,,,,
zh-hans,common.loading,language-and-usability,Loading…,正在加载…,ba3bbbe10d8bef66441c88536ce7b8e724e2829b59a3da658654f4961cd61ae5,21bd738e0d7191a79734e976e49d15bafeb3f3385ae69620e52984d7da0e8c40,draft,,,,
zh-hans,common.yes,language-and-usability,Yes,是,85a39ab345d672ff8ca9b9c6876f3adcacf45ee7c1e2dbd2408fd338bd55e07e,b5141d3d19e9a04855acdb2dd5218b0924254b73d3cb663557ed0f9f73403750,draft,,,,
zh-hans,common.no,language-and-usability,No,否,1ea442a134b2a184bd5d40104401f2a37fbc09ccf3f4bc9da161c6099be3691d,0c70665b6eb65f1aebf3b59f684ce52ed3473b2443ed4b4e0b815e2e9d66b8c2,draft,,,,
zh-hans,common.optional,language-and-usability,Optional,选填,59be71333c960fd08e7e4fe9862206d9355f0a9884121a5b50ef8b36efdfe4cf,ebdcbdcf9c998d72cb1e76feed6f2be8ded40c3a97ab7cf29257ec405cbb596a,draft,,,,
zh-hans,common.required,language-and-usability,Required,必填,4850b174b713d88cfc63de107830d5388929020e78abc91fc19bba7a6821625f,11da9dc4428537c43ec205e68dcd8e12c23e84fda2f14d84b5bf16f54d3ed3a8,draft,,,,
zh-hans,common.english,language-and-usability,English,英语,ba118bf7fc9c1aedc1edb28a0aa86e0b43b681f222af6616e13c43be87815b06,d1648bacbc1630a60ebc0091fa7a4cb7d831c4696a80f302dcacfc59838895a0,draft,,,,
zh-hans,common.priceLine,legal-adjacent,{{price}} CAD plus applicable GST,{{price}} 加元，另加适用的 GST,944ee0c680a2fab96ebfad0f8002d76974d5e8a314ab34fc3d459516f936e422,c0b1b6a65573e06b7fc91f277f8107dc26ae9e5250cf9c9b5c0514a60e453a4c,draft,,,,
zh-hans,common.notLawFirm,legal-adjacent,"Fabsy is a traffic ticket agent service, not a law firm. We do not provide legal advice.",Fabsy 提供交通罚单代理服务，并非律师事务所。我们不提供法律意见。,0038e2676c3303c1e1680137d0ae376f010b28637f0c3ab1fda6c269fface64f,de1d39d78ce356d89ce11bf14add6d92113c20f24f7eb1976c8a7e3c5819afbc,draft,,,,
zh-hans,common.noOutcomePromise,legal-adjacent,"No withdrawal, reduction, lower fine, fewer demerits or insurance result is promised.",我们不承诺撤销或减轻指控、降低罚款、减少扣分或任何保险结果。,bbdc59a6e89ef90092c7f36df4ddc513b1892ead98e5c5cf630f5affbd905b28,91a9f4b706572a9dbcbf7e8b10ac163bf48f249c8c297a18c8b8a581d4ff6a47,draft,,,,
zh-hans,common.noSuccessFee,legal-adjacent,One flat service fee. No percentage-based success fee.,固定服务费，不收取按比例计算的成功酬金。,fad1ff1a6d818abbee8094929d2561b28b1dc184f1af5d913b80fda3984342bf,4d412dca973719b8d75db8a5d1165e3e0ceccc1a12ff39a70ec49be6e29ec11e,draft,,,,
zh-hans,common.clientDecision,legal-adjacent,You direct whether to accept any proposed resolution. Nothing is accepted automatically.,是否接受任何拟议的处理方案，由您作出指示。我们不会自动接受任何方案。,a2032b3ed93526db2ceabe8ba7e1aaf23a454430a59c140a7a83a87dbb2ff226,89ea06b88ae260d48b12eca9399d4c9bc62c34fb03a7f6014ca23fceaa0ebc4e,draft,,,,
zh-hans,common.notFound,language-and-usability,This page is not available in this language.,此页面暂不提供该语言版本。,b138a234004a23fb897689d56e62d134a8e7bf08c02730c98b47d1fa1882c040,d8972cea310e6e77d91f18f634d0ebcc4daa99ab1587b0aee0c8cf1591287bec,draft,,,,
zh-hans,common.returnHome,language-and-usability,Return to home,返回首页,ca3f1411b47186b1f3255b617eb90b06dba50bc8879ea1f47589959487726ebc,d66f4359dae37110800e78bee282c2c6eed06365b26eddb0b0c3f7598081c8ca,draft,,,,
zh-hans,language.selector,language-and-usability,Choose your language,选择语言,8e2d0664dbbb529de872582461068f7f7f752fc226a03a1b8439a4299dbf5e74,b90a8ac9c488ce4659237c49ba9e6d271ac16d16939fb1a2d8cbc26f8d7d3b4e,draft,,,,
zh-hans,language.offer,language-and-usability,Prefer to read this page in {{language}}?,您希望以{{language}}阅读此页面吗？,b62bed8d395e57be40b8c98546974430879d5e9dfb6e87570f301eaf0c2ac1a8,9bbaf033d711154a801cdd6b572990a5c97a2f8a8dae7a11124b05bb80ee07d9,draft,,,,
zh-hans,language.switch,language-and-usability,Read in {{language}},以{{language}}阅读,3a7b883abdecb5e82c05a6ca7f3c904948b56fa5a22e80204a5e5de8e47eb039,3ee4b410d9d48f5d3d07ea1e8b123bc1379353bfba05ed57bc7a9ad51f201041,draft,,,,
zh-hans,language.dismiss,language-and-usability,Keep my current language,保留当前语言,66cb3639efa97ec8cc387646bd21fa8eccc22d0166b93d8d0c979e52f31d54ae,d1bac582136288625cb8d8128e6d7ce55849b9d6796373c5efd7df5bc234a854,draft,,,,
zh-hans,language.draftTitle,legal-adjacent,Translation preview — review pending,翻译预览 — 待审核,51b60d5d973f27b433f3f034155a5368e67b106e02e99f39e69dbed802cb04ed,3cfb5ef4716db68d0f68ef6dc3429af028d02208b9091c96e2088cc67ba93212,draft,,,,
zh-hans,language.draftBody,legal-adjacent,"This translation is a draft and has not been approved by a native reviewer. Before purchasing or giving consent, read the English terms or contact Fabsy for clarification.",本译文为草稿，尚未经母语审校人员批准。购买服务或给予授权前，请阅读英文条款，或联系 Fabsy 澄清疑问。,aed054645990dcfb2b9067e55ec188dfe0051561571515142ac1fd3d87deeae9,31111ecb2b99bc4688e0c9c0c6fac25805954ebe9dec6ac5a3998f23b700982e,draft,,,,
zh-hans,language.englishControls,legal-adjacent,The English terms control if the translation differs. This draft does not change the English agreement or limit rights under applicable law.,如译文与英文有差异，以英文条款为准。本草稿不修改英文协议，也不限制适用法律规定的权利。,47d88a952adea0d705eeb834ade632a89f240c4ef8419186921e70ce329ffa47,f3b4d71da318d5e50d22939438f7095d52cfb42e2aeb3bab11463862990f4292,draft,,,,
zh-hans,language.readEnglish,language-and-usability,Read the English version,阅读英文版本,971012a5337e5192d5ca9b242712d22c57e69d6f8b5f8ca5d44de236c3b0336e,103e7b10cbce7322fe7bc6286e4b540e734bf8e5bf7ba7f42a9f191245383ab9,draft,,,,
zh-hans,language.paymentBlocked,legal-adjacent,Purchasing and authorization in this language are not available until translation review and language support are confirmed. You may continue in English.,在翻译审核及语言支持得到确认之前，暂不开放此语言的购买与授权流程。您可以继续使用英文。,18d90a7cee31fa2d70ab23127cfb3ce6a9a431f4aa9f2768996014b4c390750f,43e966ad98eb7683f7d8ea92aa56ffe4bd2fc04ea45cd886f3036966cf7e2911,draft,,,,
zh-hans,language.continueEnglish,language-and-usability,Continue in English,继续使用英文,dda43c1f791aa01cc7d30787034952cc7eeea541b26d103f771b0a5778bef510,f6088922bd422bfa50e2af110b8697273bfc3228b17e7c8fa888e3a2ac46af0d,draft,,,,
zh-hans,home.metaTitle,language-and-usability,Alberta traffic ticket help | Fabsy,阿尔伯塔交通罚单协助 | Fabsy,a933288a0f0dbbfdf1a8aa6ec0178b9d655fddc614361a828e7ca594437267c1,354a7e606570eabff93661462cdf28e4f769b2984dfcca77dd34441b7062b21c,draft,,,,
zh-hans,home.metaDescription,language-and-usability,"Understand Fabsy's Alberta pre-trial ticket service, flat fee, disclosure review and client-directed decisions in your language.",以您熟悉的语言了解 Fabsy 在阿尔伯塔提供的审前罚单服务、固定费用、证据披露审查，以及由客户指示作出的决定。,4af70e47d06aec85c528b9302e3cf7f2abe842754382d09c05ddcc66ab7f3adc,8b786c3ace9d8f45beb67c66a2054b82465f6206aef5b829be07c30013101b3d,draft,,,,
zh-hans,home.eyebrow,language-and-usability,Alberta traffic ticket help,阿尔伯塔交通罚单协助,d5730f2b069da1d051ced1960fab0c3aca338e66dc7126e897f027008db5ad2b,5181d14eb1e557d38149e2a1b2004eeda7d28a0e10eca12a2355be1c6f2cf207,draft,,,,
zh-hans,home.title,language-and-usability,Understand your ticket. Choose your next step.,了解您的罚单，选择下一步。,a58931b49428bdcbf5192c3aa5ff9714d379dd5598ae0bb76679f96415df5f74,82f4a8a1d4e086f3391febbf243795652a0eb8e69d0e90d07bc1754bbe7dd529,draft,,,,
zh-hans,home.description,language-and-usability,"Rapid Resolution brings ticket intake, disclosure, review and updates together for eligible Alberta pre-trial matters.",Rapid Resolution 为符合条件的阿尔伯塔审前案件提供统一流程，涵盖罚单资料收集、证据披露、审查与进度通知。,665888e5795174342a12d1026c5928f6f58586c7a5343d1b0dd819557665e129,47bd143d9b3c148bc314de9a8ba311f437258644b8327c0151a229ec7f55770a,draft,,,,
zh-hans,home.primaryCta,language-and-usability,Start with your ticket,从提交罚单开始,2c56895797789029dd67000776843b675c64f2a21d8d7feeeb49189266d6df43,01dfd46e385ac8b731b53b7b042a79d3c09ee9393de40aab10ef394643c29594,draft,,,,
zh-hans,home.secondaryCta,language-and-usability,See how it works,了解服务流程,a105ad29235aa71ee321d02ba00ee1cf7e9273406367343fdf9a721daa38419e,3e92795837fd32de93abd7b1d1327d299fa5c2a7bfc868a48d2b9edea436cbd3,draft,,,,
zh-hans,home.educationTitle,legal-adjacent,Received a ticket? You may have options.,收到罚单？您可能有其他选择。,87ca40f52f2ca6cbfe6bb2f359d58a36762968b23740c3802d61dcfccfb96359,64bf31f10692586d48cd746737cb60729d4d3b5d689a38dd0e1248529e7b0560,draft,,,,
zh-hans,home.educationBody,legal-adjacent,"An Alberta traffic ticket may be disputed. Whether an agent can help depends on the charge, procedure, deadline and court requirements. You may still have to attend personally if required.",阿尔伯塔的交通罚单可以提出异议。代理人能否协助，取决于指控、程序、截止日期及法院要求。如有要求，您仍可能需要亲自出庭。,6dd739ee7087a3787cde95ebfc3039b69c6b4ca1a983145bf3ec1bab1d3f204e,842f703c64e6d94208c37ec96058984e55f7538f3560655c08ca25f31f0aa9f2,draft,,,,
zh-hans,home.scope,legal-adjacent,"Eligible pre-trial matters only. Trial representation, government fines and work outside the accepted scope are separate.",仅适用于符合条件的审前案件。庭审代理、政府罚款及超出已接受服务范围的工作另计。,aba56c8bc6b001bf680db994ca3565ce679fa12c724b6274d10981555f549170,e89066b1e509af476a31ebdb9698ebc93462386537f95913b48b8e75095aed5c,draft,,,,
zh-hans,rapid.metaTitle,language-and-usability,Rapid Resolution | Alberta ticket help | Fabsy,Rapid Resolution | 阿尔伯塔罚单协助 | Fabsy,15d50e2ad66f464b564fbfa7a42df04643f8826078e7f98f3dd7488255bde663,21de1bc4c77ce4a9bdf75a49cf294a04f82dcbb9d97dd2ba39ba35ff4c190b20,draft,,,,
zh-hans,rapid.metaDescription,language-and-usability,"Secure ticket intake, disclosure requests, qualified review and prosecutor-review submissions for eligible Alberta pre-trial tickets.",为符合条件的阿尔伯塔审前交通罚单提供安全资料提交、证据披露申请、合资格人员审查及向检察官提交审查申请的服务。,2fea531cdd6be1899a5464c8ba270a7ac308bbc389fe4c906c8a4bed4c27351c,23eb6aa126c3efe20cdc742fa791f1644aa58b181a8f0442ec31ee92e65b7f69,draft,,,,
zh-hans,rapid.eyebrow,language-and-usability,Alberta pre-trial ticket resolution,阿尔伯塔交通罚单审前处理,53e3aee58095e335a6619f34d0a619e3f69f3927dbf0eeec50718b916fffb411,15546e7090ff919919e2b94f3a260788214531efb545d03c71606e4c79ec266f,draft,,,,
zh-hans,rapid.title,language-and-usability,"Your ticket, moving forward.",推动您的罚单处理进程。,fa9903b72e9a7cd46ef15a5942f3a1b03c4775159261391c5f5656d4b8f3770f,8cd40268b92a0bd2485ebd77356888e87f1971b9889de3e7b2681ac22b6c046a,draft,,,,
zh-hans,rapid.description,language-and-usability,"One secure online process for intake, authorization, disclosure, review and your decision about any available Crown response.",一个安全的在线流程，涵盖资料收集、授权、证据披露、审查，以及您对检方答复作出的决定。,73146d7052a0d3c05c01983c80b951c019cb8b91d3f2f19087f35311796f0f4b,986e8dd59ed3a999564c677eb12837157633c670d6e6f013bdb2e12dd62fea40,draft,,,,
zh-hans,rapid.priceLabel,language-and-usability,Flat pre-trial service fee,固定审前服务费,245b584da8e4b0a84436c89e613981c2d9cdfc0b407002ba7454ca9c84001f8f,d147d54b034fc0211d811c01d43c88edcd25d0ee5bdc5fff5ce861de0fedb18e,draft,,,,
zh-hans,rapid.includedTitle,language-and-usability,What is included,服务包含,06cec1523c69f02c94d6f022bbc8c2fdfeaa8254779e81b94154843cbc546e39,aeeea761cf773689aaf455d987eaff4316b4dc9075b21551377ff7e452274412,draft,,,,
zh-hans,rapid.excludedTitle,language-and-usability,What is separate or excluded,另计或不包含的项目,4df6a50399117a7c9c7ecb41541e9d436a7d0bf18e1741e09234996ed09a5df0,ed15952018ba58191c4d337ffbf8eb62800eadb9fdd0f07489d94b8b1726c984,draft,,,,
zh-hans,rapid.included.intake,legal-adjacent,Secure digital ticket intake,安全的线上罚单资料收集,c6b27be55d9e6247a6dfb27d677ab01c4d5f9908df044dd9e99bfc99ddca6e1f,96e9cd7413ec72a76c7c1a159e8a5dd5f563cd740f54246808919505770d25e7,draft,,,,
zh-hans,rapid.included.eligibility,legal-adjacent,Eligibility and deadline review,服务资格及截止日期审查,c9784f804994a42cac2c9d750fec26ad2f3dfbb6b9e9ffb24ca1f38308afc146,ff02f444a4a3ed3db1e1c74157c715cffefd5962cbc9b74bfe26bab4d9e947e6,draft,,,,
zh-hans,rapid.included.authorization,legal-adjacent,Digital consent and authorization,电子同意与授权,605e3a25894b7773b01999f86a2dcbc22117d42a5dd2047d6a33d44b4ede28a2,d01e94132dce4c587cf3b27bf769d42812fa93119efdc0b8371c56b9af72cd1c,draft,,,,
zh-hans,rapid.included.disclosure,legal-adjacent,Disclosure request and document tracking,申请证据披露并跟踪文件,609c2d0df430b8de1a6edf96d66d2072721eb0b9adccc8a1813d1a82e183d57e,e1d03e89caf49864dcb999b34b010e2e4c2a3cc811b45bdb38276bd20e901a1f,draft,,,,
zh-hans,rapid.included.analysis,legal-adjacent,Technology-assisted disclosure analysis with qualified review,技术辅助的证据披露分析，并由合资格人员审查,7d836f2f04ca3a4c070843e4a6fbd4848c6c4ea8465a315821845259cd0b5045,4e81c85a0661e37c66e27a57f1fc64520c0a223f2269988d8bafa3d5753423ac,draft,,,,
zh-hans,rapid.included.submission,legal-adjacent,Fact-specific prosecutor-review submission,根据案件具体事实向检察官提交审查申请,0f3c9165b7ce359eb91b4e3c31246d4d920dec5374fb301255672e9bca188adc,01b3826feb768042074dc476763851f8b94602a2d593c11983a7c273395ee725,draft,,,,
zh-hans,rapid.included.updates,legal-adjacent,File-change notifications,档案变更通知,27fd0a60b3cb5fc595c43726f2016a27b2f933baafc5fe7d214a9f9089ac1dc3,270d9e564517c76a192395f4794fae23efed8b4dc044fc38f9c2beb07f902052,draft,,,,
zh-hans,rapid.included.explanation,legal-adjacent,Plain-language comparison of the original ticket and any Crown response,以清晰易懂的语言比较原罚单与检方的任何答复,a1fdff3ef43ee56dfc38e640c9465fe9455e11b24df2c9ecb44ad91364233fbe,267f25cf91f80e8b021649a55d5188ad9e42db5f260e499c95873f4138bf3e68,draft,,,,
zh-hans,rapid.included.decision,legal-adjacent,Client-directed acceptance of an available pre-trial resolution,按照客户指示接受可用的审前处理方案,86db57c76017c8d499abb4f5ab64e47326b13801ab2dfff7d5af3d82e3c037e5,3208020a4242d7ff4aa0ea66d202d6ccf7a92c798474e86723b19912a6ef23ae,draft,,,,
zh-hans,rapid.excluded.trial,legal-adjacent,Trial representation,庭审代理,51803b529e779f10e892df8e12cc17455e2197c39e2dcc31d5fb2eb6acc65018,250e0ab6526c8c62f6640090d418a9bfdd8df4e78bf4b0d41ca27e5320a373c1,draft,,,,
zh-hans,rapid.excluded.appeals,legal-adjacent,"Appeals, reopenings and extraordinary applications",上诉、案件重开及特别申请,f058b085e86c6e97ecf21b7c1df5f72d53374e5a8f0eec523d575c98fc8a884c,4321632fd6f0e2b87396f8c2a400682a4978653fa8917f6e8dfec30354be7812,draft,,,,
zh-hans,rapid.excluded.sanctions,legal-adjacent,Immediate Roadside Sanctions and Notices of Administrative Penalty,即时路边制裁（Immediate Roadside Sanctions）及行政处罚通知（Notices of Administrative Penalty）,94859cc2759883e240ac79c273f5a9d81334ad4a780946043ad39adf38303cb5,c671cb424af8758e435f992eaa60806e9cf1e06b0ebc5f7c1857987108bb9518,draft,,,,
zh-hans,rapid.excluded.fines,legal-adjacent,"Government fines, court charges and third-party fees",政府罚款、法院收费及第三方费用,36083c69d74cce5e98485c542ba4b739b5a73def3df0f6bc73bffc1f010eede9,5274e67e8dda482cb7f7e65859369b9d133791ecb76dc762c00e80e493850d9d,draft,,,,
zh-hans,rapid.excluded.scope,legal-adjacent,Matters outside Fabsy's permitted or accepted agent scope,超出 Fabsy 获准或接受的代理范围的案件,9a3b6384ab4d65bffa580caaf4d4df67ffb45689b8649ecdbe15d66ec3f0b23c,57a29e531b33281cb52cb91a990ffa2f94e1b669bbd8758e5d4b7ce0b44e5643,draft,,,,
zh-hans,rapid.speedTitle,legal-adjacent,Complete disclosure received. Next authorized action within 48 hours.,收到完整披露材料后，48 小时内采取下一项获授权行动。,5ae7e05f7eebba8e4d137d094e3352c816d4a87b00ced36971c6b3bf26c41a9f,c10ec6eeafa76a817631c911499e1d6d4b753a1c179c4fbde878719ecc3cd30a,draft,,,,
zh-hans,rapid.speedBody,legal-adjacent,"Complete, readable disclosure is reviewed and the next authorized prosecutor step is prepared or submitted within 48 hours after it is received and matched to your file.",完整、可读的披露材料收到并与您的档案匹配后，Fabsy 将在 48 小时内完成审查，并准备或提交下一项获授权的检察官审查步骤。,e433f693afca98ff0dca76217786aeea27c5eaa97df530026d18c940dc8e1b73,cdae2ae85c3e1ff104ea306d8787b794dfc3c5245c77ce061789c41bd588df96,draft,,,,
zh-hans,rapid.speedDisclaimer,legal-adjacent,"The clock starts only after complete, readable disclosure is received and matched to your file. It does not cover Crown response time or the date of a final outcome.",只有在完整、可读的披露材料收到并与您的档案匹配后才开始计时。不包括检方答复所需时间或最终结果的日期。,5f8cd44bc69192540e120e489ec0fa48b62591254066fecc46d35422fe29b1e0,2f0c58fd24ce3df9acb351f8d5b4c02e1da4a707321967f5e6f0a54bf083b907,draft,,,,
zh-hans,process.metaTitle,language-and-usability,How Rapid Resolution works | Fabsy,Rapid Resolution 服务流程 | Fabsy,b9ec79b1fa6e78e005ba4a44ccd238f372750ce62b73403fdb64d637504885d6,5cb01b439fe70d48783738f8f6ae9102a89354c6dd850380c67f97d569273f2a,draft,,,,
zh-hans,process.title,language-and-usability,From your ticket to your decision,从提交罚单到作出决定,9e1627be95b19beddbf51e60565ebe8bd67da6dc1fa0e67b614bf14b460d1128,5b71fe9933aa30dc309ab851cbb86e218d6479ef32b7239f535fa6aef84772a9,draft,,,,
zh-hans,process.description,language-and-usability,"Your ticket, authorization, evidence and updates stay connected to the same file.",您的罚单、授权、证据与进度通知均关联至同一档案。,44750c6c1f7b95af59f5b35c4b7edf2049c60d23a4e868a1f81ca8fdf6025c12,c432fb83e9257852dcb6c346fc43775e84b8d063b1d4abd784ff48ea6f727650,draft,,,,
zh-hans,process.steps.intake.title,language-and-usability,Share your ticket,提交您的罚单,06896a89f5fb6a637c0f84a7f5de7901e175193f57d1736c6313126cce35ddf7,fad1b790f88894800e2e6b869607c8867ce1658922e6c0a96104ab5bc86a418f,draft,,,,
zh-hans,process.steps.intake.body,language-and-usability,"Upload a readable ticket and provide your details. Fabsy reviews eligibility and deadlines; service starts after intake, authorization, payment and acceptance.",上传清晰可读的罚单并填写资料。Fabsy 审查服务资格和截止日期；资料、授权及付款完成且案件被接受后，服务才会开始。,92e48be7b63cac262e7c353174f9b98e635effeb0016246fb8c7da628c488007,cb7782918b0f0aa98f0c72056260b6c43708fac9597d24de95c3fad3d0ec5612,draft,,,,
zh-hans,process.steps.disclosure.title,language-and-usability,Disclosure is requested,申请证据披露,76367739dcf81b07c4d024e0036af905c2bb1c04b7a1f2321cdbbcd3cf1f0982,2df6b0dd86fecc03acbd658a743f506095a4851f59920c6cb2133b488f253f82,draft,,,,
zh-hans,process.steps.disclosure.body,language-and-usability,"Where authorized and available, Fabsy requests the prosecution's evidence and tracks documents. A request does not extend any deadline.",在获得授权且相关服务可用时，Fabsy 向检方申请证据材料并跟踪文件。此申请不会延长任何截止日期。,66118a2bc4f77aecd89a833c77225622f9d4ce17752175d17842ee06381e303a,85320b13c35ac74e5b63e953f4e54a0ba92d65f703722c65684773da7fd0f65b,draft,,,,
zh-hans,process.steps.review.title,language-and-usability,Evidence is reviewed,审查证据,9f844b9afec9fd194c3ad12c5eac9790e73b4a1266efb1299344a335c584b7be,6119a8d60cf8ef853c598b1cf71608236f7c5d6157ae3af0527a510c0bc8a23c,draft,,,,
zh-hans,process.steps.review.body,language-and-usability,"Technology-assisted analysis and qualified review examine the evidence, procedure and available pre-trial options.",通过技术辅助分析及合资格人员审查，评估证据、程序和可用的审前处理选项。,92bb246b305af86054b886ddbd3e00b67e1df61e3cd591a083fe7965e562c9ad,57826f9095b1fdf20ee6bbee8361340896ef6f0b51a174605e04b0d9346131eb,draft,,,,
zh-hans,process.steps.action.title,language-and-usability,The next step is prepared,准备下一步,43f4bdd56d945293669bac4c01fde42bdc43eede7bf2320362372e22157e0f8b,58977151741fef4fafd2c4abd24f510f85eb0e9430b979290f746ad334ae8681,draft,,,,
zh-hans,process.steps.action.body,language-and-usability,"Within 48 hours of complete, readable disclosure being received and matched to the file, Fabsy reviews it and prepares or submits the next authorized prosecutor step.",完整、可读的披露材料收到并与档案匹配后，Fabsy 将在 48 小时内审查材料，并准备或提交下一项获授权的检察官审查步骤。,82a3dd182bc216afd91f1accd4970cf935321f56fbd7ba9bd566cdc38806afe8,13c3373468d4adcd555879a9a027ecff4ddda5652a20321f0a218bdefdaa8dcb,draft,,,,
zh-hans,process.steps.decision.title,language-and-usability,You give the instruction,由您作出指示,2b2934d5506b185ef9dbdebcda6e7d52377650a875842adaa465ce42b46ba473,69bce374ce2dc1359442fc3e1c182dbea2fad1ce6917cf6d9dc769eba86a2dda,draft,,,,
zh-hans,process.steps.decision.body,language-and-usability,Fabsy explains any Crown response. Only you direct whether an available resolution should be accepted; trial work requires a separate agreement.,Fabsy 会解释检方的任何答复。是否接受可用的处理方案，只能由您指示；庭审工作需要另行签订协议。,086dc4715dbb43c4f12d98d4aeda08e0c9d05c603002545998e96bbd5c244243,319fc2c41a58d6ad5963c8f2c65a8254d95618500642c4af5cc6e5587dfde0d3,draft,,,,
zh-hans,faq.metaTitle,language-and-usability,Alberta ticket service questions | Fabsy,阿尔伯塔罚单服务常见问题 | Fabsy,d997ed0d013711dd9d13ffcecbc0ccd852e3d22797a0ed90706ed3808f6fd338,9196100ee049bd233260d926661a09675d1520c299e27e9d2172606d13349273,draft,,,,
zh-hans,faq.title,language-and-usability,Questions before you start,开始前的常见问题,9498defd4dde31d53edb329c8d0db6883d63774d2e7e79963add2da52eb8aa4e,44eaa3f85e9090ffbcaecc90fdb62a3b43e02d14259455daecaf83213cdf97e0,draft,,,,
zh-hans,faq.items.fee.question,legal-adjacent,What does the {{price}} fee cover?,{{price}} 的费用包括哪些服务？,2e094fcc16eddefb6a19d2f044225fd40fb844c12f450a1c27e7e44ac7d70b9f,49231c059c83863e66943aca0c2babdaf9a2cd9061185d406e5dd267cf772c3c,draft,,,,
zh-hans,faq.items.fee.answer,legal-adjacent,"Eligible pre-trial intake, deadline review, authorization, disclosure requests and tracking, qualified review, a fact-specific prosecutor-review submission, file updates and explanation of a Crown response. Applicable GST is extra; fines and trial work are separate.",包括符合条件的审前案件资料收集、截止日期审查、授权、证据披露申请与跟踪、合资格人员审查、根据案件事实提交检察官审查申请、进度通知及检方答复说明。适用的 GST 另计；罚款和庭审工作另计。,a1dbf2898946b3702690c46c65c273d6c66c36e061b4b3f887a0f8610925f17d,cc6e0325ec86fa23fb2c404e98d71737c8472d2beca9fd732c534c0476ef4abd,draft,,,,
zh-hans,faq.items.speed.question,legal-adjacent,Will my ticket be resolved in 48 hours?,我的罚单会在 48 小时内处理完毕吗？,46561c71c1d55265cd7ea1998970eda3466dd45c45771c42452cfdd749a2df71,db665128e78cf442320dc07fd41bbe65a83d08dd898a0d3c2e5c660fef102b99,draft,,,,
zh-hans,faq.items.speed.answer,legal-adjacent,"No final-outcome timing is promised. The 48-hour commitment begins only when complete, readable disclosure arrives and is matched to your file. It covers Fabsy's review and next authorized action, not the prosecutor's response time.",我们不承诺最终结果的时间。48 小时服务承诺仅在完整、可读的披露材料收到并与您的档案匹配后开始。该承诺涵盖 Fabsy 的审查和下一项获授权行动，不涵盖检察官的答复时间。,911b892d1c4d702099b7512f0ec5487b789a17087fc88e79146b86b69f707d8c,c261a0f47fa3267b9a9d8ee248e0929aabe58e3cadd85440ea3697cb86ec091b,draft,,,,
zh-hans,faq.items.deadline.question,legal-adjacent,Does a disclosure request extend my deadline?,申请证据披露会延长我的截止日期吗？,d7ba23f96466138ba0f3cd4f4066d81848d5269e2f4fe50effcc1db0162cb838,6bd7f0eaf1c3e4da7e4fcc84de25d1b4aebddf97b788c53200cf9a68113501c5,draft,,,,
zh-hans,faq.items.deadline.answer,legal-adjacent,"No. Continue monitoring the dates on your ticket, court notice and portal. A disclosure request does not itself extend a response date, trial date or other deadline.",不会。请持续查看罚单、法院通知及门户网站上的日期。申请披露本身不会延长答复日期、庭审日期或其他截止日期。,7c36942f46dd03eaf667e50cc8645f98fd071d15cda3819ea5728d814110cf1e,1229530003556501eaf461923041058a4d06fc5afe5f609fc79f41fca68a3b8a,draft,,,,
zh-hans,faq.items.trial.question,legal-adjacent,Is a trial included?,服务包括庭审吗？,51d0d788dc018d786d7b71447316c41838f8655c6ae74e0a42645e921c2607b9,a468c855499dcfbabc4687fd2e904c36b0363e8c42999fed921c5e7f8713dc44,draft,,,,
zh-hans,faq.items.trial.answer,legal-adjacent,"No. Trial representation requires separate eligibility review, an agreement and a quote. Appeals, reopenings, government charges and out-of-scope work are also separate.",不包括。庭审代理需要另行进行资格审查、签订协议并报价。上诉、案件重开、政府收费及范围外的工作亦另计。,a8b5ab22febf4f9f40e933978cbaac7f742c0b92d49313db0a7f99b53d8d61dc,f19920fe948a219647a37638af5790145dc73bd8395384749e0251764823e11b,draft,,,,
zh-hans,faq.items.approval.question,legal-adjacent,Can Fabsy accept an offer for me?,Fabsy 可以代我接受方案吗？,279750ea59b803f41091b4ec26450f03e8e8b50b59c44d5f2ffabae7aadefc08,0f1a2e4b4e4caaf5415b86dd943b577108373f8633947041ad0a0d69f5a764f9,draft,,,,
zh-hans,faq.items.approval.answer,legal-adjacent,"Only after your case-specific instruction. Fabsy will not accept a Crown offer, enter a guilty plea or finalize a proposed resolution automatically.",只有在您针对该案件作出具体指示后才可以。Fabsy 不会自动接受检方方案、作出认罪答辩或敲定拟议的处理方案。,028f46cbe8707fcdbe0c14758d720f9eba17c832d4a713b393a5fa17fd840311,b0ccde778d731895018a33eed9ac4501952ae06cda8e80b1c6ce785b23ed6c60,draft,,,,
zh-hans,faq.items.outcome.question,legal-adjacent,Is a withdrawal or reduction promised?,是否保证撤销或减轻指控？,42eafffad8245a37eb25d6826a395fcbd55634f4dc8b15643553531c77782c77,6a44c60c2f25b570503c8201900f78e284d600b3fd51a0998e97e5d5328d4ca0,draft,,,,
zh-hans,faq.items.outcome.answer,legal-adjacent,"No. The result depends on the charge, evidence, procedure, prosecutor and court. There is no promise of a withdrawal, reduction, lower fine, fewer demerits or insurance result.",不保证。结果取决于指控、证据、程序、检察官及法院。我们不承诺撤销或减轻指控、降低罚款、减少扣分或任何保险结果。,75463e420a8351295a6f3869dacb56c50a4e19e9021cd688961135403d4ed6de,c88ea4c5059ddc77a62820ef8592ae31a93e2f0824ce7f7118280fbac1b87d77,draft,,,,
zh-hans,faq.items.language.question,legal-adjacent,Can I write in my language?,我可以用自己的语言填写吗？,bc3db8223dc10707b55087856212a309db18c3776bff6e4f14656d9351833d76,4b9738759150fc5e3ef20c535864c5cf045df2c1d77b17816e807c61009eb0bd,draft,,,,
zh-hans,faq.items.language.answer,legal-adjacent,You may write your account in your preferred language. Ask Fabsy to confirm available language assistance before relying on it. A translated website does not mean a speaker of that language is available by phone.,您可以用偏好的语言描述事件。在依赖语言协助前，请先向 Fabsy 确认是否提供该项支持。网站有译文，不代表电话服务中有会说该语言的人员。,f1092bc9faf469eb6a0a9849dc2620b192933ec6e6e3d5bf1fecedf7fc96b049,174ee52e9925e0676632b2268fa57cb4801cdf86da221d56c893c01816d204bf,draft,,,,
zh-hans,contact.metaTitle,language-and-usability,Contact Fabsy | Alberta ticket help,联系 Fabsy | 阿尔伯塔罚单协助,ed7a28ef612a5c2c1fe3027668ccada01f32be7af4439ac002dbfc22ed125358,7383b637682e5563ab3b65884f370f3e5a3e89cf33246ee60fecc4ab8d9bd970,draft,,,,
zh-hans,contact.title,language-and-usability,Start with a written question,先通过文字提出问题,846798956dfbfb9363b49c6f91ddd0de1b14601e8a6ade3e34f4dd32e27e045f,1f0e7d2174d840e37b7d17ec56440d4d332196b21bd9422a54eaa79dfc87fed3,draft,,,,
zh-hans,contact.description,language-and-usability,You can email a question in your preferred language. Include your deadline and ask what language assistance is available.,您可以用偏好的语言发送电子邮件提问。请写明截止日期，并询问可提供哪些语言支持。,cc096a13093b0c65f1831a8989c079857a0951f390ecbb6079088a4db286b875,81032692d5257533da0d6dd5496b5477415b2defa71ec6ffddb95d8194e62547,draft,,,,
zh-hans,contact.messageLabel,language-and-usability,Your message,您的留言,7a057bd996a32915a171b4811d248b48f0fee7dd5e74f4510c156569ea36b4c5,c6e410851eccc8636b30f1a88e61a8b95a80cd41be1d6b3cc7a1895ca69e4c2c,draft,,,,
zh-hans,contact.messageHint,language-and-usability,Write in your preferred language. Do not send card details or unnecessary identity documents.,请用您偏好的语言填写。不要发送银行卡资料或不必要的身份证明文件。,11b3d97ead15ab909dd7020a27f92be67e2cfedd9034cc2beca0575ef2ba2227,0160d483055bd9862963aa5fd3d808dabbd39efc35b9b7e2d9b90b7cbe1d9fa2,draft,,,,
zh-hans,contact.submit,language-and-usability,Send message,发送留言,93a26b1eaff99b3a84dd80366660991d15703a96514497afd997c12c43000ed7,88144a20a3bc11910321afd7a19805dcffa116a97a6152b6ec580e94ed89e9c7,draft,,,,
zh-hans,contact.availability,legal-adjacent,Language support and response times must be confirmed. WhatsApp and phone service in this language are not currently promised.,语言支持及回复时间须另行确认。目前不承诺提供此语言的 WhatsApp 或电话服务。,b509a1a34f5e45d302542e4888222f03ebef2e15ba2a58ed146796c66453db68,4f7b3df0bbd109b3c65f3bc4bb6592f80238d15ddb2663650bafa69792ccffde,draft,,,,
zh-hans,contact.emailCta,language-and-usability,Email {{email}},发送邮件至 {{email}},46d94b216ce8e085d7a796624941d9939fa2c4444c1880cc869d713bc3f3db8a,fe4d3e00a5ee0bf5303854233bb58dfb01eeb127462b4e93464563512122501e,draft,,,,
zh-hans,contact.whatsappCta,legal-adjacent,Text us in your language on WhatsApp,通过 WhatsApp 用您的语言给我们发文字消息,105dd00de557e3661e5a9484f348303cca7177367fd866f009f32d1e5cca6b0c,b7daa95e499940e495223e8726332b1d4fcbef5b2272261dc5fc96f5f5e77d46,draft,,,,
zh-hans,contact.staffAvailability,legal-adjacent,Ask which language support is available before calling.,致电前，请先询问可提供哪些语言支持。,26d6efc6d2f4fe35fae8c2ce756511b532ec11a42b5b2c3a490481198d591e70,aaf3f28562b4279ab852065a1ea3bd5d3327c2e9a224777118b2c1128bb0a2d6,draft,,,,
zh-hans,contact.whatsappHint,legal-adjacent,Send a written message in your preferred language. Do not send payment-card details.,请用您偏好的语言发送文字消息。不要发送支付卡资料。,71d9b4e04a11c5b2cfda2da32871b914649e38ae6cfc2adc901a84d8d07e35fd,d6f16e5bb6bc59e3806930d8f46d40f705d743c830451e186cf939387865c44f,draft,,,,
zh-hans,intake.title,language-and-usability,Start Rapid Resolution,开始 Rapid Resolution,08d30aec3aca3e8f9399438ce9780f7a03f67583b7fbc31df1de48a958480beb,d0c5ebeb5cec90ee81116d3dd3e4cf2a7937ee2b41fed490a43623241b239c09,draft,,,,
zh-hans,intake.description,language-and-usability,Enter the details exactly as they appear on your ticket. You may write your account in your preferred language.,请严格按照罚单上的内容填写资料。您可以用偏好的语言描述事件。,895239d7cc03f62b9c38c498def413079949204d7c3abb9cf01ba2f8ef9f6f3f,72c06581b3d76bcc61df4efe827ca75d27c5520f32624755e4782eafcaeb32a2,draft,,,,
zh-hans,intake.steps.ticket,language-and-usability,Ticket details,罚单资料,095c5093d6828fd6e732a178cf50a84e0a2fa359c999e38edb8e4ef3c49245cf,fa86090ca0ca6047cecd4a553e4b90656b879229836705bd5760c633633ad6c8,draft,,,,
zh-hans,intake.steps.personal,language-and-usability,Personal information,个人资料,06a571228fc4b88b951b3df6ec8f1cd70342feafaa6c298aa1d07fe690b2913c,b94d13a45ea21152fd63e193e3c0e3d6ff168931b471e1f8bfca84b0723dd3c1,draft,,,,
zh-hans,intake.steps.account,language-and-usability,Your account,事件陈述,dbb5f6371b6a2a677f09c24d17fdc581132a41881a818469a92b58588e8764bc,3f1678c0db39e7ad9afd367ce3167d642a2fe9c8565a9f9cea7ec0df8c3e1b45,draft,,,,
zh-hans,intake.steps.consent,language-and-usability,Authorization,授权,ca5839e38a15433e62b39767d6a86eaafba17ea6b3ea61e3b89e2ac46baa874c,6cf2531ab1119b67ad2010040ae1ac73f817785684fccc26111b3b70ef5fcbe5,draft,,,,
zh-hans,intake.steps.review,language-and-usability,Review,核对,aff0766a5290e117b8433c351bae7b7b23bed682b2369bd822d88a647cc58512,2e81b3dff58090231b9e74f4a9d90e76fcf46ad4c483e5ffc36e3b152a24e4fb,draft,,,,
zh-hans,intake.steps.payment,language-and-usability,Payment,付款,7048f38b33f135df36b3d9d382f167d45cfdda857b616899c9d8c9acd2751f64,6f0546de73d1c9b069354a3e1cf7234700b65966a08b534ac392695272e70e8c,draft,,,,
zh-hans,intake.fields.firstName,language-and-usability,First name,名字,702ef921ed1d89bf63353c899af7e338722a3ef6123d0a98333a162818f85e59,6773310492a96fcf96035a33dc957b7f552d26dd6630bc2c14189d2e6aa723ee,draft,,,,
zh-hans,intake.fields.lastName,language-and-usability,Last name,姓氏,7b4888049459f04adf3d6023c45e8ac8fc80e7ce8dfc643179da25a2c3b05443,b85f26df126949fd7c66ff7f992536bbcf5246f9497bef927450de4dff60ac12,draft,,,,
zh-hans,intake.fields.email,language-and-usability,Email address,电子邮箱,f2488fd4ef4adbc6ac61300083f2c33980e48bb4bbf3c540ad760d61fc36f420,97eb336585031c9c026dbc0ef15371a2d2cb51f64bea7edd25bb4df81a81718e,draft,,,,
zh-hans,intake.fields.phone,language-and-usability,Phone number,电话号码,306f1bb20677a622fc38185239e89a940f6c1727e440a2b359d7d0e1bf600644,8e87c0dda911097d3213e3de9771f26aa7f98f70ee7627a26c228398ea5f981a,draft,,,,
zh-hans,intake.fields.smsOptIn,legal-adjacent,I agree to receive text updates about my file.,我同意通过短信接收档案进度通知。,32bf2bb33aba0f995ccceaad77c8e80f977fdde206ef04cbc3f7dcabe009c198,08774c49424a01ecb993346acdec9bb85b8a63feed39bfb0d019a82f60018e81,draft,,,,
zh-hans,intake.fields.address,language-and-usability,Street address,街道地址,8a386dd14cb9a70f6f2769a7d50dd945fc29bf76fbb219dfa017d1f18739dba0,1ef09356c07c9899cfd4e0f7628df58b40c6eb852b0e4d6d6f7bfbf53cc414b8,draft,,,,
zh-hans,intake.fields.city,language-and-usability,City,城市,fc33f73246f48295702f404001e74d56f14d2f82689b2816422dc1a4c2ec4fb2,ed84a1665f79b6ca43e821a4f81a050fb3a32f6a283a1df5ec69e09301ce2a4b,draft,,,,
zh-hans,intake.fields.province,language-and-usability,Province,省份,abfcecfabeb7545eaf3bc06d4c35204a4ebfd978963d132838d0198638a45b30,fa126ae14a3e60357b326fc5fdcad154d8527775d74ff6ce41627d68d32aa305,draft,,,,
zh-hans,intake.fields.postalCode,language-and-usability,Postal code,邮政编码,ae53cea8228bcfc350fef961189a32a592e06ccffa52a8b991f88841cbac8de4,057ff3f596c4c4d4b8871cba845f44c9d9ee723095f728e98f6fa57120249116,draft,,,,
zh-hans,intake.fields.dateOfBirth,language-and-usability,Date of birth,出生日期,eb4c4e239122d42d1ca7a7af175d6fe393926cb14aaab56b7ab7fc056b2ccb86,1c54caca8ead92fa9b01b2e256398613ef14f795c89999ea3eddf5a69fcc2137,draft,,,,
zh-hans,intake.fields.driversLicense,language-and-usability,Driver's licence number,驾驶证号码,7794437f3e0c40324b31fddbae56f957e61eb4176a1d3f66fd4b3ccf8d62a002,f37b05058ec614dfa5fc6bf333ff90799eeaf356ff42028130f8f3ae60c7e229,draft,,,,
zh-hans,intake.fields.driversLicenseImage,language-and-usability,Driver's licence image,驾驶证照片,2c62301c7c9d0f2c266badff196079163818bd694329f99d907e77aa54eba4a5,ca6febb5e1847fcb928928e1c96cd5c432e07e3fbaea4752e2e177572e935988,draft,,,,
zh-hans,intake.fields.addressDifferent,language-and-usability,My current address differs from my licence.,我的现住址与驾驶证上的地址不同。,9fbf46971f882388a58d6e5099223280287f25336ffa8e36627459f934da6524,7d22c9737dbca72713480f2e1b3ca5ab492aa8d8b89ee39e82208b1cff8a9277,draft,,,,
zh-hans,intake.fields.ticketNumber,language-and-usability,Ticket number,罚单号码,ef4169ff531e73a501177740307b56c6419d4b3251bb040eaf604cf61e40affc,d24487900fe86fc9468e9835ba7010c8d63ef426d83b327ba33a8968c9c54b0c,draft,,,,
zh-hans,intake.fields.issueDate,language-and-usability,Issue date,开具日期,f0a6c4753adfbd8c4cacfd961ae4c130c70f3d99142067875fa88cf96484643c,8200d9dbd3f86e1c4ca30ae4f6d4cd55e2a8b965842d5882ad638054c3f8ea34,draft,,,,
zh-hans,intake.fields.location,language-and-usability,Location,地点,15b61974b2707a7b3d4201385e0f01f4ff5eb1f17c5639d98788ee5add2025cd,253ac66fb8e1032b4270f243c922faecd98a1cbe5e3c772707586f94e1a3e09e,draft,,,,
zh-hans,intake.fields.officer,language-and-usability,Officer or enforcement agency,执法人员或执法机构,c6797261f6fd67ca9bab533218d0ddeeec2abfc65cfa92814c20d1d8e733862d,05d28fe0ea7dc81529b771cbcd444d00959050c9a7bb88a8095e862259d9aa9a,draft,,,,
zh-hans,intake.fields.officerBadge,language-and-usability,Badge number,警员编号,47fac07a03dfec1ce3f1fb5c0cda1537482cdb2ca2958ea61861c3089204dd21,018779011e0dfa140f27bf17952965c52fc17df37ba7e5f98ba64cd2948738cf,draft,,,,
zh-hans,intake.fields.offenceSection,language-and-usability,Section,条文,dfca5da56b8cdb627309e2aa5a45e17b0e3e3e09e729209216b4fb0684ad8bae,bab87061b591dba3e837c48aa84e8a3c7b2816d42cdf44195c2a02f8e1540d23,draft,,,,
zh-hans,intake.fields.offenceSubSection,language-and-usability,Subsection,款项,b2dc6cc49319261382a14bba1de1fef28aa704eafe953db3966b64150dd76975,2731ff0531543b214b5c4ccec8f122677fc1035914bcdc460d8a2cb948bce2c5,draft,,,,
zh-hans,intake.fields.offenceDescription,language-and-usability,Offence description,违规事项说明,38e13bd99e33af122c00017d85ca807b981cf414a233923de09e38de29792aa0,b96d976f1f87c653475515c1e95038d3ea50292a19e94d0fab2cecaedcdf1cc2,draft,,,,
zh-hans,intake.fields.fineAmount,language-and-usability,Fine amount,罚款金额,319a81f308c50f9aa9ae07630f465e2bc6042b6f90952329af45b9de082627ff,a6ece1e7431335d981aa1f77869d4a34017fbd40b58e431e6afc3cdc68727292,draft,,,,
zh-hans,intake.fields.courtDate,language-and-usability,"Court date, if scheduled",出庭日期（如已安排）,7f1b94e6293d5d66b804a2fea0c2663113ec8af24ab509b32effc04a6c300a44,41df4f45a8ac7e5eba31f603b3cc9ca26a40481923bb2809831c16d91fab951f,draft,,,,
zh-hans,intake.fields.courtJurisdiction,language-and-usability,Court location,法院地点,6f3997bb1a9d1d6bcc648fca4fc9fe18d0b8e5daa1d82ad9bb91d314a901a8a7,272c51aa57d6b176b35e050ec954f144031a93babde0b4a5a7dc738e039fe221,draft,,,,
zh-hans,intake.fields.ticketImage,language-and-usability,Upload your ticket,上传罚单,eff0e03db5d358970b2e3dc119efdb8250d4e70444b01f2437772a21931739d5,8d34dbb3a1010cadda4884852be4ef17d08b2f5fc8121b2c4846421a752fc5bd,draft,,,,
zh-hans,intake.fields.vehicleSeized,language-and-usability,Was your vehicle seized?,您的车辆是否被扣押？,fd8c61c2d2890995e17d9cf09814825dfb8c292940e5a372ce25729dd443e1ab,5b0d23a4778da76aa047afd2e6c30138a9845100f6b2f99f81f4b8b58788f8e5,draft,,,,
zh-hans,intake.fields.pleaType,language-and-usability,Your position on the ticket,您对罚单的立场,20263844dc014587b3501df7f368b32a83b4018c2052fe16da2a4e13092e8442,26eff30bc1c60e696a570400b17d3ff1b2d5a5ffb97112058c4655206d6692bb,draft,,,,
zh-hans,intake.fields.explanation,language-and-usability,Your account of what happened,您对事件经过的陈述,660713dc8e71dfe66284d3a7365ae0b172454585ea0fc7b1312e2f8905d23302,c0285e8c9b5037819e91bdcf86048f22ed2084422e11f9605780c9a3881fc674,draft,,,,
zh-hans,intake.fields.circumstances,language-and-usability,Other relevant circumstances,其他相关情况,55cc1be2e9b57fb5abdfaf4fc367c48069b7aaf33b3a3aab1355aa4f49e0bc3a,e880c12c677f4cf3bb790eac18abd346ff414fae211f9e86a7a814748ce810e4,draft,,,,
zh-hans,intake.fields.witnesses,language-and-usability,Are there witnesses?,是否有证人？,31212056af5a538b299814827e1fd4a47621a952be38bcee6d1b36995c142bbc,5c2f30b6c77800fd6cf8d59bfcdf934cd95b23369ccd27d17997c29523aa65c6,draft,,,,
zh-hans,intake.fields.witnessDetails,language-and-usability,Witness details,证人资料,13ef6a4023c2df9fe1b1e7238c0d0903102fce9772d44a275c77579cb8b61733,03aaa4608ec0e742752210890df67c0d8d966e99b1d2160512cb6e847e53b9bc,draft,,,,
zh-hans,intake.fields.evidence,language-and-usability,Do you have additional evidence?,您是否有其他证据？,3f215053acf6bd460ec9a42d1a814bbeaeaaa1e88081369488459cbcbacc1601,8541db626e64e2dca3fe0800a02d298e633cb079b84e92b8139b666b2e87c6b0,draft,,,,
zh-hans,intake.fields.evidenceDetails,language-and-usability,Evidence details,证据说明,feb7d9dd3db683c01ac5379e4d60940db131271540ffa497af32c51c6ab72f46,e53e178d0cdf9e55dc201a45ae5bf75605d42761ac48c2308ebb543f15a4b872,draft,,,,
zh-hans,intake.fields.priorTickets,language-and-usability,Previous tickets,以往罚单,e8e17ca1038c6a9f0c4c372eaa84b6d7c6f33bd9a399c81fd0991494f640563d,1a40ac1f81cf7fa638b2970df8bc2b90dcbc5c424ec37a4d824a8c387a9bbb07,draft,,,,
zh-hans,intake.fields.insuranceCompany,language-and-usability,Insurance company,保险公司,74a674f9bd2c7d69bec1ea58e6c17086dd80a3daf50d7da9d0fcc3d3e62752aa,8ad924324aac23a948e7b7d47dda2105c5b09f1ad5b7486f9901364ed891771e,draft,,,,
zh-hans,intake.fields.vehicleDetails,language-and-usability,Vehicle details,车辆资料,c4a848179b5905c630a264ee8f81f5fa1e69cf04a5d13ef36d7b6977391af77a,5b2a6fc221818b10f455e0a96c882b7578be19a43a8535e7e963a23de7d752c6,draft,,,,
zh-hans,intake.fields.additionalNotes,language-and-usability,Additional notes,补充说明,5871e1abaa639712e7e0107d9d5f6b14793cbd1c696b14f3eb6cc22be96cbd29,6f3ebd2d3e876212871d67e0818dfcbc8c53e1c3f03e08e5d0435810101a3dad,draft,,,,
zh-hans,intake.fields.preferredLanguage,language-and-usability,Preferred written language,偏好的书面沟通语言,19a143b46379d7d132cc69d0bc9d26938f5324c6c871aa5dd2615a20e2d15f89,2fc42464193f6238cfd854b6ef0403f80b604b5bd5b3f71b58cc0488e1e1c981,draft,,,,
zh-hans,intake.fields.digitalSignature,language-and-usability,Digital signature: type your full legal name,电子签名：请输入您的完整法定姓名,cb72c11a93258cbd5798c4b5cb8806f213dcab63b6f575589e35f9043c6e60a0,baa1182116f82d7af526e91821a27af997197cd99c3d26dfd64b3877eabb8193,draft,,,,
zh-hans,intake.validation.required,language-and-usability,Complete this required field.,请填写此必填项。,c87f8ba5fa65dcdabe6111e13c857ee4c54038ecf14d3ed3bef856c6eaaeb919,54c4c967dccc9600e3fae88d73c478cc736f210a3e7ebb967779ec8a0ac065ca,draft,,,,
zh-hans,intake.validation.email,language-and-usability,Enter a valid email address.,请输入有效的电子邮箱。,8a966af884a06484aad2032a003c8bb514b24890ef0e2e917a8e0a4df0858def,1ab7f4e9a3388a32f2d972672f3301d441ed9b54b9352b1234fd815a62c048e4,draft,,,,
zh-hans,intake.validation.phone,language-and-usability,Enter a valid phone number.,请输入有效的电话号码。,90eeb8ff8c3a02124a44cfff39e4057d677b1ce7df90355b2ef8a4cfd141c972,e3f9259d233b67a5017cc79cd9bb5b455ed9ca88389ea72d97d90454db1aa604,draft,,,,
zh-hans,intake.validation.date,language-and-usability,Enter a valid date.,请输入有效日期。,2102f47f88cd1261dd3e241b122f6c10ead63f172ed8410ca9a4b82ced0ad27b,949463c2c4279690b83040fa69ab3b93fef32d63dffa1835f8eed2d5208dd688,draft,,,,
zh-hans,intake.validation.amount,language-and-usability,Enter a valid fine amount.,请输入有效的罚款金额。,f53b059015a1ecf51c630a781476e04fda8e006a21528725d150cf54936503a7,de766df1cf22c9863d5bdacc0e8a0aa75db8b7f4316ed6b93381357bb36ff8c2,draft,,,,
zh-hans,intake.validation.ticketImage,language-and-usability,Upload a readable image of your ticket.,请上传清晰可读的罚单照片。,cbab99efafa989eef75848f0aa27eb1113669e68ae689c42e3f47fa7f4a65eef,368f81af8318868ebd74bedb902900b8acd79bb2baa206dfecb985232b02ef45,draft,,,,
zh-hans,intake.validation.signature,language-and-usability,Type your full legal name to sign.,请输入完整法定姓名以签名。,8dfef8bbad08c50a13d5764ece818bc41c1c03c0056d61395ec90cfedd370752,81dfcbae804eaa2945db148f6e20a3287077dacec566798b3b2673c3511891fd,draft,,,,
zh-hans,intake.validation.consent,language-and-usability,Read and accept the authorization before continuing.,继续前，请阅读并接受授权条款。,64992837e3cbb842a96069e90d5afcf1c30e0de8f3dc102e4b47e22669e44d80,70cc114c3f37ead3f366ea661ad2594ea00d776f6fff649d0f202898d63fa6f5,draft,,,,
zh-hans,intake.validation.terms,language-and-usability,Accept the Terms of Service and Privacy Policy before payment.,付款前，请接受服务条款及隐私政策。,6be1bb8ed081551458613c3b21a70c4dc6d0d2284b02796dd791657c26846ec9,b331e8aa2a72277f3042e742fc6d5d7bd8209cd7f4a3f7a9a7b75bc0e0728272,draft,,,,
zh-hans,intake.validation.submit,language-and-usability,We could not submit your details. Please try again.,无法提交您的资料，请重试。,1ea4214151d8b0d47d2e2455f1fc32d3a9b89392678aed48cba4e132f825d07d,764a18575c03a83e12413111ada39a0b2af23e64ff519661c9e692c2f4f63d5b,draft,,,,
zh-hans,intake.validation.scanReview,language-and-usability,Check the extracted details and correct any mistakes.,请核对提取的资料并纠正错误。,aa29d7896884f145e3532e13b8706a1ca7dfa90b3db5ce24498c0cf7b40ef0e7,5b26a3c9b63f625696f5572f7955b1a0c72d910bc761f2e13372f06b5cedadb7,draft,,,,
zh-hans,intake.validation.scanFailed,language-and-usability,We could not read this document. Enter the details manually.,无法读取此文件，请手动填写资料。,c9207721ea3aa80ed6d603c0943b3e83a3ea1cfee62976d46c0333478e7ddfc8,c6955c8a2863183562e46f7a8a0503f7f24d5a01bcd8d970de2f4da86125aa6b,draft,,,,
zh-hans,intake.validation.fileFormat,language-and-usability,"Choose a PDF, JPG, PNG, WebP, HEIC or HEIF file no larger than 10 MB.",请选择不超过 10 MB 的 PDF、JPG、PNG、WebP、HEIC 或 HEIF 文件。,55a8fe3740ea49d7c0984eb5ca2e232c87823187c7d79e0b5501211edf2a1a4d,5be0d2f379494e89a6a22e9e411a5249b4477e3585057ccebe550f360a6b7c13,draft,,,,
zh-hans,intake.validation.consentCharacter,language-and-usability,"We could not create a readable consent document from one or more characters. Contact Fabsy before paying, and keep your original name and details unchanged.",由于一个或多个字符，我们无法生成清晰可读的同意书。付款前请联系 Fabsy，并保留您原来的姓名和资料，不要修改。,0912a89086b65918f080acbf74cae4d1dcc19184a3094420ac470d13d26dfa03,65f1811bd3f46448c96fdc67f743e449e5def687f8871d806e72fad5d0b01f8f,draft,,,,
zh-hans,intake.validation.length,language-and-usability,This entry is too long for this form. Contact Fabsy if you need to keep the full text.,此输入内容超出表单长度限制。如需保留完整文本，请联系 Fabsy。,4ff0e8bf7eaffbd31881ac3310bce4f31694d2d5db4d645717d0739abc826ecc,27a13f915178ec5ec540ff6b71f70bc2b6a578af3b75c50fd7aae831900de18e,draft,,,,
zh-hans,intake.consent.title,legal-adjacent,Digital authorization for Rapid Resolution,Rapid Resolution 电子授权,f0ee4c044fcc5a96fe09de7b7eb0618575cb6e84f5b435b702e0290b2219a6fe,4875d747cabaf2ee7e35232588af9213e047f9ce24f725f8b5d8540d3df0bc4f,draft,,,,
zh-hans,intake.consent.scope,legal-adjacent,"I authorize Fabsy and its agents, where permitted, to request, receive and review disclosure; use the Traffic Tickets Digital Service; communicate with the court, prosecutor and relevant government offices; prepare and submit a fact-specific prosecutor-review request based on my instructions and record; and explain any Crown response, charge, fine and demerit consequences.",在获准的范围内，我授权 Fabsy 及其代理人申请、接收和审查披露材料；使用 Traffic Tickets Digital Service；与法院、检察官及有关政府部门沟通；根据我的指示和记录，准备并提交基于案件事实的检察官审查申请；以及解释检方答复、指控、罚款和扣分后果。,1202c0fd0ddb5b3ac55f7276c4ffeb1108e8c78b5a8588ee8e826204b6e988ae,6b5d556e0b4049c5f24d7267015ab6f58df9f77feeb4c642dd2e64a462951088,draft,,,,
zh-hans,intake.consent.approval,legal-adjacent,Fabsy may take a final resolution step only after my express case-specific instruction. This authorization does not permit automatic acceptance of a Crown offer or a guilty plea.,只有在收到我针对该案件的明确指示后，Fabsy 才可采取最终处理步骤。本授权不允许自动接受检方方案或作出认罪答辩。,2ecf63ee79415741a6a57dbc262dcb9392f63c4c92a13288d4e540edca0d8c70,aafd228277e6c9d70e6d8eb4a82288383472ee6b2d72f4a3fb22cc4f4f428967,draft,,,,
zh-hans,intake.consent.exclusions,legal-adjacent,"Contested trials, appeals, reopenings, Immediate Roadside Sanctions and Notices of Administrative Penalty are excluded. Trial work requires a separate agreement and fee. A prescribed Government of Alberta consent form may also be required.",不包括争议庭审、上诉、案件重开、Immediate Roadside Sanctions 及 Notices of Administrative Penalty。庭审工作须另行签订协议并付费，也可能需要填写阿尔伯塔政府规定的同意书。,38fc50f62258406a9979f9f8bcfa3ce35117a6528468eb275b8547c7da5b2432,92d16aea393fd10111f9b85618e05105b6cd668615843cbf0eb2089d7caebfe7,draft,,,,
zh-hans,intake.consent.fee,legal-adjacent,"I voluntarily retain Fabsy for the limited pre-trial service at {{price}} CAD plus applicable GST. Government fines and excluded work are separate. I understand the scope, the 48-hour condition and that no result is promised.",我自愿聘请 Fabsy 提供有限的审前服务，费用为 {{price}} 加元，另加适用的 GST。政府罚款及不包含的工作另计。我了解服务范围、48 小时承诺的条件，以及没有任何结果保证。,fec627441a81201a3cb16c94ef7afd437001637e227ff1aa652ce85589633020,7f3963b10a0a60a341b9b42253764d4a2bf5249b3204c7cef95ca711fac10831,draft,,,,
zh-hans,intake.consent.data,legal-adjacent,"I consent to collection and processing of my information to deliver the service, technology-assisted document extraction and analysis with qualified review, secure record storage, communications about my case by email, phone and text and necessary sharing with courts and authorities. I will provide accurate, complete information. I may request access or withdraw data consent by contacting privacy@fabsy.ca.",我同意为提供服务而收集和处理个人资料、由技术辅助并经合资格人员审查的文件提取和分析、安全保存记录、通过电子邮件、电话和短信与我沟通案件，以及向法院和有关机构提供必要资料。我将提供准确、完整的信息。我可以联系 privacy@fabsy.ca 请求查阅资料或撤回资料处理同意。,b2dbaeecfd372235b431fbdf407bb74f7b72b4e3c70a282e7b27bdee4a23850e,7070a7e405fcf9c286834e444392688c1e3add3aa0a278f59d237002c199954a,draft,,,,
zh-hans,intake.consent.withdrawal,legal-adjacent,I may withdraw this authorization by written notice. Otherwise it remains valid until the matter is resolved or withdrawn. Withdrawal does not automatically cancel fees for work already performed.,我可以通过书面通知撤回此授权。否则，此授权持续有效，直至案件处理完毕或撤回。撤回授权不会自动取消已完成工作所产生的费用。,cc52b38b01e587d99204841cb457093134e48e9c800a46ef7f7f81cb8eb4b69c,30c2c3883920803f7dc4f04edc48834b548ba795223e50934f64d73a063ddf4f,draft,,,,
zh-hans,intake.consent.confirm,legal-adjacent,I am the person named above and am authorized to enter this agreement. I have read and understood this authorization and agree to the limited service. My digital signature has the same legal effect as a handwritten signature.,我就是上述姓名所指的人，并有权订立此协议。我已阅读并理解本授权，并同意所述的有限服务。我的电子签名与手写签名具有相同法律效力。,2a3806e043e60b690bd438ad4068c0d0878a5a78d6adcfaa5384f489ee565f80,5cb7fb32074c9987fd52884d5f4e0fb760fba56309a0aae532ae9c6694db4bdc,draft,,,,
zh-hans,intake.review.title,language-and-usability,Review your details,核对您的资料,66b425144eb3f3dab95d612792e47d5b26a6a20366e4dd6be73424d791e9849d,509298153701ad869d0824f57d5a4ba4b82488b38edda8580cc7df3225de876b,draft,,,,
zh-hans,intake.review.description,language-and-usability,"Check your ticket, contact information and authorization before continuing to secure payment.",继续安全付款前，请检查罚单、联系方式及授权内容。,9a4027e80e369feef378021b2ba9d493756a50d169641ad3836a949510e9e56f,9bfbfc74f2e2b897f5a78b024833873a22cb4dc6bc86bed2b71c5dab1cdd798f,draft,,,,
zh-hans,intake.review.edit,language-and-usability,Edit details,修改资料,fd9c61ac500e51185a5844b7f373df989d56c8e19246f3a34700aadc853e93b2,dfbb2360c7d084ab5d9ab2d8111776d80f2a941fe0007fdc1bf9cbd262fceab1,draft,,,,
zh-hans,intake.review.languageNote,legal-adjacent,"Your original written account must be kept with any English translation for review. Do not change names, dates or ticket numbers when translating.",原始事件陈述必须与任何英文译文一并保留，以供审查。翻译时不要更改姓名、日期或罚单号码。,0231f65bd7e507dac8cfbb533f22f69707b4d657a38fd94bd70627b954bf5939,a192fad6e7b486df127f9cf8eba4fa1a43e0a9bfd408f9f96edb4054a775c600,draft,,,,
zh-hans,intake.scanTicket,language-and-usability,Read details from the ticket,读取罚单资料,08e18be2fc56346667d4b424e1db8ab3f7fcc079353293a764f79fadd1cb8b57,5c525db6c33702641bdbb0273def43d48f9968a28e96a9467c12f8a33355622a,draft,,,,
zh-hans,checkout.title,legal-adjacent,Rapid Resolution checkout,Rapid Resolution 付款,5b0cd954ae99a3454cf067a0f42019e539b56c44cb212f8915acb1dfd24a9d34,de43a905c3c05beb194fae7a890f57dd5c9b157dec3e6c32ca29eee59b23530b,draft,,,,
zh-hans,checkout.service,legal-adjacent,Service,服务,d677190e0a9990e7d5fa9e4c1bbde44271fb8959c4acb6d43e02ed991128b4bf,ec309ab207ef7fa31b139a743e5bf864ae84aa1ae2cdebb5d304ac05a67c58fd,draft,,,,
zh-hans,checkout.subtotal,legal-adjacent,Subtotal,小计,8c0f2cb34079ede4634166168f5a77303f49b9dd7f60607ba9c8793cc397c0b7,ab2656bdd01dedec9d38007772ccb33bd242f49d6e0df88057f3c70a38e7e696,draft,,,,
zh-hans,checkout.gst,legal-adjacent,Applicable GST,适用的 GST,e30a5f8704c94d87e904ca56c807ae07b4e2dcb7568546d6aee87b1ee9f5bf9e,aa6ae853c34640eee82412fb8bc8bb395923cc59c8a7d8882b89977bfab65a59,draft,,,,
zh-hans,checkout.total,legal-adjacent,Total,合计,c9b3c38247f744e17dd26fda097d6a9ba9332586b6bdaa038bf8f313a863f2b8,e009c148d1890dac9d22d8a714b36ceb2e944367e5cb6cfac8cc8bbf2163eee9,draft,,,,
zh-hans,checkout.pay,legal-adjacent,Continue to secure payment,继续安全付款,3be16c5137c2af58aeba28345f78f3591d20bf1cf14759682e034ed61b0a3c11,1c9793571cc1e99477c0a1d7db08a4b198d2b8bc08f39ad33165cc30568d7943,draft,,,,
zh-hans,checkout.processing,legal-adjacent,Opening secure checkout…,正在打开安全付款页面…,8d15b0fbf84af9300248813d13bff12a4b9239d3f577b80c4d877737f630caa3,8cabbd5e90f4ecd944ea9aa7db8463c1a0963694a352a5b6f018784e7dc5978c,draft,,,,
zh-hans,checkout.paymentFailed,legal-adjacent,Secure checkout is unavailable. Please try again.,安全付款暂不可用，请重试。,8927b21e3b94e4e0877f8ede511182519d310e359a7e8cb41f808b53fe9e4b0e,83119c319b5d1419945949d64fc5628e1e0448309c64a90120c267130f44f826,draft,,,,
zh-hans,checkout.scope,legal-adjacent,"{{price}} CAD plus applicable GST for eligible pre-trial matters. The full subtotal and tax are shown by Stripe before payment. Fines, trial representation and excluded services are separate.",符合条件的审前案件费用为 {{price}} 加元，另加适用的 GST。Stripe 会在付款前显示完整小计和税费。罚款、庭审代理及不包含的服务另计。,f530b81a65b98750914aabacb427b0f8df9fef72e02f7d0590fad1298e2c7bca,e3b16c7512ce17025ee3f1ad58309fd0bab45d128329b169306af7f8c88a9fb2,draft,,,,
zh-hans,checkout.termsAcceptance,legal-adjacent,"I have read and agree to the English Terms of Purchase, Terms of Service and Privacy Policy. The English terms control. Payment does not authorize automatic acceptance of an offer.",我已阅读并同意英文购买条款、服务条款及隐私政策。以英文条款为准。付款不构成自动接受任何方案的授权。,5461e54162c8fe969787fb762a8e7e98b878ee77a7255edea8f1f89c56fde771,e6c562eb69174f2812a186248810c89d0b759c4a4047e0f5b59c106c426d7879,draft,,,,
zh-hans,terms.metaTitle,legal-adjacent,Terms of Service | Fabsy,服务条款 | Fabsy,fad1699d34bbc659429acd94d1df3e0c1eba156eba6861e97f6115f3fc038dfe,07d6474c8baa865708bb5cf0ff55bf6c198c09fa09e6125a1aca9adae991ab62,draft,,,,
zh-hans,terms.title,legal-adjacent,Terms of Service,服务条款,4afa55bf7aec7ddc5dfb904271f881be278e7629ce258675bf4b62f460017abb,9303687a9ccf1358bacc0fb34ec673d1720236e5499fca00dbdd0ff657113e9a,draft,,,,
zh-hans,terms.intro,legal-adjacent,Read these terms with the English Terms of Service before authorizing or purchasing a service. This localized presentation follows the current English service terms; it does not create a different service agreement.,授权或购买服务前，请将本条款与英文服务条款一并阅读。本地化版本遵循现行英文服务条款，不构成另一份服务协议。,8dba9f80c3d7715d0a05b31263525d129195fe3d72e286fd88f9cb4d70cdc16c,3f784c1b7b0e8b00c11dfac1e718704ef33e2dd00d443e069040a6f3e196ee47,draft,,,,
zh-hans,terms.englishControls,legal-adjacent,The English Terms of Service control if a translation differs. Statutory rights are not limited. Ask for clarification before consenting if you do not understand a term.,如译文有差异，以英文服务条款为准。法定权利不受限制。如您不理解任何条款，请在同意前要求澄清。,b286dd322f20f189149053c4a0f1032e504650e268579d00ad73c2aec53bb49f,71fd1c728bcc4b25a42c008ce9a956bc041c32808523a9afba55bfbfd8a1d8a9,draft,,,,
zh-hans,terms.sections.service.title,legal-adjacent,1. Service description,1. 服务说明,ae3ed7912bd66abcfd3935478a3cab544ac3b36ec23ed770c329de1cb09629a5,eef136e512fcdebb9d4c0ab5ce956777fae276628b654c1c8909b73857c34cdb,draft,,,,
zh-hans,terms.sections.service.body,legal-adjacent,"Fabsy Traffic Ticket Services is an Alberta traffic ticket agent service, not a law firm. Paid services are Rapid Resolution for eligible pre-trial matters and the Insurance Impact & Renewal Planning Report. Work may include secure intake, eligibility and deadline review, digital authorization, disclosure requests and tracking, technology-assisted analysis with qualified review, authorized fact-specific prosecutor-review submissions, file notifications, Crown-response explanations and client-directed decisions. Optional reports use client records and approved public sources. Contested trials, appeals, reopenings, Immediate Roadside Sanctions, Notices of Administrative Penalty, government fines and work outside the permitted scope are excluded from Rapid Resolution.",Fabsy Traffic Ticket Services 是阿尔伯塔交通罚单代理服务机构，并非律师事务所。付费服务包括为符合条件的审前案件提供 Rapid Resolution，以及 Insurance Impact & Renewal Planning Report。服务可能包括安全资料收集、资格和截止日期审查、电子授权、证据披露申请与跟踪、技术辅助分析并由合资格人员审查、获授权的基于事实的检察官审查申请、档案通知、检方答复说明及按客户指示作出的决定。可选报告使用客户记录及获准的公开来源。Rapid Resolution 不包括争议庭审、上诉、案件重开、即时路边制裁（Immediate Roadside Sanctions）、行政处罚通知（Notices of Administrative Penalty）、政府罚款及超出获准范围的工作。,80ab55d9fbbf0db6e47a90d9444fca1f0c50516895253436134648ee08c772f4,4112ab36867f739316cfc73930a8a6153383f9c269f4663e934d0206293b64c3,draft,,,,
zh-hans,terms.sections.practice.title,legal-adjacent,2. Limits on agent practice,2. 代理服务限制,fa582796c619d20d79641252ea3b07bfc08ceaa6b2467852e6b806214e918573,e52b0b41fb4771a4da6c14c6d370509720a091ec5266b2bd3f0f63ae3d3ee9b9,draft,,,,
zh-hans,terms.sections.practice.body,legal-adjacent,"Fabsy representatives do not provide legal advice or practise law, identify themselves as lawyers or Fabsy as a law firm, accept matters outside the permitted agent scope, or promise particular results.",Fabsy 代表不提供法律意见或从事律师执业，不自称律师或将 Fabsy 称为律师事务所，不接受超出获准代理范围的案件，也不承诺特定结果。,b6e38db74c36fb335b4c8ea7f1cc691f97ce59392b9581cad985f344fb8fbb86,caa501a861e19a9cdf8c97524ad9fe57ccd8a118963833015d61f10bb9ed48e5,draft,,,,
zh-hans,terms.sections.eligibility.title,legal-adjacent,3. Service availability,3. 服务可用性,3aaff24cf37b03e9b1dc2f8ec04b3413135432ba2cf9c775ec72cb9db9f58d69,5d94c43787feec1e028f9eaeb8225c5dc3326831534f6e09e329de95318e0c2e,draft,,,,
zh-hans,terms.sections.eligibility.body,legal-adjacent,"Availability depends on the charge, procedure, deadline, court location, portal requirements and whether paid agent services are permitted and accepted by Fabsy. Matters outside the scope may be declined or referred elsewhere.",是否提供服务取决于指控、程序、截止日期、法院地点、门户要求，以及付费代理服务是否获准并被 Fabsy 接受。范围外的案件可能被拒绝或转介至其他机构。,2914e62aec1e16a541a60bf76d9dd7c6efbd2e57707b20f23ac58a2cc7a6325c,de5285235f2655e65bfce15191f7551230d83d3111b18ad07951a15885736d2e,draft,,,,
zh-hans,terms.sections.pricing.title,legal-adjacent,4. Pricing,4. 价格,decbdb9ba4c99187050551e881142e6412c1f397d37d7b9e0ba0bf238f89eea0,00360178fec2b83688caf01364012d77b337e5552b6482632f499f792cb8ecc2,draft,,,,
zh-hans,terms.sections.pricing.body,legal-adjacent,"Rapid Resolution costs {{price}} CAD plus applicable GST for eligible Alberta pre-trial matters. The standalone Insurance Impact & Renewal Planning Report costs {{reportPrice}} CAD plus applicable GST. Both together cost {{bundlePrice}} CAD plus applicable GST. Trial representation, government fines and out-of-scope matters are separate.",符合条件的阿尔伯塔审前案件，Rapid Resolution 费用为 {{price}} 加元，另加适用的 GST。单独的 Insurance Impact & Renewal Planning Report 费用为 {{reportPrice}} 加元，另加适用的 GST。两项合购为 {{bundlePrice}} 加元，另加适用的 GST。庭审代理、政府罚款及范围外的案件另计。,f70805a5b0df5f030bf3eb4ceb75e75085744ec4d324a45a9081bd70a049f0ae,995675afc49a1fcade518ef139719d7a94c37513ca22ccea29cfa5541a5faa6c,draft,,,,
zh-hans,terms.sections.payment.title,legal-adjacent,5. Fees and payment,5. 费用与付款,2e694810eb6779267f5f5d9f81c1cded58ff093dd93867c944bb808f3538048c,92d8cce5afdfea24abe86ecfc47e383a438feb3aefd92624ac7625db716be6ac,draft,,,,
zh-hans,terms.sections.payment.body,legal-adjacent,"All fees are in Canadian dollars. Court costs, fines and other charges beyond Fabsy's control remain your responsibility. The complete subtotal and tax are displayed before payment through Stripe.",所有费用均以加元计价。法院费用、罚款及其他不由 Fabsy 控制的收费仍由您承担。通过 Stripe 付款前，会显示完整小计及税费。,f75ef3e968fefa334460fc34ddb9816f00098d02a9efa21e0918a7e61d21f213,076d7918d3c9d0af9f9dc6b7c75b51688d69fcbc1bb544033b71950018323d5e,draft,,,,
zh-hans,terms.sections.rapid.title,legal-adjacent,5A. Rapid Resolution,5A. Rapid Resolution,0fd98907037ef381a36e6a5d851232c335a80d9e035f702c6ed2f3db4f5efe4f,0fd98907037ef381a36e6a5d851232c335a80d9e035f702c6ed2f3db4f5efe4f,draft,,,,
zh-hans,terms.sections.rapid.body,legal-adjacent,"Service starts only after intake, authorization and payment are complete and Fabsy accepts the matter. Where authorized and operationally available, Fabsy requests and reviews disclosure. A disclosure request does not extend a response date, trial date or other deadline. You must monitor every deadline and attend personally if required. The 48-hour commitment begins only when complete, readable disclosure is received and matched to your file; it covers Fabsy's review and preparation or submission of the next authorized action, not Crown response time or final-outcome timing. Fabsy will not accept a Crown offer, enter a guilty plea or finalize a resolution without your case-specific instruction. Trial work requires separate eligibility review, an agreement and a quote.",只有在资料、授权和付款完成且 Fabsy 接受案件后，服务才开始。在获得授权且实际可行时，Fabsy 会申请并审查披露材料。披露申请不会延长答复日期、庭审日期或其他截止日期。您必须自行关注所有截止日期，并在有要求时亲自出庭。48 小时承诺只在完整、可读的披露材料收到并与档案匹配后开始；它涵盖 Fabsy 的审查及准备或提交下一项获授权行动，不涵盖检方答复时间或最终结果时间。未经您针对该案件的具体指示，Fabsy 不会接受检方方案、作出认罪答辩或敲定处理结果。庭审工作需要另行进行资格审查、签订协议并报价。,f2c6952f5978566d6947bb6932b4ea8bd844f6a025c4b89d041253ed1d6663a0,4059c04357f75954d95c09b3f692435946f2cc9d0d5dcba059964805ce396774,draft,,,,
zh-hans,terms.sections.report.title,legal-adjacent,5B. Insurance planning report,5B. 保险规划报告,a5fa3dcaf259d5022a9f09be8ddd8dc8e8b99814128622297afc5ea2cc66f94f,dd54c442bd34f6a71220ec06ba2e1071c59d3ea6bdaad4b33b1892f9e0ad0b3b,draft,,,,
zh-hans,terms.sections.report.body,legal-adjacent,"This is a one-time consumer research and planning product. Driver abstracts, broker services, insurer quotes and other third-party records cost extra. You must provide accurate ticket, driving-record, policy, renewal and rating information. Scenarios and ranges use approved public information and supplied records; they are not insurer quotes. Sources and questions are planning aids, not recommendations to buy, cancel, renew or change coverage. Fabsy is not an insurance agent or broker and does not sell, quote or place insurance, contact insurers, submit applications or negotiate renewals. No eligibility, savings or premium result is promised. Insurer-specific advice and quotes must come from a licensed broker or insurer.",这是一次性的消费者研究与规划产品。驾驶记录摘要、经纪服务、保险公司报价及其他第三方记录的费用另计。您须提供准确的罚单、驾驶记录、保单、续保和评级资料。情景分析及范围估计依据获准的公开信息和您提供的记录，不属于保险公司报价。资料来源和问题仅供规划参考，不构成购买、取消、续保或更改保障的建议。Fabsy 并非保险代理人或经纪，不销售保险、报价或安排承保，不联系保险公司、提交申请或协商续保。我们不承诺投保资格、节省费用或保费结果。针对具体保险公司的意见及报价必须由持牌保险经纪或保险公司提供。,594a81baaaf84b8443587307f5e4bcf51f4748ce1fb76bb6d7d806d908e9780f,fff58c2fce1b1115e133ed6b478013761897011889bff02d8da8a3f5ecc78034,draft,,,,
zh-hans,terms.sections.responsibilities.title,legal-adjacent,6. Your responsibilities,6. 您的责任,a3465cface275a56c51638482bc858a30844638adfaa501467c42dc8e9c901ea,4cc057233506451d93d037fc5b293974135693589a7234d81998d5a065ef4cec,draft,,,,
zh-hans,terms.sections.responsibilities.body,legal-adjacent,"Provide accurate and complete ticket information, respond promptly to requests, review every Crown response and give clear instructions before an offer expires, attend court if required, and pay applicable fees and court costs. Fabsy provides agent representation services, not legal advice.",您须提供准确、完整的罚单资料，及时回应资料要求，审阅检方的每次答复，并在方案失效前给予明确指示；有要求时出庭，支付适用费用和法院费用。Fabsy 提供代理服务，不提供法律意见。,5c670d4908bf383d264e559ad85083b77acb4f0171c22bbcbb71570a4032dbb7,f8f84beefffda7614c13f5a12ebf7bda2e236b85c1eea3cab1c6f78e9714ef2b,draft,,,,
zh-hans,terms.sections.outcomes.title,legal-adjacent,7. No promised result,7. 不承诺结果,a3a926bab4323511c56c1af9029f0a7c03aff0852d06448a3806c2fdd88f6156,94a119ef1a9901440cd25ed20c004103f1b5ba1d144b89829f22a2d3bae21072,draft,,,,
zh-hans,terms.sections.outcomes.body,legal-adjacent,"Results depend on the charge, evidence, procedure, prosecutor and court. No withdrawal, charge reduction, lower fine, fewer demerits, premium savings, insurer eligibility or other result is promised. The 48-hour commitment is not a promise of an outcome.",结果取决于指控、证据、程序、检察官及法院。我们不承诺撤销或减轻指控、降低罚款、减少扣分、节省保费、投保资格或任何其他结果。48 小时服务承诺不是结果保证。,c4eb3442999d61b73836ce50d53a96874dde7746872021f5e9a138535d778233,6f1b33787a0f7afb4702a2499e03ca1bf8c6ad125113157297b380e56d465456,draft,,,,
zh-hans,terms.sections.privacy.title,legal-adjacent,8. Confidentiality,8. 保密,c65a06ec8307b9e7a634470fe15431562a3cadfb965fca6e96fd2092308a62cc,0b13bf5db8da4ffbf12bbb17bce7a43d19c66cb06aa2363b068f122113eb0722,draft,,,,
zh-hans,terms.sections.privacy.body,legal-adjacent,Fabsy protects client information through internal privacy practices and applicable privacy obligations. Information may be disclosed as needed for court proceedings or as required by law.,Fabsy 通过内部隐私措施及适用的隐私义务保护客户资料。法院程序所需或法律要求时，资料可能被披露。,f70937eb9d555f6db5bf5c8f356faca6d09c0ca189efe4ee8aced5ca760e7f82,0a89e1563256f4da8aa0847c7be744a8877beca925a642807932779e8db8c0cf,draft,,,,
zh-hans,terms.sections.liability.title,legal-adjacent,9. Limitation of liability,9. 责任限制,9337d08809a90abe4243d51ad27431a14e12bd3832378cd42cdcd3f2cb9c5551,a560a80242a21ee8780b2f6930b1f7289c9a8b6901eacd6fff36696542ca737a,draft,,,,
zh-hans,terms.sections.liability.body,legal-adjacent,"Fabsy's liability is limited to the service fees paid. Fabsy is not liable for indirect, consequential or punitive damages arising from its representation services.",Fabsy 的责任以已支付的服务费用为限。对于代理服务引起的间接、后果性或惩罚性损害赔偿，Fabsy 不承担责任。,41b9a1f37c6bac5159093868d80a9d250fb2950a35ed24ced8e4737055da371c,4cdfe80c8d9426f2a232d35bc09a9350f7e89537f8122fcd2af146d0118e8428,draft,,,,
zh-hans,terms.sections.cancellation.title,legal-adjacent,"10. Cancellation, refunds and termination",10. 取消、退款与终止,bc6ef9c1a8edfee61854104ab5848935c11bdb650ca79cb0f2b346d1e62c744c,8c98887f186bc66efd584336fe1ba602ed40996df888856f6acb263c274843fd,draft,,,,
zh-hans,terms.sections.cancellation.body,legal-adjacent,"Either party may terminate by mutual agreement, for non-payment, failure to provide information or cooperation, or if representation becomes impossible or impractical. Contact Fabsy promptly to request cancellation. Refund eligibility depends on work already performed, third-party charges, checkout disclosures and applicable law. If Fabsy declines an otherwise complete paid matter before substantive work begins, the applicable service fee will be refunded. Statutory cancellation rights are not limited.",任何一方可因双方同意、未付款、未提供资料或合作，或代理工作变得不可能或不可行而终止协议。如需取消，请及时联系 Fabsy。退款资格取决于已完成的工作、第三方收费、结账时披露的信息及适用法律。如果 Fabsy 在实质性工作开始前拒绝接受一个其余手续完整且已付款的案件，将退还适用的服务费。法定取消权不受限制。,2a41007ad8a3189e647b3129bc2fc8fade10783c76ceff5b9770318a563c4146,b09b78ae25e0509b683789a9199c53b750ba405d0f94e1cf115187e352eb7730,draft,,,,
zh-hans,terms.sections.website.title,legal-adjacent,11. Website use,11. 网站使用,704221660aa1bb4a1062b3f7669d42dc25a621cef6f1073d5e8ea4955f74ce60,ff1e5dda75bbc3be8d82680b780999476251b450c17fdac75e7e0002379650fb,draft,,,,
zh-hans,terms.sections.website.body,legal-adjacent,"Using the website constitutes acceptance of the terms. Do not use it unlawfully, attempt unauthorized access, interfere with functionality or transmit harmful or malicious code.",使用本网站即表示接受条款。不得用于非法目的、尝试未经授权的访问、干扰网站功能或传输有害或恶意代码。,928da5701d6b7a8903c3fb02a483f8b5bb098367440619eec7d5a53fced17396,250c6485fbc22e73ad0f390331be9b51a383a3cd03d7a9141c645129198cabcc,draft,,,,
zh-hans,terms.sections.law.title,legal-adjacent,12. Governing law,12. 适用法律,170a2ace2b0a2b6551dc1f2bcebf316b07764b2032ceb53dd926df55b24faab5,27a62fabd5a06181ac23d8d78c00728536727cf310ea262deb84b81042a85026,draft,,,,
zh-hans,terms.sections.law.body,legal-adjacent,"The terms are governed by the laws of Alberta, Canada. Disputes are subject to the jurisdiction of Alberta courts.",本条款受加拿大阿尔伯塔省法律管辖。任何争议受阿尔伯塔法院管辖。,c4a83ac8eac414943386132c511049cbf5ef7b55a777011e0645d03c5ea1f123,bb91f3590e896c584a1be1e60de2bc61be7e6b152a77b292ebaf1e456433a94f,draft,,,,
zh-hans,terms.sections.changes.title,legal-adjacent,13. Changes to terms,13. 条款变更,468441d305c9aafa292d779084cc5f0f142c0d248f6e750fa5c15f25f6dacce5,bcf11730fa7c8b548393b6802748ff00b9b7acf0e4ee3a203177ecdeec1c6f34,draft,,,,
zh-hans,terms.sections.changes.body,legal-adjacent,Fabsy may modify the terms. Changes are posted on the English terms page with an updated revision date. Continued use of services after changes constitutes acceptance of the modified terms.,Fabsy 可修改条款。变更会刊载于英文条款页面，并更新修订日期。变更后继续使用服务，即表示接受修改后的条款。,014eeae0c6a1769b52acf304f1198e4f24fd16847dd609b4ebb52c2a7b7605f5,f4a86a8eb2499fd8f4068674f4ee7185827f5234e1d250676ec579ca9b33af5d,draft,,,,
zh-hans,terms.sections.contact.title,legal-adjacent,14. Contact,14. 联系方式,d0a4f85743f6462c7faedd5114f5f5b3c1b9cd3a2c2b5d478721b7443b96debc,e0db709aad48aba21b4ff1cde533fa02218905214ef3473588235bff6b52348b,draft,,,,
zh-hans,terms.sections.contact.body,legal-adjacent,"For questions, contact Fabsy Traffic Ticket Services at {{email}} or (825) 793-2279. Service area: Alberta.",如有疑问，请通过 {{email}} 或 (825) 793-2279 联系 Fabsy Traffic Ticket Services。服务地区：阿尔伯塔。,cfc287b18c0ec870f57711adf094062adc5d1a2e45daaa4646b30b15dd95486a,073b9a3c91ea3190e58feaa60148730696ecbefca05f4e531bf1699d24a3da4d,draft,,,,
zh-hans,notifications.received.subject,legal-adjacent,Fabsy: ticket details received,Fabsy：已收到罚单资料,d1e61d9125361379189ac73db81b8c8637dc287b96a84cef35e0dbee15a7937c,f06496602a1f597ff9dadff227bd8f33e8508bcf75ffb22ab68db91bfd461ce7,draft,,,,
zh-hans,notifications.received.body,legal-adjacent,"Hello {{name}}, we received the details for file {{reference}}. Receipt does not mean your matter has been accepted or a deadline extended. View your file: {{url}}",{{name}}，您好。我们已收到档案 {{reference}} 的资料。收到资料不代表案件已被接受，也不代表任何截止日期已延长。查看档案：{{url}},b872aa6a6a63a2e2562d8634d090efca4922b020bee14bb1d813153d1c5d7812,4e140829c784830b0e4884637e0c5ca790acfd4046d8078d78662fa72e636da1,draft,,,,
zh-hans,notifications.disclosure.subject,legal-adjacent,Fabsy: disclosure received,Fabsy：已收到披露材料,0d74f55c02db02cf394be0ac2f96c4d64b7c81aedb7cec0f3e61e0e76e82406a,279f4201eae5f54599d2e04a66f185ee0636caa26be7c8496cc5162d8a4a3973,draft,,,,
zh-hans,notifications.disclosure.body,legal-adjacent,"Hello {{name}}, disclosure has arrived for file {{reference}}. The 48-hour review and action commitment starts only after the disclosure is confirmed complete, readable and matched to your file. View the update: {{url}}",{{name}}，您好。档案 {{reference}} 的披露材料已收到。只有在确认材料完整、可读且与您的档案匹配后，48 小时审查及行动承诺才开始。查看更新：{{url}},3b3d647e2d22b86f50edb38c70bf0ee0689babe69d3c20cd37f506e5c5233841,6c41e5efc91036122f683ddfac8a92df41cb3c906d1ee7b756036f86bc93022b,draft,,,,
zh-hans,notifications.update.subject,legal-adjacent,Fabsy: an update to your file,Fabsy：您的档案有更新,3673fe8c12c7e8d8e77aef08c7c59abec0f0b5600fca4b10623f49442fc1a59f,c4345bba0fb88c426888b93d3c7890da663695b912113b5fef7c2a91263eb6c7,draft,,,,
zh-hans,notifications.update.body,legal-adjacent,"Hello {{name}}, there is an update to file {{reference}}. Read the details and any deadlines in your secure file: {{url}}",{{name}}，您好。档案 {{reference}} 有新进展。请在安全档案中阅读详情及任何截止日期：{{url}},15cb5857455619a78dc88a517393125ad559f35d89dac9c3d06ae2bdc31245e9,5d5b58f90b09e76e7a529c5c4a6206b0bb6fe90e8d72639930baa8e5bde6e72e,draft,,,,
zh-hans,notifications.decision.subject,legal-adjacent,Fabsy: your instruction is needed,Fabsy：需要您的指示,3c7032fd8ec5a47d589abb3b6258ce4ced40f8f77df62807b772f4ba697c2ba6,8422acea431fbed97b81687b123789c2f08f410c2bbf2573b006a59f4bc65cd1,draft,,,,
zh-hans,notifications.decision.body,legal-adjacent,"Hello {{name}}, a response is available for file {{reference}}. Review the proposal and any expiry date, then give your case-specific instruction. Fabsy will not accept an offer automatically. Review: {{url}}",{{name}}，您好。档案 {{reference}} 已有答复。请审阅方案及有效期限，然后就该案件作出具体指示。Fabsy 不会自动接受任何方案。查看详情：{{url}},1b59661ccdfbb79e3feab0824b27b9ec6e28147eea1ea6ab63784cbc049663cf,0be8638e4fadb734bb79d79b3a9c54a42f25f0380046b69615313403d2fae570,draft,,,,
zh-hans,notifications.payment.subject,legal-adjacent,Fabsy: payment received,Fabsy：已收到付款,3eaabf16bcdf502b132e6f4e2d4d7f8829c993f4866b4d68950bf3ce40e6338a,42f23023c1241c873e5d555ecf98d341ef3b85ede8b1ab3a1bed8ef24cc8cb5b,draft,,,,
zh-hans,notifications.payment.body,legal-adjacent,"Hello {{name}}, payment of {{total}} CAD was received for file {{reference}}. Payment does not promise an outcome or extend a deadline. View your receipt and next steps: {{url}}",{{name}}，您好。档案 {{reference}} 的 {{total}} 加元付款已收到。付款不保证任何结果，也不会延长截止日期。查看收据及后续步骤：{{url}},12929594db3e2f51d259ac2172dce3e7a07f060b06899c886bcbf1ae906d81b5,5051d16edb69ee7b4138effb47e53d3ec5c14957d3b6f86f9d0e5addca96449b,draft,,,,
zh-hans,notifications.disclaimer,legal-adjacent,"Fabsy is a traffic ticket agent service, not a law firm. The English service terms control. Do not send payment-card details by email or text.",Fabsy 提供交通罚单代理服务，并非律师事务所。以英文服务条款为准。请勿通过电子邮件或短信发送支付卡资料。,d8eddbce3a3f38a99165544f5ac0723f7e52781be28721113bbe7a461331aba8,21317bbb51cc0d4277ee4f29f6e7b7752f4a68cc032a4e4bc5662e1317279da9,draft,,,,
zh-hant,nav.home,language-and-usability,Home,首頁,3a78695388b38b5cceefaf6796b0137877514593543b91af2752d5a17e3d736c,a782f2754c833394b95d20ed9727eb0915b24dbce8a0dea6747fe04db412f53a,draft,,,,
zh-hant,nav.rapid,language-and-usability,Rapid Resolution,Rapid Resolution,b187f5b3ecddd0a9de94688e0f3df7ba1699c3912b8450524631dea23e33887e,b187f5b3ecddd0a9de94688e0f3df7ba1699c3912b8450524631dea23e33887e,draft,,,,
zh-hant,nav.howItWorks,language-and-usability,How it works,服務流程,9c870aa6e5e93270170d5a81277ad3e623afe8d4efd186d3e28f3d2b646d52e6,c489cf19e487c12a82cb4924618b61e4fce5602aaee8281a14da64c585c55b70,draft,,,,
zh-hant,nav.faq,language-and-usability,FAQ,常見問題,dbc468a14b601d5d9240aeb72b9fcd2f8aed2f4e30932876edf8d16ec313846b,f92d99c7621bc7af10560e1c1dd89d0eb94119cf98df8c5b0a2b3496df97f677,draft,,,,
zh-hant,nav.contact,language-and-usability,Contact,聯繫我們,2b5c3d26721ae9c350cf3009318b626f0fc8a90b4a2ac0ca8099c05aa849282e,12ec700da7b87fa9b3278b96cf64a327289d30713d5c42e41eaca1434065b0aa,draft,,,,
zh-hant,nav.terms,language-and-usability,Terms of Service,服務條款,4afa55bf7aec7ddc5dfb904271f881be278e7629ce258675bf4b62f460017abb,afe218eb533fdc3f9fa6835ca9d71f0b2e77f7989523af82eb5007fdb9583bed,draft,,,,
zh-hant,nav.start,language-and-usability,Start with your ticket,從提交告票開始,2c56895797789029dd67000776843b675c64f2a21d8d7feeeb49189266d6df43,29208d403f7671a24f424382cb943ac95cfe22fd89fa6967f747d6815a213851,draft,,,,
zh-hant,nav.menu,language-and-usability,Open navigation,開啟導覽選單,0ed77fd2619ba8ab3e1cce72c8e61d887d551ca1220164b88ab1aa66bba7177d,6d8f8be5423250cb7ccb88045d2210c484ba8af8b973828aad307e56af11e7eb,draft,,,,
zh-hant,common.brand,language-and-usability,Fabsy,Fabsy,1e32a2d78338c8f9aee12cf16a9075ef30f914394bae9f2817d8e8b5cd768837,1e32a2d78338c8f9aee12cf16a9075ef30f914394bae9f2817d8e8b5cd768837,draft,,,,
zh-hant,common.serviceName,language-and-usability,Rapid Resolution,Rapid Resolution,b187f5b3ecddd0a9de94688e0f3df7ba1699c3912b8450524631dea23e33887e,b187f5b3ecddd0a9de94688e0f3df7ba1699c3912b8450524631dea23e33887e,draft,,,,
zh-hant,common.back,language-and-usability,Back,返回,76900f1bfd16c8d4dd3d25e6f46638d7165aee23883ccea6bfe071c514421769,572cf45ba43634b3448aadbc48d5398a1b32ad8a97bf42b689c394de222c30a1,draft,,,,
zh-hant,common.next,language-and-usability,Continue,繼續,31fbef162594de01bab0cd525c51f74de7bcb15063029fa1a54b2cf5944c80d8,d9d1f08fa5ced3965150327ccbf5aad936f1d9f0e36ce8e424a85d06bf14a8c9,draft,,,,
zh-hant,common.close,language-and-usability,Close,關閉,7d9eb7acb13e24625c404401d8e88b2350e32162455885f18276cf802f7701ed,c7fdddf79eaa8c4f71f4976d88201a632dad2c10b518207c8dac164252ff63ce,draft,,,,
zh-hant,common.loading,language-and-usability,Loading…,正在載入…,ba3bbbe10d8bef66441c88536ce7b8e724e2829b59a3da658654f4961cd61ae5,3456fed2e7fac2a0d0bb0ddb6c3784485bc4541653573ee07e78df45e9ee978a,draft,,,,
zh-hant,common.yes,language-and-usability,Yes,是,85a39ab345d672ff8ca9b9c6876f3adcacf45ee7c1e2dbd2408fd338bd55e07e,b5141d3d19e9a04855acdb2dd5218b0924254b73d3cb663557ed0f9f73403750,draft,,,,
zh-hant,common.no,language-and-usability,No,否,1ea442a134b2a184bd5d40104401f2a37fbc09ccf3f4bc9da161c6099be3691d,0c70665b6eb65f1aebf3b59f684ce52ed3473b2443ed4b4e0b815e2e9d66b8c2,draft,,,,
zh-hant,common.optional,language-and-usability,Optional,選填,59be71333c960fd08e7e4fe9862206d9355f0a9884121a5b50ef8b36efdfe4cf,efd49a86e463c811fbf80a61cd3f776aa78e34517b9d9eeddc031bdf3730628e,draft,,,,
zh-hant,common.required,language-and-usability,Required,必填,4850b174b713d88cfc63de107830d5388929020e78abc91fc19bba7a6821625f,11da9dc4428537c43ec205e68dcd8e12c23e84fda2f14d84b5bf16f54d3ed3a8,draft,,,,
zh-hant,common.english,language-and-usability,English,英語,ba118bf7fc9c1aedc1edb28a0aa86e0b43b681f222af6616e13c43be87815b06,57b8fc274f106bc64aba4c9e03917fa11548df455ab23cc7786c684d34a03cf4,draft,,,,
zh-hant,common.priceLine,legal-adjacent,{{price}} CAD plus applicable GST,{{price}} 加元，另加適用的 GST,944ee0c680a2fab96ebfad0f8002d76974d5e8a314ab34fc3d459516f936e422,4ffc98133c99a3e746760b7d9969293c627ffdfcb3176ce4c918e9f8e9301f21,draft,,,,
zh-hant,common.notLawFirm,legal-adjacent,"Fabsy is a traffic ticket agent service, not a law firm. We do not provide legal advice.",Fabsy 提供交通告票代理服務，並非律師事務所。我們不提供法律意見。,0038e2676c3303c1e1680137d0ae376f010b28637f0c3ab1fda6c269fface64f,11f7360e417a660d02814b8909e47c57329136e901f633e1fa13901d1c66c645,draft,,,,
zh-hant,common.noOutcomePromise,legal-adjacent,"No withdrawal, reduction, lower fine, fewer demerits or insurance result is promised.",我們不承諾撤銷或減輕指控、降低罰款、減少扣分或任何保險結果。,bbdc59a6e89ef90092c7f36df4ddc513b1892ead98e5c5cf630f5affbd905b28,d31d0302309dc1f749059f1623c54e28e6093194cfa552720ca7bf6a0109a9c0,draft,,,,
zh-hant,common.noSuccessFee,legal-adjacent,One flat service fee. No percentage-based success fee.,固定服務費，不收取按比例計算的成功酬金。,fad1ff1a6d818abbee8094929d2561b28b1dc184f1af5d913b80fda3984342bf,072cb18a5f14fe961bc16c5a389acf157a8894c90fa185f01afc2e1a89d93eac,draft,,,,
zh-hant,common.clientDecision,legal-adjacent,You direct whether to accept any proposed resolution. Nothing is accepted automatically.,是否接受任何擬議的處理方案，由您作出指示。我們不會自動接受任何方案。,a2032b3ed93526db2ceabe8ba7e1aaf23a454430a59c140a7a83a87dbb2ff226,d0d9167b205de0c133af456203f7f511d03de6ac5eb4b386ff29d0055ccedba0,draft,,,,
zh-hant,common.notFound,language-and-usability,This page is not available in this language.,此頁面暫不提供該語言版本。,b138a234004a23fb897689d56e62d134a8e7bf08c02730c98b47d1fa1882c040,05d15ab78a658262e55e59ed56eb25eccee62d0bb66ed7a6b34f0eeae2040fbc,draft,,,,
zh-hant,common.returnHome,language-and-usability,Return to home,返回首頁,ca3f1411b47186b1f3255b617eb90b06dba50bc8879ea1f47589959487726ebc,0b6995b82f59e1ce381f15a5e1020de53742b9a8ca4e3cc6e4f9aa590c4f34cb,draft,,,,
zh-hant,language.selector,language-and-usability,Choose your language,選擇語言,8e2d0664dbbb529de872582461068f7f7f752fc226a03a1b8439a4299dbf5e74,13d555d16af48850cb60e455f8dc69d458642aeabb159fbddc14c35c887add96,draft,,,,
zh-hant,language.offer,language-and-usability,Prefer to read this page in {{language}}?,您希望以{{language}}閱讀此頁面嗎？,b62bed8d395e57be40b8c98546974430879d5e9dfb6e87570f301eaf0c2ac1a8,847d13e512627426ff5f2c0cbc05cedd2b9e97f521814f17929e4b69f4dda104,draft,,,,
zh-hant,language.switch,language-and-usability,Read in {{language}},以{{language}}閱讀,3a7b883abdecb5e82c05a6ca7f3c904948b56fa5a22e80204a5e5de8e47eb039,24d24b8867643c03084149a1ac387322e3c73fc9d0abd1c8109f616244ed727a,draft,,,,
zh-hant,language.dismiss,language-and-usability,Keep my current language,保留當前語言,66cb3639efa97ec8cc387646bd21fa8eccc22d0166b93d8d0c979e52f31d54ae,e9b8f75bd962e42f4fca85e44799a1780843aacf6cd4b4aeec092061c6ff9dac,draft,,,,
zh-hant,language.draftTitle,legal-adjacent,Translation preview — review pending,翻譯預覽 — 待審核,51b60d5d973f27b433f3f034155a5368e67b106e02e99f39e69dbed802cb04ed,546e605d60217e91231ebe41290fbdb7a784ced7c9396d97e66925a130221d54,draft,,,,
zh-hant,language.draftBody,legal-adjacent,"This translation is a draft and has not been approved by a native reviewer. Before purchasing or giving consent, read the English terms or contact Fabsy for clarification.",本譯文為草稿，尚未經母語審校人員批准。購買服務或給予授權前，請閱讀英文條款，或聯繫 Fabsy 澄清疑問。,aed054645990dcfb2b9067e55ec188dfe0051561571515142ac1fd3d87deeae9,fdc5b0edc3286f2747f2da6af38a979c06896e3ecb74ac0bc20103e0b7abec72,draft,,,,
zh-hant,language.englishControls,legal-adjacent,The English terms control if the translation differs. This draft does not change the English agreement or limit rights under applicable law.,如譯文與英文有差異，以英文條款為準。本草稿不修改英文協議，也不限制適用法律規定的權利。,47d88a952adea0d705eeb834ade632a89f240c4ef8419186921e70ce329ffa47,ae6c534a4a1bb1ee1f856deaa303418d67e3eb53673897c0fb09c33e12b82fd8,draft,,,,
zh-hant,language.readEnglish,language-and-usability,Read the English version,閱讀英文版本,971012a5337e5192d5ca9b242712d22c57e69d6f8b5f8ca5d44de236c3b0336e,a6eec2af7b21106706951a157d99d0989912021667803d42a953d19741f839b2,draft,,,,
zh-hant,language.paymentBlocked,legal-adjacent,Purchasing and authorization in this language are not available until translation review and language support are confirmed. You may continue in English.,在翻譯審核及語言支持得到確認之前，暫不開放此語言的購買與授權流程。您可以繼續使用英文。,18d90a7cee31fa2d70ab23127cfb3ce6a9a431f4aa9f2768996014b4c390750f,829fb13ad1479b04dcf3e4a89e7d6de43a5bb0c7e4013df2d9b58e3c25b264d5,draft,,,,
zh-hant,language.continueEnglish,language-and-usability,Continue in English,繼續使用英文,dda43c1f791aa01cc7d30787034952cc7eeea541b26d103f771b0a5778bef510,a22ec4bcf2aa5e2fc4c767c7ddca3cbad1654afbf4600bab3657a714be23a3c2,draft,,,,
zh-hant,home.metaTitle,language-and-usability,Alberta traffic ticket help | Fabsy,阿爾伯塔交通告票協助 | Fabsy,a933288a0f0dbbfdf1a8aa6ec0178b9d655fddc614361a828e7ca594437267c1,9994b90578f48fd0f0498b98d13b5b80236af1a93e41543c17be5a955e8153dd,draft,,,,
zh-hant,home.metaDescription,language-and-usability,"Understand Fabsy's Alberta pre-trial ticket service, flat fee, disclosure review and client-directed decisions in your language.",以您熟悉的語言瞭解 Fabsy 在阿爾伯塔提供的審前告票服務、固定費用、證據披露審查，以及由客戶指示作出的決定。,4af70e47d06aec85c528b9302e3cf7f2abe842754382d09c05ddcc66ab7f3adc,1111a274ce59aa0a95bbb6460bce1fbb5823acc7138d49ec884b53f0edf145f7,draft,,,,
zh-hant,home.eyebrow,language-and-usability,Alberta traffic ticket help,阿爾伯塔交通告票協助,d5730f2b069da1d051ced1960fab0c3aca338e66dc7126e897f027008db5ad2b,10071d6647bffd4e8d5be3da889258775601a9326a38466a9e88d57688218819,draft,,,,
zh-hant,home.title,language-and-usability,Understand your ticket. Choose your next step.,瞭解您的告票，選擇下一步。,a58931b49428bdcbf5192c3aa5ff9714d379dd5598ae0bb76679f96415df5f74,21f34d0f98ec676a0d30712566ef825111b245b669faa6be9414b3e6087996bd,draft,,,,
zh-hant,home.description,language-and-usability,"Rapid Resolution brings ticket intake, disclosure, review and updates together for eligible Alberta pre-trial matters.",Rapid Resolution 為符合條件的阿爾伯塔審前案件提供統一流程，涵蓋告票資料收集、證據披露、審查與進度通知。,665888e5795174342a12d1026c5928f6f58586c7a5343d1b0dd819557665e129,925d7ca4e3b9714dad01bf742437d06cbb9066b2d0954e8057f4a20a01532e2c,draft,,,,
zh-hant,home.primaryCta,language-and-usability,Start with your ticket,從提交告票開始,2c56895797789029dd67000776843b675c64f2a21d8d7feeeb49189266d6df43,29208d403f7671a24f424382cb943ac95cfe22fd89fa6967f747d6815a213851,draft,,,,
zh-hant,home.secondaryCta,language-and-usability,See how it works,瞭解服務流程,a105ad29235aa71ee321d02ba00ee1cf7e9273406367343fdf9a721daa38419e,64ccf28d3d1a7a0bdc1084b349b970808bdb84717c62bab5fef7444583dac3ca,draft,,,,
zh-hant,home.educationTitle,legal-adjacent,Received a ticket? You may have options.,收到告票？您可能有其他選擇。,87ca40f52f2ca6cbfe6bb2f359d58a36762968b23740c3802d61dcfccfb96359,f3553e0f579ce22dae018c59eb72bcf7c51434c121dfa12bba4e17a00ea42a6a,draft,,,,
zh-hant,home.educationBody,legal-adjacent,"An Alberta traffic ticket may be disputed. Whether an agent can help depends on the charge, procedure, deadline and court requirements. You may still have to attend personally if required.",阿爾伯塔的交通告票可以提出異議。代理人能否協助，取決於指控、程序、截止日期及法院要求。如有要求，您仍可能需要親自出庭。,6dd739ee7087a3787cde95ebfc3039b69c6b4ca1a983145bf3ec1bab1d3f204e,2ca470b41fe1f90e240225166a9935311fb840d1e39e91e183a548e1de0139bd,draft,,,,
zh-hant,home.scope,legal-adjacent,"Eligible pre-trial matters only. Trial representation, government fines and work outside the accepted scope are separate.",僅適用於符合條件的審前案件。庭審代理、政府罰款及超出已接受服務範圍的工作另計。,aba56c8bc6b001bf680db994ca3565ce679fa12c724b6274d10981555f549170,a7a613369d1f18b7721019e0b8f0e662cf734ffb779302ea77b3c57332eaa68b,draft,,,,
zh-hant,rapid.metaTitle,language-and-usability,Rapid Resolution | Alberta ticket help | Fabsy,Rapid Resolution | 阿爾伯塔告票協助 | Fabsy,15d50e2ad66f464b564fbfa7a42df04643f8826078e7f98f3dd7488255bde663,d8e4bb2338560ee8441141135265191f9817a77bdfe7fbeaab728b508df65ca1,draft,,,,
zh-hant,rapid.metaDescription,language-and-usability,"Secure ticket intake, disclosure requests, qualified review and prosecutor-review submissions for eligible Alberta pre-trial tickets.",為符合條件的阿爾伯塔審前交通告票提供安全資料提交、證據披露申請、合資格人員審查及向檢察官提交審查申請的服務。,2fea531cdd6be1899a5464c8ba270a7ac308bbc389fe4c906c8a4bed4c27351c,ad2981c1950a760fac1dfc3f2b8ff155f0208980c13582537996edc1c1ef88a4,draft,,,,
zh-hant,rapid.eyebrow,language-and-usability,Alberta pre-trial ticket resolution,阿爾伯塔交通告票審前處理,53e3aee58095e335a6619f34d0a619e3f69f3927dbf0eeec50718b916fffb411,27efc3f97073c183eb7b3f3117c67ef1d8b57dded47b132d9a62233a3db5175f,draft,,,,
zh-hant,rapid.title,language-and-usability,"Your ticket, moving forward.",推動您的告票處理進程。,fa9903b72e9a7cd46ef15a5942f3a1b03c4775159261391c5f5656d4b8f3770f,b7f5487acc3e3211d594ef65f69d324136523d265eb72559cc59c70828018fa6,draft,,,,
zh-hant,rapid.description,language-and-usability,"One secure online process for intake, authorization, disclosure, review and your decision about any available Crown response.",一個安全的線上流程，涵蓋資料收集、授權、證據披露、審查，以及您對檢方答覆作出的決定。,73146d7052a0d3c05c01983c80b951c019cb8b91d3f2f19087f35311796f0f4b,f8d1a01dd50bac37a664f43dc18d529b6eef956c9b74c5826b5d677814525212,draft,,,,
zh-hant,rapid.priceLabel,language-and-usability,Flat pre-trial service fee,固定審前服務費,245b584da8e4b0a84436c89e613981c2d9cdfc0b407002ba7454ca9c84001f8f,16befa69fd3eabddc25b6b35173b76d011b89c784fc17f27ad776e62c76e09c3,draft,,,,
zh-hant,rapid.includedTitle,language-and-usability,What is included,服務包含,06cec1523c69f02c94d6f022bbc8c2fdfeaa8254779e81b94154843cbc546e39,6ef44a859e2a3223b6edea02d1af3db2780d90412418d923ae7cf5cb693497a0,draft,,,,
zh-hant,rapid.excludedTitle,language-and-usability,What is separate or excluded,另計或不包含的項目,4df6a50399117a7c9c7ecb41541e9d436a7d0bf18e1741e09234996ed09a5df0,470ed62a0991a6e9f0a75fcfa0a071a179a3570a15e4d57a7098ff9b2b5a3412,draft,,,,
zh-hant,rapid.included.intake,legal-adjacent,Secure digital ticket intake,安全的線上告票資料收集,c6b27be55d9e6247a6dfb27d677ab01c4d5f9908df044dd9e99bfc99ddca6e1f,641c324a4c78e62bad83e6ed44008d59f3ea2fad1f8238461bf14261c04e525e,draft,,,,
zh-hant,rapid.included.eligibility,legal-adjacent,Eligibility and deadline review,服務資格及截止日期審查,c9784f804994a42cac2c9d750fec26ad2f3dfbb6b9e9ffb24ca1f38308afc146,1af0bcd8452bfe8493482489ae36124950d68fbaf51b0da9628fed0703de961f,draft,,,,
zh-hant,rapid.included.authorization,legal-adjacent,Digital consent and authorization,電子同意與授權,605e3a25894b7773b01999f86a2dcbc22117d42a5dd2047d6a33d44b4ede28a2,33af3c1d6c526a430be59d2d064fd7607033ce2f864a6d670a700ab3444b36ac,draft,,,,
zh-hant,rapid.included.disclosure,legal-adjacent,Disclosure request and document tracking,申請證據披露並跟蹤文件,609c2d0df430b8de1a6edf96d66d2072721eb0b9adccc8a1813d1a82e183d57e,c6e0514435e70a00607965b0503be66b07a8a1e76d4f9f54c8c0e3cfaa06877e,draft,,,,
zh-hant,rapid.included.analysis,legal-adjacent,Technology-assisted disclosure analysis with qualified review,技術輔助的證據披露分析，並由合資格人員審查,7d836f2f04ca3a4c070843e4a6fbd4848c6c4ea8465a315821845259cd0b5045,9e93640159920254cc45422628bc15199a588a280384353c302d4d73fcb15f61,draft,,,,
zh-hant,rapid.included.submission,legal-adjacent,Fact-specific prosecutor-review submission,根據案件具體事實向檢察官提交審查申請,0f3c9165b7ce359eb91b4e3c31246d4d920dec5374fb301255672e9bca188adc,f0e7ccb52607d5c86d3beec230533af04328d85ed88a0a09959409169dd72344,draft,,,,
zh-hant,rapid.included.updates,legal-adjacent,File-change notifications,檔案變更通知,27fd0a60b3cb5fc595c43726f2016a27b2f933baafc5fe7d214a9f9089ac1dc3,169b2aa2043a19efc99d297a46b7e8303996da55168c5fb1d16bd8de13f2de18,draft,,,,
zh-hant,rapid.included.explanation,legal-adjacent,Plain-language comparison of the original ticket and any Crown response,以清晰易懂的語言比較原本的告票與檢方的任何答覆,a1fdff3ef43ee56dfc38e640c9465fe9455e11b24df2c9ecb44ad91364233fbe,ddde44220e435a69380a162d7d8d137580dba9f62969b1da08f1ef56ac91c23b,draft,,,,
zh-hant,rapid.included.decision,legal-adjacent,Client-directed acceptance of an available pre-trial resolution,按照客戶指示接受可用的審前處理方案,86db57c76017c8d499abb4f5ab64e47326b13801ab2dfff7d5af3d82e3c037e5,ff3678df1123a96d07dfeb8f5709599c44365cb3fa88b2e96a0a22f36e2cbe1b,draft,,,,
zh-hant,rapid.excluded.trial,legal-adjacent,Trial representation,庭審代理,51803b529e779f10e892df8e12cc17455e2197c39e2dcc31d5fb2eb6acc65018,1e0b8d7df54dcdffc4bb1668b2060a5b7b384dbf4f863d9237106cfb5ee674c6,draft,,,,
zh-hant,rapid.excluded.appeals,legal-adjacent,"Appeals, reopenings and extraordinary applications",上訴、案件重開及特別申請,f058b085e86c6e97ecf21b7c1df5f72d53374e5a8f0eec523d575c98fc8a884c,073d4bf8cd65b46cb69df79604cd73c321725f353b91169b353f076cfbab25e1,draft,,,,
zh-hant,rapid.excluded.sanctions,legal-adjacent,Immediate Roadside Sanctions and Notices of Administrative Penalty,即時路邊制裁（Immediate Roadside Sanctions）及行政處罰通知（Notices of Administrative Penalty）,94859cc2759883e240ac79c273f5a9d81334ad4a780946043ad39adf38303cb5,f706012ea248c842c9ae3706aac7657e885ee0131111323a5d2623bc7d9a40ac,draft,,,,
zh-hant,rapid.excluded.fines,legal-adjacent,"Government fines, court charges and third-party fees",政府罰款、法院收費及第三方費用,36083c69d74cce5e98485c542ba4b739b5a73def3df0f6bc73bffc1f010eede9,229cee84a48f08218866dcc7000302bf89cc7ed22b9c1132c63f624bebf81db1,draft,,,,
zh-hant,rapid.excluded.scope,legal-adjacent,Matters outside Fabsy's permitted or accepted agent scope,超出 Fabsy 獲准或接受的代理範圍的案件,9a3b6384ab4d65bffa580caaf4d4df67ffb45689b8649ecdbe15d66ec3f0b23c,a5a9b9fb771abcd7b3ed5fa0ba3d33f750b5914f8571503d9a9d211f57ccadaf,draft,,,,
zh-hant,rapid.speedTitle,legal-adjacent,Complete disclosure received. Next authorized action within 48 hours.,收到完整披露材料後，48 小時內採取下一項獲授權行動。,5ae7e05f7eebba8e4d137d094e3352c816d4a87b00ced36971c6b3bf26c41a9f,c655be539f8707cf176226bf619930240271e1f8fd462048d8d31cdabb98f2fc,draft,,,,
zh-hant,rapid.speedBody,legal-adjacent,"Complete, readable disclosure is reviewed and the next authorized prosecutor step is prepared or submitted within 48 hours after it is received and matched to your file.",完整、可讀的披露材料收到並與您的檔案匹配後，Fabsy 將在 48 小時內完成審查，並準備或提交下一項獲授權的檢察官審查步驟。,e433f693afca98ff0dca76217786aeea27c5eaa97df530026d18c940dc8e1b73,f159d83acb183a15964833f77329cff7a3e51a5d34e2f81adfa22336076eee47,draft,,,,
zh-hant,rapid.speedDisclaimer,legal-adjacent,"The clock starts only after complete, readable disclosure is received and matched to your file. It does not cover Crown response time or the date of a final outcome.",只有在完整、可讀的披露材料收到並與您的檔案匹配後才開始計時。不包括檢方答覆所需時間或最終結果的日期。,5f8cd44bc69192540e120e489ec0fa48b62591254066fecc46d35422fe29b1e0,82823a818c08d0591f2c2fc222f34158209f898e51462c71f40060a680fd1aeb,draft,,,,
zh-hant,process.metaTitle,language-and-usability,How Rapid Resolution works | Fabsy,Rapid Resolution 服務流程 | Fabsy,b9ec79b1fa6e78e005ba4a44ccd238f372750ce62b73403fdb64d637504885d6,ac203460191d2111c34f9889df89917b9621b09cf1ece29aee7784216c173d43,draft,,,,
zh-hant,process.title,language-and-usability,From your ticket to your decision,從提交告票到作出決定,9e1627be95b19beddbf51e60565ebe8bd67da6dc1fa0e67b614bf14b460d1128,174d2bb9b0c36d5f59c7da20ba4755a59168f8472ada9fabeebead9d80f93316,draft,,,,
zh-hant,process.description,language-and-usability,"Your ticket, authorization, evidence and updates stay connected to the same file.",您的告票、授權、證據與進度通知均關聯至同一檔案。,44750c6c1f7b95af59f5b35c4b7edf2049c60d23a4e868a1f81ca8fdf6025c12,a4ebf5791d180180b684792e0bde0ae0642a9591a38e01c416429973fc028234,draft,,,,
zh-hant,process.steps.intake.title,language-and-usability,Share your ticket,提交您的告票,06896a89f5fb6a637c0f84a7f5de7901e175193f57d1736c6313126cce35ddf7,9ec8f855fa9c7e7a30447c6ecd0b559d6fa697a0186d91fecbca89fc67b646c7,draft,,,,
zh-hant,process.steps.intake.body,language-and-usability,"Upload a readable ticket and provide your details. Fabsy reviews eligibility and deadlines; service starts after intake, authorization, payment and acceptance.",上傳清晰可讀的告票並填寫資料。Fabsy 審查服務資格和截止日期；資料、授權及付款完成且案件被接受後，服務才會開始。,92e48be7b63cac262e7c353174f9b98e635effeb0016246fb8c7da628c488007,24645a7be7b0c5cf0fff1b84e30e03656b38984d44a6c9d4be17273d6cd7482a,draft,,,,
zh-hant,process.steps.disclosure.title,language-and-usability,Disclosure is requested,申請證據披露,76367739dcf81b07c4d024e0036af905c2bb1c04b7a1f2321cdbbcd3cf1f0982,2c2d54f03760ab955d1ee36307d3f51fa7b24a365cf95a051d83ac9ae1771c37,draft,,,,
zh-hant,process.steps.disclosure.body,language-and-usability,"Where authorized and available, Fabsy requests the prosecution's evidence and tracks documents. A request does not extend any deadline.",在獲得授權且相關服務可用時，Fabsy 向檢方申請證據材料並跟蹤文件。此申請不會延長任何截止日期。,66118a2bc4f77aecd89a833c77225622f9d4ce17752175d17842ee06381e303a,955af7ed1717ec95b1467553aac572aa4c45249d68bccf25eb57088d6d8deb50,draft,,,,
zh-hant,process.steps.review.title,language-and-usability,Evidence is reviewed,審查證據,9f844b9afec9fd194c3ad12c5eac9790e73b4a1266efb1299344a335c584b7be,356b580b258f73f8d5d504192a3e1655f8928b23a916100cf76ade33957ba150,draft,,,,
zh-hant,process.steps.review.body,language-and-usability,"Technology-assisted analysis and qualified review examine the evidence, procedure and available pre-trial options.",通過技術輔助分析及合資格人員審查，評估證據、程序和可用的審前處理選項。,92bb246b305af86054b886ddbd3e00b67e1df61e3cd591a083fe7965e562c9ad,3107641fe6e9da8a00c90dc79d8ffc414f7b2052ef05344e6b5811fbd91d39f6,draft,,,,
zh-hant,process.steps.action.title,language-and-usability,The next step is prepared,準備下一步,43f4bdd56d945293669bac4c01fde42bdc43eede7bf2320362372e22157e0f8b,68014d3aa90bab2ac0490cd92b42cc4810edb55ddd64ab8c4ca86368862917eb,draft,,,,
zh-hant,process.steps.action.body,language-and-usability,"Within 48 hours of complete, readable disclosure being received and matched to the file, Fabsy reviews it and prepares or submits the next authorized prosecutor step.",完整、可讀的披露材料收到並與檔案匹配後，Fabsy 將在 48 小時內審查材料，並準備或提交下一項獲授權的檢察官審查步驟。,82a3dd182bc216afd91f1accd4970cf935321f56fbd7ba9bd566cdc38806afe8,6d93a8e8aaa635878d7144ce1daab26b86b29e8b443403e6c17fb185b42cb925,draft,,,,
zh-hant,process.steps.decision.title,language-and-usability,You give the instruction,由您作出指示,2b2934d5506b185ef9dbdebcda6e7d52377650a875842adaa465ce42b46ba473,69bce374ce2dc1359442fc3e1c182dbea2fad1ce6917cf6d9dc769eba86a2dda,draft,,,,
zh-hant,process.steps.decision.body,language-and-usability,Fabsy explains any Crown response. Only you direct whether an available resolution should be accepted; trial work requires a separate agreement.,Fabsy 會解釋檢方的任何答覆。是否接受可用的處理方案，只能由您指示；庭審工作需要另行簽訂協議。,086dc4715dbb43c4f12d98d4aeda08e0c9d05c603002545998e96bbd5c244243,3bc2bb7ab6e24c000740aaf8c629b1e46a8f0c6d47eb30ab34bb5c04df280909,draft,,,,
zh-hant,faq.metaTitle,language-and-usability,Alberta ticket service questions | Fabsy,阿爾伯塔告票服務常見問題 | Fabsy,d997ed0d013711dd9d13ffcecbc0ccd852e3d22797a0ed90706ed3808f6fd338,1a20b69b6f82df4c11a9472c02ac8169659cc281d095d9099d170f261c54a9ea,draft,,,,
zh-hant,faq.title,language-and-usability,Questions before you start,開始前的常見問題,9498defd4dde31d53edb329c8d0db6883d63774d2e7e79963add2da52eb8aa4e,2724dced1808041a632a384a6a618c40743173db7904b24b8ead900f7908d8ac,draft,,,,
zh-hant,faq.items.fee.question,legal-adjacent,What does the {{price}} fee cover?,{{price}} 的費用包括哪些服務？,2e094fcc16eddefb6a19d2f044225fd40fb844c12f450a1c27e7e44ac7d70b9f,d428c6a7d6eb4a39b3e9ff4581935e88af0a9a889ccbaa446c95869f86c63c39,draft,,,,
zh-hant,faq.items.fee.answer,legal-adjacent,"Eligible pre-trial intake, deadline review, authorization, disclosure requests and tracking, qualified review, a fact-specific prosecutor-review submission, file updates and explanation of a Crown response. Applicable GST is extra; fines and trial work are separate.",包括符合條件的審前案件資料收集、截止日期審查、授權、證據披露申請與跟蹤、合資格人員審查、根據案件事實提交檢察官審查申請、進度通知及檢方答覆說明。適用的 GST 另計；罰款和庭審工作另計。,a1dbf2898946b3702690c46c65c273d6c66c36e061b4b3f887a0f8610925f17d,343de14be7138c40653fab55a6b24b3a7f76ef0f9bb1734af91e4a7aa3c04ad0,draft,,,,
zh-hant,faq.items.speed.question,legal-adjacent,Will my ticket be resolved in 48 hours?,我的告票會在 48 小時內處理完畢嗎？,46561c71c1d55265cd7ea1998970eda3466dd45c45771c42452cfdd749a2df71,8b0259ce41a17c11d0d00c78b7539429de474d5dd7b1b00e5182ea6155c204d3,draft,,,,
zh-hant,faq.items.speed.answer,legal-adjacent,"No final-outcome timing is promised. The 48-hour commitment begins only when complete, readable disclosure arrives and is matched to your file. It covers Fabsy's review and next authorized action, not the prosecutor's response time.",我們不承諾最終結果的時間。48 小時服務承諾僅在完整、可讀的披露材料收到並與您的檔案匹配後開始。該承諾涵蓋 Fabsy 的審查和下一項獲授權行動，不涵蓋檢察官的答覆時間。,911b892d1c4d702099b7512f0ec5487b789a17087fc88e79146b86b69f707d8c,42cf74ade1e58893932d48cae5d4f6606271ac0d4842223e138a41a0b5a25b23,draft,,,,
zh-hant,faq.items.deadline.question,legal-adjacent,Does a disclosure request extend my deadline?,申請證據披露會延長我的截止日期嗎？,d7ba23f96466138ba0f3cd4f4066d81848d5269e2f4fe50effcc1db0162cb838,7598d775c124f139fd232d8309595269c600611776c904b18dbe73e65df12703,draft,,,,
zh-hant,faq.items.deadline.answer,legal-adjacent,"No. Continue monitoring the dates on your ticket, court notice and portal. A disclosure request does not itself extend a response date, trial date or other deadline.",不會。請持續查看告票、法院通知及服務平台上的日期。申請披露本身不會延長答覆日期、庭審日期或其他截止日期。,7c36942f46dd03eaf667e50cc8645f98fd071d15cda3819ea5728d814110cf1e,5e9e26f2260e7645e7b735b2f705afadab9ed46f9fa24db24cb08f5fe7d878c8,draft,,,,
zh-hant,faq.items.trial.question,legal-adjacent,Is a trial included?,服務包括庭審嗎？,51d0d788dc018d786d7b71447316c41838f8655c6ae74e0a42645e921c2607b9,1165a6a594791418367ae2a2b2dfa4c15260be19004b097d34365fe4d627237b,draft,,,,
zh-hant,faq.items.trial.answer,legal-adjacent,"No. Trial representation requires separate eligibility review, an agreement and a quote. Appeals, reopenings, government charges and out-of-scope work are also separate.",不包括。庭審代理需要另行進行資格審查、簽訂協議並報價。上訴、案件重開、政府收費及範圍外的工作亦另計。,a8b5ab22febf4f9f40e933978cbaac7f742c0b92d49313db0a7f99b53d8d61dc,707902285a474da51a4b767ea20b07dc06f4257ed470e0e20466a6a49f1f396a,draft,,,,
zh-hant,faq.items.approval.question,legal-adjacent,Can Fabsy accept an offer for me?,Fabsy 可以代我接受方案嗎？,279750ea59b803f41091b4ec26450f03e8e8b50b59c44d5f2ffabae7aadefc08,7adfcd2e17516975b65a88b8c188edcab2012f8973da605a432b0dfab68b211b,draft,,,,
zh-hant,faq.items.approval.answer,legal-adjacent,"Only after your case-specific instruction. Fabsy will not accept a Crown offer, enter a guilty plea or finalize a proposed resolution automatically.",只有在您針對該案件作出具體指示後才可以。Fabsy 不會自動接受檢方方案、作出認罪答辯或敲定擬議的處理方案。,028f46cbe8707fcdbe0c14758d720f9eba17c832d4a713b393a5fa17fd840311,81f7fce3f01bc1bc4f1da61a162b7d9553f75b37205b24dca6a038efeba38e56,draft,,,,
zh-hant,faq.items.outcome.question,legal-adjacent,Is a withdrawal or reduction promised?,是否保證撤銷或減輕指控？,42eafffad8245a37eb25d6826a395fcbd55634f4dc8b15643553531c77782c77,72e83c1aec392f653a93146577a50597041aa93c22a22e48566bc9a925f345ac,draft,,,,
zh-hant,faq.items.outcome.answer,legal-adjacent,"No. The result depends on the charge, evidence, procedure, prosecutor and court. There is no promise of a withdrawal, reduction, lower fine, fewer demerits or insurance result.",不保證。結果取決於指控、證據、程序、檢察官及法院。我們不承諾撤銷或減輕指控、降低罰款、減少扣分或任何保險結果。,75463e420a8351295a6f3869dacb56c50a4e19e9021cd688961135403d4ed6de,43cdae398aa8789978a771746f1d3a9bf1c026196997190b4da39a17f6984ad3,draft,,,,
zh-hant,faq.items.language.question,legal-adjacent,Can I write in my language?,我可以用自己的語言填寫嗎？,bc3db8223dc10707b55087856212a309db18c3776bff6e4f14656d9351833d76,e3d2e86b3cd04614cb71d85b3bc49860c656d5ab1485d209d156f9bdf95c6520,draft,,,,
zh-hant,faq.items.language.answer,legal-adjacent,You may write your account in your preferred language. Ask Fabsy to confirm available language assistance before relying on it. A translated website does not mean a speaker of that language is available by phone.,您可以用偏好的語言描述事件。在依賴語言協助前，請先向 Fabsy 確認是否提供該項支持。網站有譯文，不代表電話服務中有會說該語言的人員。,f1092bc9faf469eb6a0a9849dc2620b192933ec6e6e3d5bf1fecedf7fc96b049,562370026396c959fa75d07a4acaae224bfc2a2a6c2ea0debdfcbbc6319ffbed,draft,,,,
zh-hant,contact.metaTitle,language-and-usability,Contact Fabsy | Alberta ticket help,聯繫 Fabsy | 阿爾伯塔告票協助,ed7a28ef612a5c2c1fe3027668ccada01f32be7af4439ac002dbfc22ed125358,c1aaedff5092f59b097ba4f01e62d393de4b5711bbae0a4e60ea5d9d7f73eadc,draft,,,,
zh-hant,contact.title,language-and-usability,Start with a written question,先通過文字提出問題,846798956dfbfb9363b49c6f91ddd0de1b14601e8a6ade3e34f4dd32e27e045f,f8a67c202edc6fd0d92dbaf3af4e182e8abdb36370be6177e32dace5825e8d2f,draft,,,,
zh-hant,contact.description,language-and-usability,You can email a question in your preferred language. Include your deadline and ask what language assistance is available.,您可以用偏好的語言發送電子郵件提問。請寫明截止日期，並詢問可提供哪些語言支持。,cc096a13093b0c65f1831a8989c079857a0951f390ecbb6079088a4db286b875,218424aa810b05dcbb1faeb041edba3d20ec7100249f65d041b1e681216274e4,draft,,,,
zh-hant,contact.messageLabel,language-and-usability,Your message,您的留言,7a057bd996a32915a171b4811d248b48f0fee7dd5e74f4510c156569ea36b4c5,c6e410851eccc8636b30f1a88e61a8b95a80cd41be1d6b3cc7a1895ca69e4c2c,draft,,,,
zh-hant,contact.messageHint,language-and-usability,Write in your preferred language. Do not send card details or unnecessary identity documents.,請用您偏好的語言填寫。不要發送銀行卡資料或不必要的身份證明文件。,11b3d97ead15ab909dd7020a27f92be67e2cfedd9034cc2beca0575ef2ba2227,2c07983c9bc55ed069aa789be5829daf59f27df02ea0029635c94d4c0d2cb0a4,draft,,,,
zh-hant,contact.submit,language-and-usability,Send message,發送留言,93a26b1eaff99b3a84dd80366660991d15703a96514497afd997c12c43000ed7,4c816ec5d1ad60b66c61a853527756a5eae243cb6a2bb3c6070e0cd8a76fd479,draft,,,,
zh-hant,contact.availability,legal-adjacent,Language support and response times must be confirmed. WhatsApp and phone service in this language are not currently promised.,語言支持及回覆時間須另行確認。目前不承諾提供此語言的 WhatsApp 或電話服務。,b509a1a34f5e45d302542e4888222f03ebef2e15ba2a58ed146796c66453db68,77b4a43d72bd0d2e15e3aeee26eca4bd70633a2d1672bc899aed6f7abacc8662,draft,,,,
zh-hant,contact.emailCta,language-and-usability,Email {{email}},發送郵件至 {{email}},46d94b216ce8e085d7a796624941d9939fa2c4444c1880cc869d713bc3f3db8a,7f16576d558634bc5cd334fe415c7f2594ec890f31397510690716f4f9f4d408,draft,,,,
zh-hant,contact.whatsappCta,legal-adjacent,Text us in your language on WhatsApp,通過 WhatsApp 用您的語言給我們發文字消息,105dd00de557e3661e5a9484f348303cca7177367fd866f009f32d1e5cca6b0c,2a732cf842825486a31e616076fbd5ca0345d0308a6c011dd9fb09d1848580b0,draft,,,,
zh-hant,contact.staffAvailability,legal-adjacent,Ask which language support is available before calling.,致電前，請先詢問可提供哪些語言支持。,26d6efc6d2f4fe35fae8c2ce756511b532ec11a42b5b2c3a490481198d591e70,01f8e109b21bcb877c6ff5460a49f1147cce5911e604f48fa9f586132cd29ba8,draft,,,,
zh-hant,contact.whatsappHint,legal-adjacent,Send a written message in your preferred language. Do not send payment-card details.,請用您偏好的語言發送文字消息。不要發送支付卡資料。,71d9b4e04a11c5b2cfda2da32871b914649e38ae6cfc2adc901a84d8d07e35fd,d30535efd4e347f4a4b3452ea7e00ff5a7129093cb0f8bd14d07e632d9371997,draft,,,,
zh-hant,intake.title,language-and-usability,Start Rapid Resolution,開始 Rapid Resolution,08d30aec3aca3e8f9399438ce9780f7a03f67583b7fbc31df1de48a958480beb,839fc19762cc8d0216697f80644ebc8704aeac83aae4591094489496cfb98c21,draft,,,,
zh-hant,intake.description,language-and-usability,Enter the details exactly as they appear on your ticket. You may write your account in your preferred language.,請嚴格按照告票上的內容填寫資料。您可以用偏好的語言描述事件。,895239d7cc03f62b9c38c498def413079949204d7c3abb9cf01ba2f8ef9f6f3f,ef86b900c7084777d1cfeac87f0c7e292a8d632654d8bc8390fd345b0bb045cc,draft,,,,
zh-hant,intake.steps.ticket,language-and-usability,Ticket details,告票資料,095c5093d6828fd6e732a178cf50a84e0a2fa359c999e38edb8e4ef3c49245cf,0bb43a96ff77ef433071ed9b4c78e3e586f5b76bb4684fcce31c3a5d414b11a9,draft,,,,
zh-hant,intake.steps.personal,language-and-usability,Personal information,個人資料,06a571228fc4b88b951b3df6ec8f1cd70342feafaa6c298aa1d07fe690b2913c,f772a5aa09bbd0e60d877904c948230a0b81662e56a73d62f18f5cdfa1e079aa,draft,,,,
zh-hant,intake.steps.account,language-and-usability,Your account,事件陳述,dbb5f6371b6a2a677f09c24d17fdc581132a41881a818469a92b58588e8764bc,bf1814ab42189cb73e52bb5adafa33e04d84bbb4ac51592bfe90121186f69694,draft,,,,
zh-hant,intake.steps.consent,language-and-usability,Authorization,授權,ca5839e38a15433e62b39767d6a86eaafba17ea6b3ea61e3b89e2ac46baa874c,551356fbbc1e006e46de8df14c4563259fe1816d0a95dc842b9371ea08a8d7a7,draft,,,,
zh-hant,intake.steps.review,language-and-usability,Review,核對,aff0766a5290e117b8433c351bae7b7b23bed682b2369bd822d88a647cc58512,4eb8ed136017b1364f4b8bc09c3fc07e612d0a1d4c10ff94c6888dc11a10acd2,draft,,,,
zh-hant,intake.steps.payment,language-and-usability,Payment,付款,7048f38b33f135df36b3d9d382f167d45cfdda857b616899c9d8c9acd2751f64,6f0546de73d1c9b069354a3e1cf7234700b65966a08b534ac392695272e70e8c,draft,,,,
zh-hant,intake.fields.firstName,language-and-usability,First name,名字,702ef921ed1d89bf63353c899af7e338722a3ef6123d0a98333a162818f85e59,6773310492a96fcf96035a33dc957b7f552d26dd6630bc2c14189d2e6aa723ee,draft,,,,
zh-hant,intake.fields.lastName,language-and-usability,Last name,姓氏,7b4888049459f04adf3d6023c45e8ac8fc80e7ce8dfc643179da25a2c3b05443,b85f26df126949fd7c66ff7f992536bbcf5246f9497bef927450de4dff60ac12,draft,,,,
zh-hant,intake.fields.email,language-and-usability,Email address,電子郵箱,f2488fd4ef4adbc6ac61300083f2c33980e48bb4bbf3c540ad760d61fc36f420,eeb6c8879b9ec94c40f74a0f3c60b3bf985a8f78625c778f59a9a6e95098622c,draft,,,,
zh-hant,intake.fields.phone,language-and-usability,Phone number,電話號碼,306f1bb20677a622fc38185239e89a940f6c1727e440a2b359d7d0e1bf600644,c856a1f889109c86e35ef0bd5044027ed3f46d29c4ac121f0c1f42c4a00e423e,draft,,,,
zh-hant,intake.fields.smsOptIn,legal-adjacent,I agree to receive text updates about my file.,我同意通過短訊接收檔案進度通知。,32bf2bb33aba0f995ccceaad77c8e80f977fdde206ef04cbc3f7dcabe009c198,fe985498dc09f077c00f283e9ff0d956c83029a104416119b42b258ed8fdc5b0,draft,,,,
zh-hant,intake.fields.address,language-and-usability,Street address,街道地址,8a386dd14cb9a70f6f2769a7d50dd945fc29bf76fbb219dfa017d1f18739dba0,1ef09356c07c9899cfd4e0f7628df58b40c6eb852b0e4d6d6f7bfbf53cc414b8,draft,,,,
zh-hant,intake.fields.city,language-and-usability,City,城市,fc33f73246f48295702f404001e74d56f14d2f82689b2816422dc1a4c2ec4fb2,ed84a1665f79b6ca43e821a4f81a050fb3a32f6a283a1df5ec69e09301ce2a4b,draft,,,,
zh-hant,intake.fields.province,language-and-usability,Province,省份,abfcecfabeb7545eaf3bc06d4c35204a4ebfd978963d132838d0198638a45b30,fa126ae14a3e60357b326fc5fdcad154d8527775d74ff6ce41627d68d32aa305,draft,,,,
zh-hant,intake.fields.postalCode,language-and-usability,Postal code,郵政編碼,ae53cea8228bcfc350fef961189a32a592e06ccffa52a8b991f88841cbac8de4,64e26ef92181103b8e70f80fc4317e61652a10bf307fe3c1f0e8065c440c0f05,draft,,,,
zh-hant,intake.fields.dateOfBirth,language-and-usability,Date of birth,出生日期,eb4c4e239122d42d1ca7a7af175d6fe393926cb14aaab56b7ab7fc056b2ccb86,1c54caca8ead92fa9b01b2e256398613ef14f795c89999ea3eddf5a69fcc2137,draft,,,,
zh-hant,intake.fields.driversLicense,language-and-usability,Driver's licence number,駕駛執照號碼,7794437f3e0c40324b31fddbae56f957e61eb4176a1d3f66fd4b3ccf8d62a002,8a3b8bc48f42d8e3e0e0eaf70f013267e3c6ec52258a10c0385f6e5b29d745e8,draft,,,,
zh-hant,intake.fields.driversLicenseImage,language-and-usability,Driver's licence image,駕駛執照照片,2c62301c7c9d0f2c266badff196079163818bd694329f99d907e77aa54eba4a5,54edd51912a99a174cde7b3154177d1a699067250ffaa35628c60acda32cd2fd,draft,,,,
zh-hant,intake.fields.addressDifferent,language-and-usability,My current address differs from my licence.,我的現住址與駕駛執照上的地址不同。,9fbf46971f882388a58d6e5099223280287f25336ffa8e36627459f934da6524,2d02939e2ed57022711ba6fe77771aeac8fe450c2feed25c5b94fb87ab8cc651,draft,,,,
zh-hant,intake.fields.ticketNumber,language-and-usability,Ticket number,告票號碼,ef4169ff531e73a501177740307b56c6419d4b3251bb040eaf604cf61e40affc,3472d9417fe41a1d78cc01f87def697dd131cc895b2da08b34be04d9af99ba17,draft,,,,
zh-hant,intake.fields.issueDate,language-and-usability,Issue date,開具日期,f0a6c4753adfbd8c4cacfd961ae4c130c70f3d99142067875fa88cf96484643c,f06706ca20bf9fb7ded95da8f5ea4404c07863855a44d325a0754ee84e251254,draft,,,,
zh-hant,intake.fields.location,language-and-usability,Location,地點,15b61974b2707a7b3d4201385e0f01f4ff5eb1f17c5639d98788ee5add2025cd,af2cfdb525ff3cadd14953430ff3dae4fb72da6a73a06613f03705509dc228e2,draft,,,,
zh-hant,intake.fields.officer,language-and-usability,Officer or enforcement agency,執法人員或執法機構,c6797261f6fd67ca9bab533218d0ddeeec2abfc65cfa92814c20d1d8e733862d,da3ef47001af6cddfaa6eb0eca0c47194e014189a3a2bdddba09be4de1d3ca7c,draft,,,,
zh-hant,intake.fields.officerBadge,language-and-usability,Badge number,警員編號,47fac07a03dfec1ce3f1fb5c0cda1537482cdb2ca2958ea61861c3089204dd21,9e69003c4833c4d88c86ee1603ee63e22fc413d42a5625762b895273b58d0771,draft,,,,
zh-hant,intake.fields.offenceSection,language-and-usability,Section,條文,dfca5da56b8cdb627309e2aa5a45e17b0e3e3e09e729209216b4fb0684ad8bae,c4e7d03f3375cf87227fdb834d5e7db421123a35c81e91393624f32d6489904d,draft,,,,
zh-hant,intake.fields.offenceSubSection,language-and-usability,Subsection,款項,b2dc6cc49319261382a14bba1de1fef28aa704eafe953db3966b64150dd76975,94ee7e1e6ead35963d23cd786586b3129d76b7a57766df0d05ebf323b99fc006,draft,,,,
zh-hant,intake.fields.offenceDescription,language-and-usability,Offence description,違規事項說明,38e13bd99e33af122c00017d85ca807b981cf414a233923de09e38de29792aa0,a9f5e55be5d18a1051877c8aa614c3e3297e79a719a64d2132ac39f47b090b0c,draft,,,,
zh-hant,intake.fields.fineAmount,language-and-usability,Fine amount,罰款金額,319a81f308c50f9aa9ae07630f465e2bc6042b6f90952329af45b9de082627ff,2d3116670d1089cbf4f19d9a40f69be39989d2599f89b0666f0197b1be107d7f,draft,,,,
zh-hant,intake.fields.courtDate,language-and-usability,"Court date, if scheduled",出庭日期（如已安排）,7f1b94e6293d5d66b804a2fea0c2663113ec8af24ab509b32effc04a6c300a44,41df4f45a8ac7e5eba31f603b3cc9ca26a40481923bb2809831c16d91fab951f,draft,,,,
zh-hant,intake.fields.courtJurisdiction,language-and-usability,Court location,法院地點,6f3997bb1a9d1d6bcc648fca4fc9fe18d0b8e5daa1d82ad9bb91d314a901a8a7,a3c1594360d2ccd4edcb2fa61008a17bb223f4671e65c65ef1442351eef87f6c,draft,,,,
zh-hant,intake.fields.ticketImage,language-and-usability,Upload your ticket,上傳告票,eff0e03db5d358970b2e3dc119efdb8250d4e70444b01f2437772a21931739d5,0efa5c4ef2bd686f1cd0377820aa8d92f6f89a987b8813e834c6e67656968f97,draft,,,,
zh-hant,intake.fields.vehicleSeized,language-and-usability,Was your vehicle seized?,您的車輛是否被扣押？,fd8c61c2d2890995e17d9cf09814825dfb8c292940e5a372ce25729dd443e1ab,5f4283ec3e9b9656acd9e0ec23320de1992e656a4d822d4d0f7e84d64e4f5219,draft,,,,
zh-hant,intake.fields.pleaType,language-and-usability,Your position on the ticket,您對告票的立場,20263844dc014587b3501df7f368b32a83b4018c2052fe16da2a4e13092e8442,63055fd2cd2322198778d146910103f65cb05d8b78cb58ef7a0ec1d83df1fe9a,draft,,,,
zh-hant,intake.fields.explanation,language-and-usability,Your account of what happened,您對事件經過的陳述,660713dc8e71dfe66284d3a7365ae0b172454585ea0fc7b1312e2f8905d23302,4014ca73aa12f4d5f031c827ba5a92acbb31db1e6734000b447d771c2e58c03c,draft,,,,
zh-hant,intake.fields.circumstances,language-and-usability,Other relevant circumstances,其他相關情況,55cc1be2e9b57fb5abdfaf4fc367c48069b7aaf33b3a3aab1355aa4f49e0bc3a,6316f3a33b5acd3856b23befb444b7647de702ce0b42a069f26a4aa0f787058b,draft,,,,
zh-hant,intake.fields.witnesses,language-and-usability,Are there witnesses?,是否有證人？,31212056af5a538b299814827e1fd4a47621a952be38bcee6d1b36995c142bbc,335b3be51884ba61e0d90dc78a198fcfe0ab87e89f6fdee9367e211c4c0d41c1,draft,,,,
zh-hant,intake.fields.witnessDetails,language-and-usability,Witness details,證人資料,13ef6a4023c2df9fe1b1e7238c0d0903102fce9772d44a275c77579cb8b61733,5c04fe2f19161611e26f72fc6501e0f53ebbce06fd6aabb5fac0e398de2c2401,draft,,,,
zh-hant,intake.fields.evidence,language-and-usability,Do you have additional evidence?,您是否有其他證據？,3f215053acf6bd460ec9a42d1a814bbeaeaaa1e88081369488459cbcbacc1601,b4615b1500e18e6dbc1769fd184e99ed50b496d70cd9402e86a9602a8a2f93c3,draft,,,,
zh-hant,intake.fields.evidenceDetails,language-and-usability,Evidence details,證據說明,feb7d9dd3db683c01ac5379e4d60940db131271540ffa497af32c51c6ab72f46,5169c5df06c7b06d8dc53ec85145c018cbe887288de849c83cbc36841c85f90b,draft,,,,
zh-hant,intake.fields.priorTickets,language-and-usability,Previous tickets,以往告票,e8e17ca1038c6a9f0c4c372eaa84b6d7c6f33bd9a399c81fd0991494f640563d,219af99ff39f893fdc15301165dd540bf062ea34c7ed4bf3237cce68eb1e385c,draft,,,,
zh-hant,intake.fields.insuranceCompany,language-and-usability,Insurance company,保險公司,74a674f9bd2c7d69bec1ea58e6c17086dd80a3daf50d7da9d0fcc3d3e62752aa,fda20e4c2b4478bafd5d4791ff9db54a272825ce3cf8ae66676535058906b2d2,draft,,,,
zh-hant,intake.fields.vehicleDetails,language-and-usability,Vehicle details,車輛資料,c4a848179b5905c630a264ee8f81f5fa1e69cf04a5d13ef36d7b6977391af77a,f2032c7ed61a3c77d51d950e962a58274e7a209ddb47641a7910d4f489da3cd0,draft,,,,
zh-hant,intake.fields.additionalNotes,language-and-usability,Additional notes,補充說明,5871e1abaa639712e7e0107d9d5f6b14793cbd1c696b14f3eb6cc22be96cbd29,79b54207a5b1a1297d3c7a549de0b9cea2a0c64d24e4a422227e50727691ee12,draft,,,,
zh-hant,intake.fields.preferredLanguage,language-and-usability,Preferred written language,偏好的書面溝通語言,19a143b46379d7d132cc69d0bc9d26938f5324c6c871aa5dd2615a20e2d15f89,5c0bf9ee1204acab5ccf9040adb9b6ae60380c3fbaa87ea130b3bf044fc5d00d,draft,,,,
zh-hant,intake.fields.digitalSignature,language-and-usability,Digital signature: type your full legal name,電子簽名：請輸入您的完整法定姓名,cb72c11a93258cbd5798c4b5cb8806f213dcab63b6f575589e35f9043c6e60a0,fcbb5a4bfb0e976f661685a43bcd77809f5a5279b6ee7789ed3b2f9ea750d2cc,draft,,,,
zh-hant,intake.validation.required,language-and-usability,Complete this required field.,請填寫此必填項。,c87f8ba5fa65dcdabe6111e13c857ee4c54038ecf14d3ed3bef856c6eaaeb919,3b3f4063783ad8e09ca5a7836215b6be9f44286ea0fc106abcb7456e0709aa8f,draft,,,,
zh-hant,intake.validation.email,language-and-usability,Enter a valid email address.,請輸入有效的電子郵箱。,8a966af884a06484aad2032a003c8bb514b24890ef0e2e917a8e0a4df0858def,b68ebbfe7f69a40bea61eb41f618dde9bf76c5a0a19d92d22e199253c6d85e09,draft,,,,
zh-hant,intake.validation.phone,language-and-usability,Enter a valid phone number.,請輸入有效的電話號碼。,90eeb8ff8c3a02124a44cfff39e4057d677b1ce7df90355b2ef8a4cfd141c972,8fcb24ef4dd741dbdc55c7b4ea9728d173a91d1c76547d72011bfdc3f8d13f5c,draft,,,,
zh-hant,intake.validation.date,language-and-usability,Enter a valid date.,請輸入有效日期。,2102f47f88cd1261dd3e241b122f6c10ead63f172ed8410ca9a4b82ced0ad27b,b0c5a167337ab58d6ad993057a599663155bcad1283a86ca9ac0f53a229c94b7,draft,,,,
zh-hant,intake.validation.amount,language-and-usability,Enter a valid fine amount.,請輸入有效的罰款金額。,f53b059015a1ecf51c630a781476e04fda8e006a21528725d150cf54936503a7,a571f86683acbc6c14e26326d76b9fc6bcb4e9a124ebb543946fe09130511f5d,draft,,,,
zh-hant,intake.validation.ticketImage,language-and-usability,Upload a readable image of your ticket.,請上傳清晰可讀的告票照片。,cbab99efafa989eef75848f0aa27eb1113669e68ae689c42e3f47fa7f4a65eef,03e2c7d6ea0dffbe7dbd06ecd5b60cb4b4809ddf1d0fcd9e35808ac6a0a37870,draft,,,,
zh-hant,intake.validation.signature,language-and-usability,Type your full legal name to sign.,請輸入完整法定姓名以簽名。,8dfef8bbad08c50a13d5764ece818bc41c1c03c0056d61395ec90cfedd370752,bc176839b192445aa085080cd0283cc022401af0a03478138b10916d4ad769c6,draft,,,,
zh-hant,intake.validation.consent,language-and-usability,Read and accept the authorization before continuing.,繼續前，請閱讀並接受授權條款。,64992837e3cbb842a96069e90d5afcf1c30e0de8f3dc102e4b47e22669e44d80,bb750cde2e28389f495960648641c504273f3ac84c43f3fa942177d4c115af88,draft,,,,
zh-hant,intake.validation.terms,language-and-usability,Accept the Terms of Service and Privacy Policy before payment.,付款前，請接受服務條款及私隱政策。,6be1bb8ed081551458613c3b21a70c4dc6d0d2284b02796dd791657c26846ec9,62fe0416f1746311da6d41a9761e2c0e6cfa04e9012a75fb6adac03a0c996335,draft,,,,
zh-hant,intake.validation.submit,language-and-usability,We could not submit your details. Please try again.,無法提交您的資料，請重試。,1ea4214151d8b0d47d2e2455f1fc32d3a9b89392678aed48cba4e132f825d07d,f0a806f06df599c41cf774582d2d3b88fc685b19f13cabd3efbdf1457e54b0e9,draft,,,,
zh-hant,intake.validation.scanReview,language-and-usability,Check the extracted details and correct any mistakes.,請核對提取的資料並糾正錯誤。,aa29d7896884f145e3532e13b8706a1ca7dfa90b3db5ce24498c0cf7b40ef0e7,9870f19ee373255d1c405cd140c23dec59f653f039de7ffa5b61c36c76f98d09,draft,,,,
zh-hant,intake.validation.scanFailed,language-and-usability,We could not read this document. Enter the details manually.,無法讀取此文件，請手動填寫資料。,c9207721ea3aa80ed6d603c0943b3e83a3ea1cfee62976d46c0333478e7ddfc8,122bea9a6d0ef3ee0e8936b4eb19cf86ba6465cde5c59d09e444ece5f4520a04,draft,,,,
zh-hant,intake.validation.fileFormat,language-and-usability,"Choose a PDF, JPG, PNG, WebP, HEIC or HEIF file no larger than 10 MB.",請選擇不超過 10 MB 的 PDF、JPG、PNG、WebP、HEIC 或 HEIF 檔案。,55a8fe3740ea49d7c0984eb5ca2e232c87823187c7d79e0b5501211edf2a1a4d,9db91697bf034c7a785a839fbb492d57926eb36dc4f471b0737fa44f22666639,draft,,,,
zh-hant,intake.validation.consentCharacter,language-and-usability,"We could not create a readable consent document from one or more characters. Contact Fabsy before paying, and keep your original name and details unchanged.",由於一個或多個字元，我們無法製作可讀的同意書。付款前請聯繫 Fabsy，並保留您原來的姓名和資料，不要修改。,0912a89086b65918f080acbf74cae4d1dcc19184a3094420ac470d13d26dfa03,834aa7a31c18f183a3589e7fb86367c6aa51a25ad59332a48805dad4d294833b,draft,,,,
zh-hant,intake.validation.length,language-and-usability,This entry is too long for this form. Contact Fabsy if you need to keep the full text.,此輸入內容超出表單長度限制。如需保留完整文字，請聯繫 Fabsy。,4ff0e8bf7eaffbd31881ac3310bce4f31694d2d5db4d645717d0739abc826ecc,5e9b7d4788b49f2fa5717ba0d18e362b6328bfbdf63338200ad36ec6fb000bba,draft,,,,
zh-hant,intake.consent.title,legal-adjacent,Digital authorization for Rapid Resolution,Rapid Resolution 電子授權,f0ee4c044fcc5a96fe09de7b7eb0618575cb6e84f5b435b702e0290b2219a6fe,2d99b3b54d8f67d30e3f13c7ddbe86f389b953b6593fbe1c634237130d8d0a71,draft,,,,
zh-hant,intake.consent.scope,legal-adjacent,"I authorize Fabsy and its agents, where permitted, to request, receive and review disclosure; use the Traffic Tickets Digital Service; communicate with the court, prosecutor and relevant government offices; prepare and submit a fact-specific prosecutor-review request based on my instructions and record; and explain any Crown response, charge, fine and demerit consequences.",在獲准的範圍內，我授權 Fabsy 及其代理人申請、接收和審查披露材料；使用 Traffic Tickets Digital Service；與法院、檢察官及有關政府部門溝通；根據我的指示和記錄，準備並提交基於案件事實的檢察官審查申請；以及解釋檢方答覆、指控、罰款和扣分後果。,1202c0fd0ddb5b3ac55f7276c4ffeb1108e8c78b5a8588ee8e826204b6e988ae,9e8e52760666b47b64818cecd8434d6cfec8654c977f3e20f14f286fb9c700d7,draft,,,,
zh-hant,intake.consent.approval,legal-adjacent,Fabsy may take a final resolution step only after my express case-specific instruction. This authorization does not permit automatic acceptance of a Crown offer or a guilty plea.,只有在收到我針對該案件的明確指示後，Fabsy 才可採取最終處理步驟。本授權不允許自動接受檢方方案或作出認罪答辯。,2ecf63ee79415741a6a57dbc262dcb9392f63c4c92a13288d4e540edca0d8c70,9ec40c9f1ab2cac13aa190ed2bcaefd5d1f0a01c36542dd1a274e44429f18a25,draft,,,,
zh-hant,intake.consent.exclusions,legal-adjacent,"Contested trials, appeals, reopenings, Immediate Roadside Sanctions and Notices of Administrative Penalty are excluded. Trial work requires a separate agreement and fee. A prescribed Government of Alberta consent form may also be required.",不包括爭議庭審、上訴、案件重開、Immediate Roadside Sanctions 及 Notices of Administrative Penalty。庭審工作須另行簽訂協議並付費，也可能需要填寫阿爾伯塔政府規定的同意書。,38fc50f62258406a9979f9f8bcfa3ce35117a6528468eb275b8547c7da5b2432,246e62314c924f63c06823b0b2b5bc7e947ea503323df748a73a5ab55037f593,draft,,,,
zh-hant,intake.consent.fee,legal-adjacent,"I voluntarily retain Fabsy for the limited pre-trial service at {{price}} CAD plus applicable GST. Government fines and excluded work are separate. I understand the scope, the 48-hour condition and that no result is promised.",我自願聘請 Fabsy 提供有限的審前服務，費用為 {{price}} 加元，另加適用的 GST。政府罰款及不包含的工作另計。我瞭解服務範圍、48 小時承諾的條件，以及沒有任何結果保證。,fec627441a81201a3cb16c94ef7afd437001637e227ff1aa652ce85589633020,d25ceee39ebad79c60f94ffaf4ecaf8eb34a6481472f09cbf86960edafc3ce42,draft,,,,
zh-hant,intake.consent.data,legal-adjacent,"I consent to collection and processing of my information to deliver the service, technology-assisted document extraction and analysis with qualified review, secure record storage, communications about my case by email, phone and text and necessary sharing with courts and authorities. I will provide accurate, complete information. I may request access or withdraw data consent by contacting privacy@fabsy.ca.",我同意為提供服務而收集和處理個人資料、由技術輔助並經合資格人員審查的文件提取和分析、安全保存記錄、透過電子郵件、電話和短訊與我溝通案件，以及向法院和有關機構提供必要資料。我將提供準確、完整的資訊。我可以聯繫 privacy@fabsy.ca 請求查閱資料或撤回資料處理同意。,b2dbaeecfd372235b431fbdf407bb74f7b72b4e3c70a282e7b27bdee4a23850e,33ec01b9569c9ec707f6bcf69e5df8323e5d30b9bb71183dc5055ba7dc16f054,draft,,,,
zh-hant,intake.consent.withdrawal,legal-adjacent,I may withdraw this authorization by written notice. Otherwise it remains valid until the matter is resolved or withdrawn. Withdrawal does not automatically cancel fees for work already performed.,我可以通過書面通知撤回此授權。否則，此授權持續有效，直至案件處理完畢或撤回。撤回授權不會自動取消已完成工作所產生的費用。,cc52b38b01e587d99204841cb457093134e48e9c800a46ef7f7f81cb8eb4b69c,a9889304a322a4efe8c9165f5fe1c03dad2aead4901cfc62b5ce615ae3fdea20,draft,,,,
zh-hant,intake.consent.confirm,legal-adjacent,I am the person named above and am authorized to enter this agreement. I have read and understood this authorization and agree to the limited service. My digital signature has the same legal effect as a handwritten signature.,我就是上述姓名所指的人，並有權訂立此協議。我已閱讀並理解本授權，並同意所述的有限服務。我的電子簽名與手寫簽名具有相同法律效力。,2a3806e043e60b690bd438ad4068c0d0878a5a78d6adcfaa5384f489ee565f80,8ce7cefb2abadb7bfa00bf1b6d77a42384d5e6d1904a78cb885681e1b8ceb386,draft,,,,
zh-hant,intake.review.title,language-and-usability,Review your details,核對您的資料,66b425144eb3f3dab95d612792e47d5b26a6a20366e4dd6be73424d791e9849d,047770054ca95551faa9d7aac2af5cbc421f3175d12e6b42fb41f99559a647a0,draft,,,,
zh-hant,intake.review.description,language-and-usability,"Check your ticket, contact information and authorization before continuing to secure payment.",繼續安全付款前，請檢查告票、聯繫方式及授權內容。,9a4027e80e369feef378021b2ba9d493756a50d169641ad3836a949510e9e56f,ac0e4c5acae7aaa3076db70f05262c3e0aa26605d9a1981fe81ec3b016a85c46,draft,,,,
zh-hant,intake.review.edit,language-and-usability,Edit details,修改資料,fd9c61ac500e51185a5844b7f373df989d56c8e19246f3a34700aadc853e93b2,57eb926818815c13ceb4d0c92bdca684b92c364bf28a5264cbf150ff1ee30aec,draft,,,,
zh-hant,intake.review.languageNote,legal-adjacent,"Your original written account must be kept with any English translation for review. Do not change names, dates or ticket numbers when translating.",原始事件陳述必須與任何英文譯文一並保留，以供審查。翻譯時不要更改姓名、日期或告票號碼。,0231f65bd7e507dac8cfbb533f22f69707b4d657a38fd94bd70627b954bf5939,8e8e6184c490700b0645773d051ac77ebd214d38049e25ae9d94b3ababef5dd9,draft,,,,
zh-hant,intake.scanTicket,language-and-usability,Read details from the ticket,讀取告票資料,08e18be2fc56346667d4b424e1db8ab3f7fcc079353293a764f79fadd1cb8b57,65983905bc01bb59fa1d3a245662a602fd522cb277c5a189bc7d110f3a615d07,draft,,,,
zh-hant,checkout.title,legal-adjacent,Rapid Resolution checkout,Rapid Resolution 付款,5b0cd954ae99a3454cf067a0f42019e539b56c44cb212f8915acb1dfd24a9d34,de43a905c3c05beb194fae7a890f57dd5c9b157dec3e6c32ca29eee59b23530b,draft,,,,
zh-hant,checkout.service,legal-adjacent,Service,服務,d677190e0a9990e7d5fa9e4c1bbde44271fb8959c4acb6d43e02ed991128b4bf,318bc18e562d6f1b27436b8d69616abc8495ed8d1d874954635d47b2cc6dec22,draft,,,,
zh-hant,checkout.subtotal,legal-adjacent,Subtotal,小計,8c0f2cb34079ede4634166168f5a77303f49b9dd7f60607ba9c8793cc397c0b7,79a8433c6f68f789ee7f6e5c4d15443852e0c54b584ca4fe9ec6ba2281c18cfe,draft,,,,
zh-hant,checkout.gst,legal-adjacent,Applicable GST,適用的 GST,e30a5f8704c94d87e904ca56c807ae07b4e2dcb7568546d6aee87b1ee9f5bf9e,222a167b4abf70d984fcb71ce3b92813a07dca4986bb810f4fc66691c7933218,draft,,,,
zh-hant,checkout.total,legal-adjacent,Total,合計,c9b3c38247f744e17dd26fda097d6a9ba9332586b6bdaa038bf8f313a863f2b8,01fc1c55333cf931e1833a19812f1821d0a7daaf650e4a04d25707b8976ba2f5,draft,,,,
zh-hant,checkout.pay,legal-adjacent,Continue to secure payment,繼續安全付款,3be16c5137c2af58aeba28345f78f3591d20bf1cf14759682e034ed61b0a3c11,51098fbc61146b404f1565ad4bcc02b487b0764ea10329c405cc974c880b687f,draft,,,,
zh-hant,checkout.processing,legal-adjacent,Opening secure checkout…,正在打開安全付款頁面…,8d15b0fbf84af9300248813d13bff12a4b9239d3f577b80c4d877737f630caa3,f50c8b0c901ca066a15df9d1adb2b0cd93fb8aed7c6c66effd38cf795fb07bdb,draft,,,,
zh-hant,checkout.paymentFailed,legal-adjacent,Secure checkout is unavailable. Please try again.,安全付款暫不可用，請重試。,8927b21e3b94e4e0877f8ede511182519d310e359a7e8cb41f808b53fe9e4b0e,e39a7294db90a2be21f437ce9290371656d7be5985ab5ebf9085ba8c94f872bd,draft,,,,
zh-hant,checkout.scope,legal-adjacent,"{{price}} CAD plus applicable GST for eligible pre-trial matters. The full subtotal and tax are shown by Stripe before payment. Fines, trial representation and excluded services are separate.",符合條件的審前案件費用為 {{price}} 加元，另加適用的 GST。Stripe 會在付款前顯示完整小計和稅費。罰款、庭審代理及不包含的服務另計。,f530b81a65b98750914aabacb427b0f8df9fef72e02f7d0590fad1298e2c7bca,2f623ad95403ea1aed580ff682a976542f44820d86e0fb7b333357655c968e36,draft,,,,
zh-hant,checkout.termsAcceptance,legal-adjacent,"I have read and agree to the English Terms of Purchase, Terms of Service and Privacy Policy. The English terms control. Payment does not authorize automatic acceptance of an offer.",我已閱讀並同意英文購買條款、服務條款及私隱政策。以英文條款為準。付款不構成自動接受任何方案的授權。,5461e54162c8fe969787fb762a8e7e98b878ee77a7255edea8f1f89c56fde771,73bd6dda36ae312c04ebdf9659a5b5b79916224b90d396ae220e7ec0ac48dc9e,draft,,,,
zh-hant,terms.metaTitle,legal-adjacent,Terms of Service | Fabsy,服務條款 | Fabsy,fad1699d34bbc659429acd94d1df3e0c1eba156eba6861e97f6115f3fc038dfe,acb09b80f575616879fec0289e9c877af3fde894fec20f6d6c70fd79dc11a5cf,draft,,,,
zh-hant,terms.title,legal-adjacent,Terms of Service,服務條款,4afa55bf7aec7ddc5dfb904271f881be278e7629ce258675bf4b62f460017abb,afe218eb533fdc3f9fa6835ca9d71f0b2e77f7989523af82eb5007fdb9583bed,draft,,,,
zh-hant,terms.intro,legal-adjacent,Read these terms with the English Terms of Service before authorizing or purchasing a service. This localized presentation follows the current English service terms; it does not create a different service agreement.,授權或購買服務前，請將本條款與英文服務條款一並閱讀。本地化版本遵循現行英文服務條款，不構成另一份服務協議。,8dba9f80c3d7715d0a05b31263525d129195fe3d72e286fd88f9cb4d70cdc16c,bb55db60589539a9a62c6d6f0043abe84047e1c90f2d45d88eedd4a895245a9f,draft,,,,
zh-hant,terms.englishControls,legal-adjacent,The English Terms of Service control if a translation differs. Statutory rights are not limited. Ask for clarification before consenting if you do not understand a term.,如譯文有差異，以英文服務條款為準。法定權利不受限制。如您不理解任何條款，請在同意前要求澄清。,b286dd322f20f189149053c4a0f1032e504650e268579d00ad73c2aec53bb49f,0169f97794bd90af1c21e5e74216555999f2a5cc6f58df5c3b860c8e998ddb62,draft,,,,
zh-hant,terms.sections.service.title,legal-adjacent,1. Service description,1. 服務說明,ae3ed7912bd66abcfd3935478a3cab544ac3b36ec23ed770c329de1cb09629a5,30fbcd2584f3f81a427b3df9a5ecccad324cfe1efe6a32a3da0ed824652cf304,draft,,,,
zh-hant,terms.sections.service.body,legal-adjacent,"Fabsy Traffic Ticket Services is an Alberta traffic ticket agent service, not a law firm. Paid services are Rapid Resolution for eligible pre-trial matters and the Insurance Impact & Renewal Planning Report. Work may include secure intake, eligibility and deadline review, digital authorization, disclosure requests and tracking, technology-assisted analysis with qualified review, authorized fact-specific prosecutor-review submissions, file notifications, Crown-response explanations and client-directed decisions. Optional reports use client records and approved public sources. Contested trials, appeals, reopenings, Immediate Roadside Sanctions, Notices of Administrative Penalty, government fines and work outside the permitted scope are excluded from Rapid Resolution.",Fabsy Traffic Ticket Services 是阿爾伯塔交通告票代理服務機構，並非律師事務所。付費服務包括為符合條件的審前案件提供 Rapid Resolution，以及 Insurance Impact & Renewal Planning Report。服務可能包括安全資料收集、資格和截止日期審查、電子授權、證據披露申請與跟蹤、技術輔助分析並由合資格人員審查、獲授權的基於事實的檢察官審查申請、檔案通知、檢方答覆說明及按客戶指示作出的決定。可選報告使用客戶記錄及獲准的公開來源。Rapid Resolution 不包括爭議庭審、上訴、案件重開、即時路邊制裁（Immediate Roadside Sanctions）、行政處罰通知（Notices of Administrative Penalty）、政府罰款及超出獲准範圍的工作。,80ab55d9fbbf0db6e47a90d9444fca1f0c50516895253436134648ee08c772f4,64824cd604b9f842a1d44546d5ea20577877079b13ebd86d1d166c07a72e4a49,draft,,,,
zh-hant,terms.sections.practice.title,legal-adjacent,2. Limits on agent practice,2. 代理服務限制,fa582796c619d20d79641252ea3b07bfc08ceaa6b2467852e6b806214e918573,a59ebb2af12e749bc2ac21ff51306a609e2316ca944a8f14ad5bb380fe3d9fe9,draft,,,,
zh-hant,terms.sections.practice.body,legal-adjacent,"Fabsy representatives do not provide legal advice or practise law, identify themselves as lawyers or Fabsy as a law firm, accept matters outside the permitted agent scope, or promise particular results.",Fabsy 代表不提供法律意見或從事律師執業，不自稱律師或將 Fabsy 稱為律師事務所，不接受超出獲准代理範圍的案件，也不承諾特定結果。,b6e38db74c36fb335b4c8ea7f1cc691f97ce59392b9581cad985f344fb8fbb86,6cea1413a198bb88d6feb425ef0f29af528f12180cb683fd16c32f7c168eacf3,draft,,,,
zh-hant,terms.sections.eligibility.title,legal-adjacent,3. Service availability,3. 服務可用性,3aaff24cf37b03e9b1dc2f8ec04b3413135432ba2cf9c775ec72cb9db9f58d69,7a4be009a64fdae90eb74dcc9e07c5860d7dd11b496c2dc53ab69b3fd9d61efd,draft,,,,
zh-hant,terms.sections.eligibility.body,legal-adjacent,"Availability depends on the charge, procedure, deadline, court location, portal requirements and whether paid agent services are permitted and accepted by Fabsy. Matters outside the scope may be declined or referred elsewhere.",是否提供服務取決於指控、程序、截止日期、法院地點、服務平台要求，以及付費代理服務是否獲准並被 Fabsy 接受。範圍外的案件可能被拒絕或轉介至其他機構。,2914e62aec1e16a541a60bf76d9dd7c6efbd2e57707b20f23ac58a2cc7a6325c,efff83763f4d486b05b723051f466ad8e04d8d9191af06e40dcb17e7014d0f04,draft,,,,
zh-hant,terms.sections.pricing.title,legal-adjacent,4. Pricing,4. 價格,decbdb9ba4c99187050551e881142e6412c1f397d37d7b9e0ba0bf238f89eea0,e7514e6045b920cf7644728fed6f7347ba7ff3d9f5b096f15235d19f88858487,draft,,,,
zh-hant,terms.sections.pricing.body,legal-adjacent,"Rapid Resolution costs {{price}} CAD plus applicable GST for eligible Alberta pre-trial matters. The standalone Insurance Impact & Renewal Planning Report costs {{reportPrice}} CAD plus applicable GST. Both together cost {{bundlePrice}} CAD plus applicable GST. Trial representation, government fines and out-of-scope matters are separate.",符合條件的阿爾伯塔審前案件，Rapid Resolution 費用為 {{price}} 加元，另加適用的 GST。單獨的 Insurance Impact & Renewal Planning Report 費用為 {{reportPrice}} 加元，另加適用的 GST。兩項合購為 {{bundlePrice}} 加元，另加適用的 GST。庭審代理、政府罰款及範圍外的案件另計。,f70805a5b0df5f030bf3eb4ceb75e75085744ec4d324a45a9081bd70a049f0ae,fc0351372b16e47caaf1f7ad8077cb666a3be7469300298019a5cdabd94d0566,draft,,,,
zh-hant,terms.sections.payment.title,legal-adjacent,5. Fees and payment,5. 費用與付款,2e694810eb6779267f5f5d9f81c1cded58ff093dd93867c944bb808f3538048c,de5406203b291f504931ec8a95356e586db6719ed7d5aee415521982bda714e7,draft,,,,
zh-hant,terms.sections.payment.body,legal-adjacent,"All fees are in Canadian dollars. Court costs, fines and other charges beyond Fabsy's control remain your responsibility. The complete subtotal and tax are displayed before payment through Stripe.",所有費用均以加元計價。法院費用、罰款及其他不由 Fabsy 控制的收費仍由您承擔。通過 Stripe 付款前，會顯示完整小計及稅費。,f75ef3e968fefa334460fc34ddb9816f00098d02a9efa21e0918a7e61d21f213,6899ff86d3dd820557542b5c343277f049572315cf235f3ef9cb655e1f527803,draft,,,,
zh-hant,terms.sections.rapid.title,legal-adjacent,5A. Rapid Resolution,5A. Rapid Resolution,0fd98907037ef381a36e6a5d851232c335a80d9e035f702c6ed2f3db4f5efe4f,0fd98907037ef381a36e6a5d851232c335a80d9e035f702c6ed2f3db4f5efe4f,draft,,,,
zh-hant,terms.sections.rapid.body,legal-adjacent,"Service starts only after intake, authorization and payment are complete and Fabsy accepts the matter. Where authorized and operationally available, Fabsy requests and reviews disclosure. A disclosure request does not extend a response date, trial date or other deadline. You must monitor every deadline and attend personally if required. The 48-hour commitment begins only when complete, readable disclosure is received and matched to your file; it covers Fabsy's review and preparation or submission of the next authorized action, not Crown response time or final-outcome timing. Fabsy will not accept a Crown offer, enter a guilty plea or finalize a resolution without your case-specific instruction. Trial work requires separate eligibility review, an agreement and a quote.",只有在資料、授權和付款完成且 Fabsy 接受案件後，服務才開始。在獲得授權且實際可行時，Fabsy 會申請並審查披露材料。披露申請不會延長答覆日期、庭審日期或其他截止日期。您必須自行關注所有截止日期，並在有要求時親自出庭。48 小時承諾只在完整、可讀的披露材料收到並與檔案匹配後開始；它涵蓋 Fabsy 的審查及準備或提交下一項獲授權行動，不涵蓋檢方答覆時間或最終結果時間。未經您針對該案件的具體指示，Fabsy 不會接受檢方方案、作出認罪答辯或敲定處理結果。庭審工作需要另行進行資格審查、簽訂協議並報價。,f2c6952f5978566d6947bb6932b4ea8bd844f6a025c4b89d041253ed1d6663a0,0fd111129d4109a91dcca89b590c09555a186fd329394dde9e824eb2d5ec2861,draft,,,,
zh-hant,terms.sections.report.title,legal-adjacent,5B. Insurance planning report,5B. 保險規劃報告,a5fa3dcaf259d5022a9f09be8ddd8dc8e8b99814128622297afc5ea2cc66f94f,7172e3be45b20ff02890425fdff6b1202c5c9c2437b52dd7a75099cbf9293234,draft,,,,
zh-hant,terms.sections.report.body,legal-adjacent,"This is a one-time consumer research and planning product. Driver abstracts, broker services, insurer quotes and other third-party records cost extra. You must provide accurate ticket, driving-record, policy, renewal and rating information. Scenarios and ranges use approved public information and supplied records; they are not insurer quotes. Sources and questions are planning aids, not recommendations to buy, cancel, renew or change coverage. Fabsy is not an insurance agent or broker and does not sell, quote or place insurance, contact insurers, submit applications or negotiate renewals. No eligibility, savings or premium result is promised. Insurer-specific advice and quotes must come from a licensed broker or insurer.",這是一次性的消費者研究與規劃產品。駕駛記錄摘要、經紀服務、保險公司報價及其他第三方記錄的費用另計。您須提供準確的告票、駕駛記錄、保單、續保和評級資料。情景分析及範圍估計依據獲准的公開資訊和您提供的記錄，不屬於保險公司報價。資料來源和問題僅供規劃參考，不構成購買、取消、續保或更改保障的建議。Fabsy 並非保險代理人或經紀，不銷售保險、報價或安排承保，不聯繫保險公司、提交申請或協商續保。我們不承諾投保資格、節省費用或保費結果。針對具體保險公司的意見及報價必須由持牌保險經紀或保險公司提供。,594a81baaaf84b8443587307f5e4bcf51f4748ce1fb76bb6d7d806d908e9780f,4848b4c1a1f5af6ab009d8543c65446d7a2f32eeaf94bb1e4ef37fff5ab93329,draft,,,,
zh-hant,terms.sections.responsibilities.title,legal-adjacent,6. Your responsibilities,6. 您的責任,a3465cface275a56c51638482bc858a30844638adfaa501467c42dc8e9c901ea,80f77aaf953ea9237a3e939d7b0cc39ed83837e84b3b17b70078281057ce2458,draft,,,,
zh-hant,terms.sections.responsibilities.body,legal-adjacent,"Provide accurate and complete ticket information, respond promptly to requests, review every Crown response and give clear instructions before an offer expires, attend court if required, and pay applicable fees and court costs. Fabsy provides agent representation services, not legal advice.",您須提供準確、完整的告票資料，及時回應資料要求，審閱檢方的每次答覆，並在方案失效前給予明確指示；有要求時出庭，支付適用費用和法院費用。Fabsy 提供代理服務，不提供法律意見。,5c670d4908bf383d264e559ad85083b77acb4f0171c22bbcbb71570a4032dbb7,994d0dd6c3dc5f0c426cfe4f9842ceecbe2be374f5bfa0d15c985246053777ce,draft,,,,
zh-hant,terms.sections.outcomes.title,legal-adjacent,7. No promised result,7. 不承諾結果,a3a926bab4323511c56c1af9029f0a7c03aff0852d06448a3806c2fdd88f6156,4cb93246588e555540343aae4e929eeefd72bc0a167c1058474cc67c860ac4ce,draft,,,,
zh-hant,terms.sections.outcomes.body,legal-adjacent,"Results depend on the charge, evidence, procedure, prosecutor and court. No withdrawal, charge reduction, lower fine, fewer demerits, premium savings, insurer eligibility or other result is promised. The 48-hour commitment is not a promise of an outcome.",結果取決於指控、證據、程序、檢察官及法院。我們不承諾撤銷或減輕指控、降低罰款、減少扣分、節省保費、投保資格或任何其他結果。48 小時服務承諾不是結果保證。,c4eb3442999d61b73836ce50d53a96874dde7746872021f5e9a138535d778233,c273fdf70230c82f3cde1abded4a195546f0ba2ef067f60cbd150fb0f9c9e0bf,draft,,,,
zh-hant,terms.sections.privacy.title,legal-adjacent,8. Confidentiality,8. 保密,c65a06ec8307b9e7a634470fe15431562a3cadfb965fca6e96fd2092308a62cc,0b13bf5db8da4ffbf12bbb17bce7a43d19c66cb06aa2363b068f122113eb0722,draft,,,,
zh-hant,terms.sections.privacy.body,legal-adjacent,Fabsy protects client information through internal privacy practices and applicable privacy obligations. Information may be disclosed as needed for court proceedings or as required by law.,Fabsy 通過內部私隱措施及適用的私隱義務保護客戶資料。法院程序所需或法律要求時，資料可能被披露。,f70937eb9d555f6db5bf5c8f356faca6d09c0ca189efe4ee8aced5ca760e7f82,0e29e4a4633f9c20433bf24db26bcedd55326fc00e0b5b9348f0f61a50bf7d11,draft,,,,
zh-hant,terms.sections.liability.title,legal-adjacent,9. Limitation of liability,9. 責任限制,9337d08809a90abe4243d51ad27431a14e12bd3832378cd42cdcd3f2cb9c5551,6908d5b0c049071e4d93ed4695d2de22dbccfbd866ce311de4f743afc3e4169f,draft,,,,
zh-hant,terms.sections.liability.body,legal-adjacent,"Fabsy's liability is limited to the service fees paid. Fabsy is not liable for indirect, consequential or punitive damages arising from its representation services.",Fabsy 的責任以已支付的服務費用為限。對於代理服務引起的間接、後果性或懲罰性損害賠償，Fabsy 不承擔責任。,41b9a1f37c6bac5159093868d80a9d250fb2950a35ed24ced8e4737055da371c,66a24d33565f79787ae381c5427650df51333442e1ac4f44c190a83022a9de2b,draft,,,,
zh-hant,terms.sections.cancellation.title,legal-adjacent,"10. Cancellation, refunds and termination",10. 取消、退款與終止,bc6ef9c1a8edfee61854104ab5848935c11bdb650ca79cb0f2b346d1e62c744c,aed21eeed16f701bb88a41b5c5d3da5dc31445ae279fb0dd4004bc1e70bd9b9f,draft,,,,
zh-hant,terms.sections.cancellation.body,legal-adjacent,"Either party may terminate by mutual agreement, for non-payment, failure to provide information or cooperation, or if representation becomes impossible or impractical. Contact Fabsy promptly to request cancellation. Refund eligibility depends on work already performed, third-party charges, checkout disclosures and applicable law. If Fabsy declines an otherwise complete paid matter before substantive work begins, the applicable service fee will be refunded. Statutory cancellation rights are not limited.",任何一方可因雙方同意、未付款、未提供資料或合作，或代理工作變得不可能或不可行而終止協議。如需取消，請及時聯繫 Fabsy。退款資格取決於已完成的工作、第三方收費、結賬時披露的資訊及適用法律。如果 Fabsy 在實質性工作開始前拒絕接受一個其餘手續完整且已付款的案件，將退還適用的服務費。法定取消權不受限制。,2a41007ad8a3189e647b3129bc2fc8fade10783c76ceff5b9770318a563c4146,93bda3ed1258e54775fe94cbef831586c1765a02622abad297ed2a5883f38780,draft,,,,
zh-hant,terms.sections.website.title,legal-adjacent,11. Website use,11. 網站使用,704221660aa1bb4a1062b3f7669d42dc25a621cef6f1073d5e8ea4955f74ce60,14e8e76d429085c555225e782c85ddd8865f45c0609ca90c779081411b660f64,draft,,,,
zh-hant,terms.sections.website.body,legal-adjacent,"Using the website constitutes acceptance of the terms. Do not use it unlawfully, attempt unauthorized access, interfere with functionality or transmit harmful or malicious code.",使用本網站即表示接受條款。不得用於非法目的、嘗試未經授權的訪問、干擾網站功能或傳輸有害或惡意代碼。,928da5701d6b7a8903c3fb02a483f8b5bb098367440619eec7d5a53fced17396,345c54f70d0ad9e99eccd462eddcb281d1d641545abe5599a25ba05882c72865,draft,,,,
zh-hant,terms.sections.law.title,legal-adjacent,12. Governing law,12. 適用法律,170a2ace2b0a2b6551dc1f2bcebf316b07764b2032ceb53dd926df55b24faab5,673752a605c916b1a974bf7dbb9734fa582f5edc2df0819aac8b30424045dbbe,draft,,,,
zh-hant,terms.sections.law.body,legal-adjacent,"The terms are governed by the laws of Alberta, Canada. Disputes are subject to the jurisdiction of Alberta courts.",本條款受加拿大阿爾伯塔省法律管轄。任何爭議受阿爾伯塔法院管轄。,c4a83ac8eac414943386132c511049cbf5ef7b55a777011e0645d03c5ea1f123,4d7feed93272bb332ea028fc00e90e10286ea7ec16ebdcb66a9c4eeabe50ee74,draft,,,,
zh-hant,terms.sections.changes.title,legal-adjacent,13. Changes to terms,13. 條款變更,468441d305c9aafa292d779084cc5f0f142c0d248f6e750fa5c15f25f6dacce5,abecc5cbe702a4dfb041f1e0f89753b2f6150208b917caed6b8751e1b70f3e17,draft,,,,
zh-hant,terms.sections.changes.body,legal-adjacent,Fabsy may modify the terms. Changes are posted on the English terms page with an updated revision date. Continued use of services after changes constitutes acceptance of the modified terms.,Fabsy 可修改條款。變更會刊載於英文條款頁面，並更新修訂日期。變更後繼續使用服務，即表示接受修改後的條款。,014eeae0c6a1769b52acf304f1198e4f24fd16847dd609b4ebb52c2a7b7605f5,134cb4747727f07d69bb11b7e05a7d044917bc6bc94c6ef0d175ca3d0377907c,draft,,,,
zh-hant,terms.sections.contact.title,legal-adjacent,14. Contact,14. 聯繫方式,d0a4f85743f6462c7faedd5114f5f5b3c1b9cd3a2c2b5d478721b7443b96debc,05ae84fa69618fe08ae177579ce2d1260f6f1d9c1595008beffeb2d14f2075f5,draft,,,,
zh-hant,terms.sections.contact.body,legal-adjacent,"For questions, contact Fabsy Traffic Ticket Services at {{email}} or (825) 793-2279. Service area: Alberta.",如有疑問，請通過 {{email}} 或 (825) 793-2279 聯繫 Fabsy Traffic Ticket Services。服務地區：阿爾伯塔。,cfc287b18c0ec870f57711adf094062adc5d1a2e45daaa4646b30b15dd95486a,6a87ff1072f411240a8947bd6a4f201077b841c58c5f00afd25ce5e41ddddde7,draft,,,,
zh-hant,notifications.received.subject,legal-adjacent,Fabsy: ticket details received,Fabsy：已收到告票資料,d1e61d9125361379189ac73db81b8c8637dc287b96a84cef35e0dbee15a7937c,916b99e632356533851181f72579cc901a16ddd7468391e93b6f768d55a4ba5d,draft,,,,
zh-hant,notifications.received.body,legal-adjacent,"Hello {{name}}, we received the details for file {{reference}}. Receipt does not mean your matter has been accepted or a deadline extended. View your file: {{url}}",{{name}}，您好。我們已收到檔案 {{reference}} 的資料。收到資料不代表案件已被接受，也不代表任何截止日期已延長。查看檔案：{{url}},b872aa6a6a63a2e2562d8634d090efca4922b020bee14bb1d813153d1c5d7812,a0f409470db41c2d9f1aee1e8b4c117803feb603e5ff3cafe28663caaa56306c,draft,,,,
zh-hant,notifications.disclosure.subject,legal-adjacent,Fabsy: disclosure received,Fabsy：已收到披露材料,0d74f55c02db02cf394be0ac2f96c4d64b7c81aedb7cec0f3e61e0e76e82406a,279f4201eae5f54599d2e04a66f185ee0636caa26be7c8496cc5162d8a4a3973,draft,,,,
zh-hant,notifications.disclosure.body,legal-adjacent,"Hello {{name}}, disclosure has arrived for file {{reference}}. The 48-hour review and action commitment starts only after the disclosure is confirmed complete, readable and matched to your file. View the update: {{url}}",{{name}}，您好。檔案 {{reference}} 的披露材料已收到。只有在確認材料完整、可讀且與您的檔案匹配後，48 小時審查及行動承諾才開始。查看更新：{{url}},3b3d647e2d22b86f50edb38c70bf0ee0689babe69d3c20cd37f506e5c5233841,affed6be0babcbf379fef5d49a53ceff310c6e8b6770742e90c906389b6a6658,draft,,,,
zh-hant,notifications.update.subject,legal-adjacent,Fabsy: an update to your file,Fabsy：您的檔案有更新,3673fe8c12c7e8d8e77aef08c7c59abec0f0b5600fca4b10623f49442fc1a59f,1a9a9ec7c84fd23b7c624f4ecdc84cf97e608e6e739c17d981d798e265d199cc,draft,,,,
zh-hant,notifications.update.body,legal-adjacent,"Hello {{name}}, there is an update to file {{reference}}. Read the details and any deadlines in your secure file: {{url}}",{{name}}，您好。檔案 {{reference}} 有新進展。請在安全檔案中閱讀詳情及任何截止日期：{{url}},15cb5857455619a78dc88a517393125ad559f35d89dac9c3d06ae2bdc31245e9,93ccde1a76ddf02d547119ab558890d0efe99bfba115e7f01b937780bdc060d4,draft,,,,
zh-hant,notifications.decision.subject,legal-adjacent,Fabsy: your instruction is needed,Fabsy：需要您的指示,3c7032fd8ec5a47d589abb3b6258ce4ced40f8f77df62807b772f4ba697c2ba6,8422acea431fbed97b81687b123789c2f08f410c2bbf2573b006a59f4bc65cd1,draft,,,,
zh-hant,notifications.decision.body,legal-adjacent,"Hello {{name}}, a response is available for file {{reference}}. Review the proposal and any expiry date, then give your case-specific instruction. Fabsy will not accept an offer automatically. Review: {{url}}",{{name}}，您好。檔案 {{reference}} 已有答覆。請審閱方案及有效期限，然後就該案件作出具體指示。Fabsy 不會自動接受任何方案。查看詳情：{{url}},1b59661ccdfbb79e3feab0824b27b9ec6e28147eea1ea6ab63784cbc049663cf,f91c2e9080bd07b8d2fac84edf917ff4585e8daab56213b0d3a645974e5175d9,draft,,,,
zh-hant,notifications.payment.subject,legal-adjacent,Fabsy: payment received,Fabsy：已收到付款,3eaabf16bcdf502b132e6f4e2d4d7f8829c993f4866b4d68950bf3ce40e6338a,42f23023c1241c873e5d555ecf98d341ef3b85ede8b1ab3a1bed8ef24cc8cb5b,draft,,,,
zh-hant,notifications.payment.body,legal-adjacent,"Hello {{name}}, payment of {{total}} CAD was received for file {{reference}}. Payment does not promise an outcome or extend a deadline. View your receipt and next steps: {{url}}",{{name}}，您好。檔案 {{reference}} 的 {{total}} 加元付款已收到。付款不保證任何結果，也不會延長截止日期。查看收據及後續步驟：{{url}},12929594db3e2f51d259ac2172dce3e7a07f060b06899c886bcbf1ae906d81b5,d06b1cae7df681fb80cc161de29a83dfb642a242e7db43ff6b860dce117edd08,draft,,,,
zh-hant,notifications.disclaimer,legal-adjacent,"Fabsy is a traffic ticket agent service, not a law firm. The English service terms control. Do not send payment-card details by email or text.",Fabsy 提供交通告票代理服務，並非律師事務所。以英文服務條款為準。請勿通過電子郵件或短訊發送支付卡資料。,d8eddbce3a3f38a99165544f5ac0723f7e52781be28721113bbe7a461331aba8,7fe6ce315dc98afdfc0c12d202021ba443feb2ac71c4270a138fa6f045118afa,draft,,,,
ar,nav.home,language-and-usability,Home,الرئيسية,3a78695388b38b5cceefaf6796b0137877514593543b91af2752d5a17e3d736c,bfcf48307970f45a81bec841cac2eaeb3a5f6e2966bc8a6bdb84b61b0f88b88b,draft,,,,
ar,nav.rapid,language-and-usability,Rapid Resolution,Rapid Resolution,b187f5b3ecddd0a9de94688e0f3df7ba1699c3912b8450524631dea23e33887e,b187f5b3ecddd0a9de94688e0f3df7ba1699c3912b8450524631dea23e33887e,draft,,,,
ar,nav.howItWorks,language-and-usability,How it works,كيف تعمل الخدمة,9c870aa6e5e93270170d5a81277ad3e623afe8d4efd186d3e28f3d2b646d52e6,89def7b08b0680d0e7c591980f597f86e2b273d4f7aa74e1aa737a0c6196fbb0,draft,,,,
ar,nav.faq,language-and-usability,FAQ,الأسئلة الشائعة,dbc468a14b601d5d9240aeb72b9fcd2f8aed2f4e30932876edf8d16ec313846b,fd82ad22b4a159095934e255ea89dccb7d921d6445f53516420eb7042ec2cdfb,draft,,,,
ar,nav.contact,language-and-usability,Contact,تواصل معنا,2b5c3d26721ae9c350cf3009318b626f0fc8a90b4a2ac0ca8099c05aa849282e,483b5ff1b4c2204385fd0b14d973af1297a760c6cb18e477492a002c08493961,draft,,,,
ar,nav.terms,language-and-usability,Terms of Service,شروط الخدمة,4afa55bf7aec7ddc5dfb904271f881be278e7629ce258675bf4b62f460017abb,0067dc332a5262bba506724ba3875f7ae5c17618585c7ae2b4677ed45d1d0e21,draft,,,,
ar,nav.start,language-and-usability,Start with your ticket,ابدأ بمخالفتك,2c56895797789029dd67000776843b675c64f2a21d8d7feeeb49189266d6df43,55c6405c1a98228bfaea2b3882e72f6ffa0f9c359d1a855ed33c481943a76d22,draft,,,,
ar,nav.menu,language-and-usability,Open navigation,فتح قائمة التنقل,0ed77fd2619ba8ab3e1cce72c8e61d887d551ca1220164b88ab1aa66bba7177d,1d4a183d5bb8e9ba5e0832b527bb22e24f646abfe21af53ec5beceb01497d9c1,draft,,,,
ar,common.brand,language-and-usability,Fabsy,Fabsy,1e32a2d78338c8f9aee12cf16a9075ef30f914394bae9f2817d8e8b5cd768837,1e32a2d78338c8f9aee12cf16a9075ef30f914394bae9f2817d8e8b5cd768837,draft,,,,
ar,common.serviceName,language-and-usability,Rapid Resolution,Rapid Resolution,b187f5b3ecddd0a9de94688e0f3df7ba1699c3912b8450524631dea23e33887e,b187f5b3ecddd0a9de94688e0f3df7ba1699c3912b8450524631dea23e33887e,draft,,,,
ar,common.back,language-and-usability,Back,رجوع,76900f1bfd16c8d4dd3d25e6f46638d7165aee23883ccea6bfe071c514421769,cb822418a29d2cf829ca389f905ff3a7d87486fb8ab2ed44851afa9839c1dbdd,draft,,,,
ar,common.next,language-and-usability,Continue,متابعة,31fbef162594de01bab0cd525c51f74de7bcb15063029fa1a54b2cf5944c80d8,322b7b613468d0ed627fec6b090d49fe920f243d76d4636849008895f27130ec,draft,,,,
ar,common.close,language-and-usability,Close,إغلاق,7d9eb7acb13e24625c404401d8e88b2350e32162455885f18276cf802f7701ed,ca90c297b099ab59f2c5f69a8e7385f9fefc62f8dc08b8e5efb3a0fb262b1a64,draft,,,,
ar,common.loading,language-and-usability,Loading…,جارٍ التحميل…,ba3bbbe10d8bef66441c88536ce7b8e724e2829b59a3da658654f4961cd61ae5,aa5ebc30e485605a54b0cb7074d2917e24e9838077bd70465fdd2baf39a99278,draft,,,,
ar,common.yes,language-and-usability,Yes,نعم,85a39ab345d672ff8ca9b9c6876f3adcacf45ee7c1e2dbd2408fd338bd55e07e,4b2d2c65d365e371a402e8ae171c70d73cefda33e1a7b8736e522031c4bdfb93,draft,,,,
ar,common.no,language-and-usability,No,لا,1ea442a134b2a184bd5d40104401f2a37fbc09ccf3f4bc9da161c6099be3691d,2bd073516a87c4092e24379fd4953cee9339b5d2b966b5074cd7209ae130cb82,draft,,,,
ar,common.optional,language-and-usability,Optional,اختياري,59be71333c960fd08e7e4fe9862206d9355f0a9884121a5b50ef8b36efdfe4cf,33408684704e3839de496b976c1e99deec8aa744a17441e72bad0221b3b3a64e,draft,,,,
ar,common.required,language-and-usability,Required,مطلوب,4850b174b713d88cfc63de107830d5388929020e78abc91fc19bba7a6821625f,c2c05049aa06377f40be8bf5e9c26ddaa536401e651cdf985d3b7afca2fb74cc,draft,,,,
ar,common.english,language-and-usability,English,الإنجليزية,ba118bf7fc9c1aedc1edb28a0aa86e0b43b681f222af6616e13c43be87815b06,2fb61941cf1654ae6769f71adcd3640a7b9b81ff208048b5ecc43ff19964d184,draft,,,,
ar,common.priceLine,legal-adjacent,{{price}} CAD plus applicable GST,{{price}} دولار كندي، إضافة إلى ضريبة GST المطبقة,944ee0c680a2fab96ebfad0f8002d76974d5e8a314ab34fc3d459516f936e422,3f136b216a1590514cedb69d9cd4582fece5a4d99852344cee2e044cc4e2b661,draft,,,,
ar,common.notLawFirm,legal-adjacent,"Fabsy is a traffic ticket agent service, not a law firm. We do not provide legal advice.",تقدم Fabsy خدمة تمثيل في المخالفات المرورية، وليست مكتب محاماة. لا نقدم مشورة قانونية.,0038e2676c3303c1e1680137d0ae376f010b28637f0c3ab1fda6c269fface64f,cd007e79b89277375f78929345bb62fdfebc8a9decf657060362a14940903979,draft,,,,
ar,common.noOutcomePromise,legal-adjacent,"No withdrawal, reduction, lower fine, fewer demerits or insurance result is promised.",لا نعد بإسقاط التهمة أو تخفيفها، أو خفض الغرامة أو نقاط المخالفة، أو بأي نتيجة تتعلق بالتأمين.,bbdc59a6e89ef90092c7f36df4ddc513b1892ead98e5c5cf630f5affbd905b28,5a5383a90d422c7b4faca6e4d691963c6ad21345acc57e9a3abe83c89daf7d96,draft,,,,
ar,common.noSuccessFee,legal-adjacent,One flat service fee. No percentage-based success fee.,رسم خدمة ثابت. لا توجد أتعاب نجاح تُحسب بنسبة مئوية.,fad1ff1a6d818abbee8094929d2561b28b1dc184f1af5d913b80fda3984342bf,da37fd90f40877b5074f3a2aad0d7bdadcb49cd488cbfeda16d9bf99d84d538b,draft,,,,
ar,common.clientDecision,legal-adjacent,You direct whether to accept any proposed resolution. Nothing is accepted automatically.,أنت من يوجه قرار قبول أي تسوية مقترحة. لا نقبل أي شيء تلقائيًا.,a2032b3ed93526db2ceabe8ba7e1aaf23a454430a59c140a7a83a87dbb2ff226,df96e9d1ad936b6ff1552fdabc80dc60c2924ba63446679e546754125c08cc28,draft,,,,
ar,common.notFound,language-and-usability,This page is not available in this language.,هذه الصفحة غير متاحة بهذه اللغة.,b138a234004a23fb897689d56e62d134a8e7bf08c02730c98b47d1fa1882c040,dd9fbcfb03e2c56bbe2ad0ce8840183562d5482d0afa8826c7620d208ce43d3f,draft,,,,
ar,common.returnHome,language-and-usability,Return to home,العودة إلى الرئيسية,ca3f1411b47186b1f3255b617eb90b06dba50bc8879ea1f47589959487726ebc,004b49c90edbdb41fc71a91f34f7c0ee8c7c29441e35649a45fb9ce5ec643047,draft,,,,
ar,language.selector,language-and-usability,Choose your language,اختر لغتك,8e2d0664dbbb529de872582461068f7f7f752fc226a03a1b8439a4299dbf5e74,5109fc90d31abf82f9a1617047c48bfca34d00d3c27fff0e2a5a1ab1f647e5ae,draft,,,,
ar,language.offer,language-and-usability,Prefer to read this page in {{language}}?,هل تفضل قراءة هذه الصفحة باللغة {{language}}؟,b62bed8d395e57be40b8c98546974430879d5e9dfb6e87570f301eaf0c2ac1a8,4647aade2079552a426f62912add4a2b97cfddcb5c2f88a4d7390b596fbe8bb2,draft,,,,
ar,language.switch,language-and-usability,Read in {{language}},القراءة باللغة {{language}},3a7b883abdecb5e82c05a6ca7f3c904948b56fa5a22e80204a5e5de8e47eb039,795203a50173a3f3f1d610b98ca2912418ab1243a1d3920338766d715a80e1d8,draft,,,,
ar,language.dismiss,language-and-usability,Keep my current language,الإبقاء على اللغة الحالية,66cb3639efa97ec8cc387646bd21fa8eccc22d0166b93d8d0c979e52f31d54ae,fe5f657b86a9626576da759d543a7db89dc11b43f0a004bf35b959543dc373aa,draft,,,,
ar,language.draftTitle,legal-adjacent,Translation preview — review pending,معاينة الترجمة — المراجعة معلقة,51b60d5d973f27b433f3f034155a5368e67b106e02e99f39e69dbed802cb04ed,6c01312967c88b057f7fdfb02cad63040dfd7284bdbae380548026ab95681729,draft,,,,
ar,language.draftBody,legal-adjacent,"This translation is a draft and has not been approved by a native reviewer. Before purchasing or giving consent, read the English terms or contact Fabsy for clarification.",هذه الترجمة مسودة لم يعتمدها بعد مراجع تكون هذه لغته الأم. قبل الشراء أو منح الموافقة، اقرأ الشروط الإنجليزية أو تواصل مع Fabsy لطلب التوضيح.,aed054645990dcfb2b9067e55ec188dfe0051561571515142ac1fd3d87deeae9,784c4ecf6f2ff2bf78e59c90d81f61f273b0839d9a8d2cefb35a6b3f2a9febba,draft,,,,
ar,language.englishControls,legal-adjacent,The English terms control if the translation differs. This draft does not change the English agreement or limit rights under applicable law.,تُعتمد الشروط الإنجليزية عند وجود اختلاف في الترجمة. لا تعدّل هذه المسودة الاتفاق الإنجليزي ولا تحد من الحقوق التي يكفلها القانون المطبق.,47d88a952adea0d705eeb834ade632a89f240c4ef8419186921e70ce329ffa47,fee69d4e961380dd7c901a379378234759704225519bc6d2ba1c518c619d76c5,draft,,,,
ar,language.readEnglish,language-and-usability,Read the English version,قراءة النسخة الإنجليزية,971012a5337e5192d5ca9b242712d22c57e69d6f8b5f8ca5d44de236c3b0336e,cbe9b6185114f8b1423cee4bfeede090cfaf1a567f6cae54db78b5bcd460a222,draft,,,,
ar,language.paymentBlocked,legal-adjacent,Purchasing and authorization in this language are not available until translation review and language support are confirmed. You may continue in English.,الشراء ومنح التفويض بهذه اللغة غير متاحين حتى تأكيد مراجعة الترجمة وتوفر الدعم اللغوي. يمكنك المتابعة بالإنجليزية.,18d90a7cee31fa2d70ab23127cfb3ce6a9a431f4aa9f2768996014b4c390750f,5b2814cd238f90d4288dce52b39f3213b401c7aaaa31a787fb036d94da925c58,draft,,,,
ar,language.continueEnglish,language-and-usability,Continue in English,المتابعة بالإنجليزية,dda43c1f791aa01cc7d30787034952cc7eeea541b26d103f771b0a5778bef510,60509d644e9fc76225318bce94f8512723b3f10af9ca213980838cf401ba7be7,draft,,,,
ar,home.metaTitle,language-and-usability,Alberta traffic ticket help | Fabsy,مساعدة في مخالفات المرور في ألبرتا | Fabsy,a933288a0f0dbbfdf1a8aa6ec0178b9d655fddc614361a828e7ca594437267c1,4b9e99a07ee7daa4d4f968f3c82d4e780e74290770643b2f91ed50500be537c0,draft,,,,
ar,home.metaDescription,language-and-usability,"Understand Fabsy's Alberta pre-trial ticket service, flat fee, disclosure review and client-directed decisions in your language.",تعرّف بلغتك على خدمة Fabsy لمخالفات المرور قبل المحاكمة في ألبرتا، ورسومها الثابتة، ومراجعة الأدلة، والقرارات التي تُتخذ بتوجيه العميل.,4af70e47d06aec85c528b9302e3cf7f2abe842754382d09c05ddcc66ab7f3adc,1b57026cba56f2cf543997a27f4a82ec7ae2de1001fab1517e0d7f3e0d824962,draft,,,,
ar,home.eyebrow,language-and-usability,Alberta traffic ticket help,مساعدة في مخالفات المرور في ألبرتا,d5730f2b069da1d051ced1960fab0c3aca338e66dc7126e897f027008db5ad2b,7335b94845bff5b7bcf6622b65fb80586d8296972829d403f839e98f24ecf05b,draft,,,,
ar,home.title,language-and-usability,Understand your ticket. Choose your next step.,افهم مخالفتك. واختر خطوتك التالية.,a58931b49428bdcbf5192c3aa5ff9714d379dd5598ae0bb76679f96415df5f74,a3b4d07ae2119c6363e02c086b6c25798e184658d57e1b879c0c0b46bca30997,draft,,,,
ar,home.description,language-and-usability,"Rapid Resolution brings ticket intake, disclosure, review and updates together for eligible Alberta pre-trial matters.",تجمع Rapid Resolution تقديم بيانات المخالفة والإفصاح عن الأدلة والمراجعة والتحديثات في مسار واحد للقضايا المؤهلة قبل المحاكمة في ألبرتا.,665888e5795174342a12d1026c5928f6f58586c7a5343d1b0dd819557665e129,25ef6c00df0088399b5c190088a34f8770685e7b8cbbe48a6e34f72d7dd83fca,draft,,,,
ar,home.primaryCta,language-and-usability,Start with your ticket,ابدأ بمخالفتك,2c56895797789029dd67000776843b675c64f2a21d8d7feeeb49189266d6df43,55c6405c1a98228bfaea2b3882e72f6ffa0f9c359d1a855ed33c481943a76d22,draft,,,,
ar,home.secondaryCta,language-and-usability,See how it works,تعرّف على طريقة العمل,a105ad29235aa71ee321d02ba00ee1cf7e9273406367343fdf9a721daa38419e,cfa3a8f57eaa1488ac61f1b8055da266f8bba38a79c64d0b7d4022d13391db19,draft,,,,
ar,home.educationTitle,legal-adjacent,Received a ticket? You may have options.,تلقيت مخالفة؟ قد تكون أمامك خيارات.,87ca40f52f2ca6cbfe6bb2f359d58a36762968b23740c3802d61dcfccfb96359,ef07bf4d4030c55a03a10683df6a111a1882401e9a681698a8223628b173e7f4,draft,,,,
ar,home.educationBody,legal-adjacent,"An Alberta traffic ticket may be disputed. Whether an agent can help depends on the charge, procedure, deadline and court requirements. You may still have to attend personally if required.",يمكن الاعتراض على مخالفة مرورية في ألبرتا. تعتمد إمكانية الاستعانة بممثل على التهمة والإجراء والموعد النهائي ومتطلبات المحكمة. وقد يظل حضورك الشخصي مطلوبًا.,6dd739ee7087a3787cde95ebfc3039b69c6b4ca1a983145bf3ec1bab1d3f204e,632013c5f9cef598c9a1ab16a149d6810c9932ef0a3a6fb14c62717494f946e9,draft,,,,
ar,home.scope,legal-adjacent,"Eligible pre-trial matters only. Trial representation, government fines and work outside the accepted scope are separate.",للقضايا المؤهلة قبل المحاكمة فقط. التمثيل في المحاكمة والغرامات الحكومية والعمل خارج النطاق المقبول أمور منفصلة.,aba56c8bc6b001bf680db994ca3565ce679fa12c724b6274d10981555f549170,b45031bd4555ddc810efa8b6b4c3049df923eeacd238d520454333aed22659f6,draft,,,,
ar,rapid.metaTitle,language-and-usability,Rapid Resolution | Alberta ticket help | Fabsy,Rapid Resolution | مساعدة في مخالفات ألبرتا | Fabsy,15d50e2ad66f464b564fbfa7a42df04643f8826078e7f98f3dd7488255bde663,563d006a8af5364f2f249372633bd66004ee20301b1993e25814224d661ba05c,draft,,,,
ar,rapid.metaDescription,language-and-usability,"Secure ticket intake, disclosure requests, qualified review and prosecutor-review submissions for eligible Alberta pre-trial tickets.",تقديم آمن للمخالفة، وطلبات الإفصاح عن الأدلة، ومراجعة من أشخاص مؤهلين، وتقديم طلب مراجعة للنيابة في قضايا ألبرتا المؤهلة قبل المحاكمة.,2fea531cdd6be1899a5464c8ba270a7ac308bbc389fe4c906c8a4bed4c27351c,b75d4e83f6f91c2786f73e238eea1a2c021a954ec54aa523f0848a095446cf22,draft,,,,
ar,rapid.eyebrow,language-and-usability,Alberta pre-trial ticket resolution,معالجة مخالفات ألبرتا قبل المحاكمة,53e3aee58095e335a6619f34d0a619e3f69f3927dbf0eeec50718b916fffb411,42cb295088e53f83fc473017b1904ca3bdc5e068bc7eb0e004a08e426c64976f,draft,,,,
ar,rapid.title,language-and-usability,"Your ticket, moving forward.",الخطوة التالية في ملف مخالفتك.,fa9903b72e9a7cd46ef15a5942f3a1b03c4775159261391c5f5656d4b8f3770f,6f312bbde456e4bd0f3da6c701e9d95cba0e11127f4ae3b343b12dc28b594055,draft,,,,
ar,rapid.description,language-and-usability,"One secure online process for intake, authorization, disclosure, review and your decision about any available Crown response.",مسار آمن عبر الإنترنت لتقديم البيانات والتفويض والإفصاح والمراجعة واتخاذ قرارك بشأن أي رد متاح من النيابة.,73146d7052a0d3c05c01983c80b951c019cb8b91d3f2f19087f35311796f0f4b,44c57b3226a802bbdc662b991a2baecad0d394f50b23e782e50ccaa4c714330f,draft,,,,
ar,rapid.priceLabel,language-and-usability,Flat pre-trial service fee,رسم ثابت للخدمة قبل المحاكمة,245b584da8e4b0a84436c89e613981c2d9cdfc0b407002ba7454ca9c84001f8f,d827294e53cf18768c1a045e1d46f37af5a9843064fdda45c1c016f967208848,draft,,,,
ar,rapid.includedTitle,language-and-usability,What is included,ما تشمله الخدمة,06cec1523c69f02c94d6f022bbc8c2fdfeaa8254779e81b94154843cbc546e39,b895f141cec81e7e77e3fedce10e3cfaa9ad4f7a1a6602e8f960be19b46a8da2,draft,,,,
ar,rapid.excludedTitle,language-and-usability,What is separate or excluded,ما هو منفصل أو مستثنى,4df6a50399117a7c9c7ecb41541e9d436a7d0bf18e1741e09234996ed09a5df0,9e671179d0fd315449f1ac5b85390501c8bb04a2f1e172e1b8b1a23e3aa62de1,draft,,,,
ar,rapid.included.intake,legal-adjacent,Secure digital ticket intake,تقديم آمن ورقمي لبيانات المخالفة,c6b27be55d9e6247a6dfb27d677ab01c4d5f9908df044dd9e99bfc99ddca6e1f,91a9898d4a337f3f1d766a135e1b56f361439123cb96c290b868373583691a17,draft,,,,
ar,rapid.included.eligibility,legal-adjacent,Eligibility and deadline review,مراجعة الأهلية والمواعيد النهائية,c9784f804994a42cac2c9d750fec26ad2f3dfbb6b9e9ffb24ca1f38308afc146,a44d2d1577204fd468d4588462c1d1702327a53fcdbd9d535839dba7b1138c31,draft,,,,
ar,rapid.included.authorization,legal-adjacent,Digital consent and authorization,الموافقة والتفويض الرقميان,605e3a25894b7773b01999f86a2dcbc22117d42a5dd2047d6a33d44b4ede28a2,b11de9106fbd1674aafdf321e5d369b398dd7bdbb69e018b2bcd8b77d4bfe054,draft,,,,
ar,rapid.included.disclosure,legal-adjacent,Disclosure request and document tracking,طلب الإفصاح عن أدلة الادعاء وتتبع المستندات,609c2d0df430b8de1a6edf96d66d2072721eb0b9adccc8a1813d1a82e183d57e,0667fbdbb2f1282ec6a77a3188077baf4cf189c0b0eba0b3ea890856a95c91a5,draft,,,,
ar,rapid.included.analysis,legal-adjacent,Technology-assisted disclosure analysis with qualified review,تحليل الأدلة بمساعدة التقنية مع مراجعة من أشخاص مؤهلين,7d836f2f04ca3a4c070843e4a6fbd4848c6c4ea8465a315821845259cd0b5045,6cb69612f63aefc7b6dd72be4601813c418906add8d4dc0d0a0bbf9c367d24d5,draft,,,,
ar,rapid.included.submission,legal-adjacent,Fact-specific prosecutor-review submission,تقديم طلب مراجعة للنيابة يستند إلى وقائع القضية,0f3c9165b7ce359eb91b4e3c31246d4d920dec5374fb301255672e9bca188adc,1353b6d83c7ce7a0a3cab66ee474763fc277e0841e78ffe9a807495ee8eab02c,draft,,,,
ar,rapid.included.updates,legal-adjacent,File-change notifications,إشعارات عند تغير حالة الملف,27fd0a60b3cb5fc595c43726f2016a27b2f933baafc5fe7d214a9f9089ac1dc3,3a0dd128591a32961f9312355e89d1da8777153879abecc6980f87974f271c38,draft,,,,
ar,rapid.included.explanation,legal-adjacent,Plain-language comparison of the original ticket and any Crown response,مقارنة واضحة بين المخالفة الأصلية وأي رد من النيابة,a1fdff3ef43ee56dfc38e640c9465fe9455e11b24df2c9ecb44ad91364233fbe,9e6f5aa96488abecfdac408b3e9c33a166b0b57972e075cc9cabc0a8b8400cef,draft,,,,
ar,rapid.included.decision,legal-adjacent,Client-directed acceptance of an available pre-trial resolution,قبول تسوية متاحة قبل المحاكمة بتوجيه العميل,86db57c76017c8d499abb4f5ab64e47326b13801ab2dfff7d5af3d82e3c037e5,ffc6e10d5e36a63fed82daddeeb3d09c5e5429a10818eac5c0f7878ea9ab05ea,draft,,,,
ar,rapid.excluded.trial,legal-adjacent,Trial representation,التمثيل في المحاكمة,51803b529e779f10e892df8e12cc17455e2197c39e2dcc31d5fb2eb6acc65018,66d3f4437a5dd46229a045c07265ef7d4369e4289425a29a6f16a7997edd2b1b,draft,,,,
ar,rapid.excluded.appeals,legal-adjacent,"Appeals, reopenings and extraordinary applications",الاستئنافات وإعادة فتح القضايا والطلبات الاستثنائية,f058b085e86c6e97ecf21b7c1df5f72d53374e5a8f0eec523d575c98fc8a884c,38cd1744f00d9b3d17b461bc0fbdf794097b54ecd3997a465713cf275b1ccb07,draft,,,,
ar,rapid.excluded.sanctions,legal-adjacent,Immediate Roadside Sanctions and Notices of Administrative Penalty,العقوبات الفورية على جانب الطريق (Immediate Roadside Sanctions) وإشعارات الجزاءات الإدارية (Notices of Administrative Penalty),94859cc2759883e240ac79c273f5a9d81334ad4a780946043ad39adf38303cb5,2aae3d8afa0632c627e6ad178c71ab135580f8f9859776dc1da1ab6b10de8531,draft,,,,
ar,rapid.excluded.fines,legal-adjacent,"Government fines, court charges and third-party fees",الغرامات الحكومية ورسوم المحكمة وأتعاب الأطراف الأخرى,36083c69d74cce5e98485c542ba4b739b5a73def3df0f6bc73bffc1f010eede9,76eac3006b9e8349ce6ed718749dad682483ce7b77b85a705840e622e6dab4d7,draft,,,,
ar,rapid.excluded.scope,legal-adjacent,Matters outside Fabsy's permitted or accepted agent scope,القضايا خارج نطاق التمثيل المسموح به أو المقبول لدى Fabsy,9a3b6384ab4d65bffa580caaf4d4df67ffb45689b8649ecdbe15d66ec3f0b23c,c222b89f9a26c4ba326bfe18db79471e5fd19df2427673296fd8d6a1987b4336,draft,,,,
ar,rapid.speedTitle,legal-adjacent,Complete disclosure received. Next authorized action within 48 hours.,بعد استلام الإفصاح الكامل، الإجراء التالي المصرح به خلال 48 ساعة.,5ae7e05f7eebba8e4d137d094e3352c816d4a87b00ced36971c6b3bf26c41a9f,f435ea2a2668419c7c8ed1ca2b8bb96d7e0e8e97ba8dc485a1b27e5f9fe57ff9,draft,,,,
ar,rapid.speedBody,legal-adjacent,"Complete, readable disclosure is reviewed and the next authorized prosecutor step is prepared or submitted within 48 hours after it is received and matched to your file.",تُراجع مواد الإفصاح الكاملة والمقروءة ويُعدّ أو يُقدّم الإجراء التالي المصرح به للنيابة خلال 48 ساعة من استلامها ومطابقتها بملفك.,e433f693afca98ff0dca76217786aeea27c5eaa97df530026d18c940dc8e1b73,c6285f3c2ef57fa9622acdf1ffaab81768597267437c8e12e2d14029aca6b674,draft,,,,
ar,rapid.speedDisclaimer,legal-adjacent,"The clock starts only after complete, readable disclosure is received and matched to your file. It does not cover Crown response time or the date of a final outcome.",يبدأ احتساب الوقت فقط بعد استلام مواد الإفصاح كاملة ومقروءة ومطابقتها بملفك. لا يشمل ذلك وقت رد النيابة أو موعد النتيجة النهائية.,5f8cd44bc69192540e120e489ec0fa48b62591254066fecc46d35422fe29b1e0,89e5eba7d909b01270cb5e9f92c51aed6f21417fc401c51e3c4f404841c82368,draft,,,,
ar,process.metaTitle,language-and-usability,How Rapid Resolution works | Fabsy,كيف تعمل Rapid Resolution | Fabsy,b9ec79b1fa6e78e005ba4a44ccd238f372750ce62b73403fdb64d637504885d6,42e5e6a0482003023dd87f40f075eb1a2a6e515945bddabb701293ddd0427b49,draft,,,,
ar,process.title,language-and-usability,From your ticket to your decision,من مخالفتك إلى قرارك,9e1627be95b19beddbf51e60565ebe8bd67da6dc1fa0e67b614bf14b460d1128,234ee031c9f425ce144ee4d588aecc54a9426fa75bc7cea12a3d7d7cb1541286,draft,,,,
ar,process.description,language-and-usability,"Your ticket, authorization, evidence and updates stay connected to the same file.",تبقى المخالفة والتفويض والأدلة والتحديثات مرتبطة بالملف نفسه.,44750c6c1f7b95af59f5b35c4b7edf2049c60d23a4e868a1f81ca8fdf6025c12,ecd3a5dc6c926b46d1f6f2d507e0df741564724375ccdae1189d8df530d1c435,draft,,,,
ar,process.steps.intake.title,language-and-usability,Share your ticket,أرسل مخالفتك,06896a89f5fb6a637c0f84a7f5de7901e175193f57d1736c6313126cce35ddf7,9881d3e1ec7ce2c79d8011780fd03712267c47881cbd86bca777a790ef212a5b,draft,,,,
ar,process.steps.intake.body,language-and-usability,"Upload a readable ticket and provide your details. Fabsy reviews eligibility and deadlines; service starts after intake, authorization, payment and acceptance.",ارفع صورة مقروءة للمخالفة وقدّم بياناتك. تراجع Fabsy الأهلية والمواعيد النهائية؛ وتبدأ الخدمة بعد اكتمال البيانات والتفويض والدفع وقبول القضية.,92e48be7b63cac262e7c353174f9b98e635effeb0016246fb8c7da628c488007,75f71fa4fcc844b64be15de5e41349bbe7b9128097b4f30af5ab976d8ded4581,draft,,,,
ar,process.steps.disclosure.title,language-and-usability,Disclosure is requested,نطلب الإفصاح عن الأدلة,76367739dcf81b07c4d024e0036af905c2bb1c04b7a1f2321cdbbcd3cf1f0982,f80c7e10885dea6c4c8e939e717183671ae95b81d49b79fa9de5bdf7e634c928,draft,,,,
ar,process.steps.disclosure.body,language-and-usability,"Where authorized and available, Fabsy requests the prosecution's evidence and tracks documents. A request does not extend any deadline.",حيث يكون ذلك مصرحًا ومتاحًا، تطلب Fabsy أدلة الادعاء وتتابع المستندات. لا يمدد الطلب أي موعد نهائي.,66118a2bc4f77aecd89a833c77225622f9d4ce17752175d17842ee06381e303a,209e7b0cbd3ac47c261f2837e0bfc558b1d36bd5189bf2df8aa7445ec595a735,draft,,,,
ar,process.steps.review.title,language-and-usability,Evidence is reviewed,تُراجع الأدلة,9f844b9afec9fd194c3ad12c5eac9790e73b4a1266efb1299344a335c584b7be,0eea9656fd8838a4f07cb3fef27a5d17825e6437f1df07925ea5672fe6c2e47d,draft,,,,
ar,process.steps.review.body,language-and-usability,"Technology-assisted analysis and qualified review examine the evidence, procedure and available pre-trial options.",يفحص التحليل بمساعدة التقنية والمراجعة من أشخاص مؤهلين الأدلة والإجراءات والخيارات المتاحة قبل المحاكمة.,92bb246b305af86054b886ddbd3e00b67e1df61e3cd591a083fe7965e562c9ad,d79f06feb4320874fba5f841257e1f0a586b1aece0976144d58d13cfc0ee656c,draft,,,,
ar,process.steps.action.title,language-and-usability,The next step is prepared,نُعدّ الخطوة التالية,43f4bdd56d945293669bac4c01fde42bdc43eede7bf2320362372e22157e0f8b,dd3d5f4c82749f7e94f5ef63e2b814311fbf31a947ec5aa0a838128075f453a3,draft,,,,
ar,process.steps.action.body,language-and-usability,"Within 48 hours of complete, readable disclosure being received and matched to the file, Fabsy reviews it and prepares or submits the next authorized prosecutor step.",خلال 48 ساعة من استلام الإفصاح الكامل والمقروء ومطابقته بالملف، تراجعه Fabsy وتُعدّ أو تقدم الإجراء التالي المصرح به للنيابة.,82a3dd182bc216afd91f1accd4970cf935321f56fbd7ba9bd566cdc38806afe8,9f9111b2f570e0fbcdc23df07f463ff4b43b6c04135850317765b017de80f783,draft,,,,
ar,process.steps.decision.title,language-and-usability,You give the instruction,أنت من يعطي التعليمات,2b2934d5506b185ef9dbdebcda6e7d52377650a875842adaa465ce42b46ba473,8ed2ebf246b4789badafdde2bb5b3cec1fb8a9bcbc0bb14dd2a2e42b49f9ac95,draft,,,,
ar,process.steps.decision.body,language-and-usability,Fabsy explains any Crown response. Only you direct whether an available resolution should be accepted; trial work requires a separate agreement.,توضح Fabsy أي رد من النيابة. أنت وحدك توجه قرار قبول التسوية المتاحة؛ ويتطلب العمل المتعلق بالمحاكمة اتفاقًا منفصلًا.,086dc4715dbb43c4f12d98d4aeda08e0c9d05c603002545998e96bbd5c244243,de661990c930f787ac529c6a6753b68fea2c6d2d6c398e97b5c8c342fe75dbc5,draft,,,,
ar,faq.metaTitle,language-and-usability,Alberta ticket service questions | Fabsy,أسئلة حول خدمة مخالفات ألبرتا | Fabsy,d997ed0d013711dd9d13ffcecbc0ccd852e3d22797a0ed90706ed3808f6fd338,f78e6395f432540a3789c0b3c22859bb1e72b3ff60a38836f6c42031f6c4947e,draft,,,,
ar,faq.title,language-and-usability,Questions before you start,أسئلة قبل البدء,9498defd4dde31d53edb329c8d0db6883d63774d2e7e79963add2da52eb8aa4e,903ea0fc9539cda3e6da7255614b5cd7d49fd93af5e6643853dea41191d01804,draft,,,,
ar,faq.items.fee.question,legal-adjacent,What does the {{price}} fee cover?,ماذا يغطي الرسم البالغ {{price}}؟,2e094fcc16eddefb6a19d2f044225fd40fb844c12f450a1c27e7e44ac7d70b9f,946feab66a2b36865636d526879de3585f24ab840df3bb8578ea8862c8eb90e8,draft,,,,
ar,faq.items.fee.answer,legal-adjacent,"Eligible pre-trial intake, deadline review, authorization, disclosure requests and tracking, qualified review, a fact-specific prosecutor-review submission, file updates and explanation of a Crown response. Applicable GST is extra; fines and trial work are separate.",يشمل تقديم بيانات القضية المؤهلة قبل المحاكمة، ومراجعة المواعيد، والتفويض، وطلب الإفصاح وتتبع المستندات، والمراجعة المؤهلة، وتقديم طلب مراجعة للنيابة حسب الوقائع، وتحديثات الملف وشرح رد النيابة. تُضاف ضريبة GST المطبقة؛ والغرامات والعمل المتعلق بالمحاكمة منفصلان.,a1dbf2898946b3702690c46c65c273d6c66c36e061b4b3f887a0f8610925f17d,f2b7cddc1a50b831d464bc6585e5c167f15e9a1906520ce4161d1a48f3e6c524,draft,,,,
ar,faq.items.speed.question,legal-adjacent,Will my ticket be resolved in 48 hours?,هل ستُحسم مخالفتي خلال 48 ساعة؟,46561c71c1d55265cd7ea1998970eda3466dd45c45771c42452cfdd749a2df71,fcb2380a3632bf2da426e5ee22725194b87ff1c9e87321f404f40d7ea0448312,draft,,,,
ar,faq.items.speed.answer,legal-adjacent,"No final-outcome timing is promised. The 48-hour commitment begins only when complete, readable disclosure arrives and is matched to your file. It covers Fabsy's review and next authorized action, not the prosecutor's response time.",لا نعد بموعد للنتيجة النهائية. يبدأ التزام الـ48 ساعة فقط عند وصول مواد الإفصاح كاملة ومقروءة ومطابقتها بملفك. وهو يشمل مراجعة Fabsy والإجراء التالي المصرح به، ولا يشمل وقت رد النيابة.,911b892d1c4d702099b7512f0ec5487b789a17087fc88e79146b86b69f707d8c,534c17342ad2e3b31608e7103ef183ead8936016eaa3a0a0fdbcf3cb4b49e4f9,draft,,,,
ar,faq.items.deadline.question,legal-adjacent,Does a disclosure request extend my deadline?,هل يمدد طلب الإفصاح موعدي النهائي؟,d7ba23f96466138ba0f3cd4f4066d81848d5269e2f4fe50effcc1db0162cb838,7e82d0ec51f4a91c4403231435e4f2a36c44ad6cf0888a7e024fd44c89ab4538,draft,,,,
ar,faq.items.deadline.answer,legal-adjacent,"No. Continue monitoring the dates on your ticket, court notice and portal. A disclosure request does not itself extend a response date, trial date or other deadline.",لا. استمر في متابعة التواريخ على المخالفة وإشعار المحكمة والبوابة الإلكترونية. طلب الإفصاح وحده لا يمدد موعد الرد أو المحاكمة أو أي موعد نهائي آخر.,7c36942f46dd03eaf667e50cc8645f98fd071d15cda3819ea5728d814110cf1e,fad178409cef78e0fa5dc47c6f8a8d4c5582cd7bbf94bc4d2b2e57446a5a6b6d,draft,,,,
ar,faq.items.trial.question,legal-adjacent,Is a trial included?,هل تشمل الخدمة المحاكمة؟,51d0d788dc018d786d7b71447316c41838f8655c6ae74e0a42645e921c2607b9,9c5c3bbddb460fdbeedf2ef6a8a1db035b3470ad68816dfafc2dad5e857c8918,draft,,,,
ar,faq.items.trial.answer,legal-adjacent,"No. Trial representation requires separate eligibility review, an agreement and a quote. Appeals, reopenings, government charges and out-of-scope work are also separate.",لا. يتطلب التمثيل في المحاكمة مراجعة أهلية واتفاقًا وعرض سعر منفصلًا. كما تُعد الاستئنافات وإعادة فتح القضايا والرسوم الحكومية والعمل خارج النطاق أمورًا منفصلة.,a8b5ab22febf4f9f40e933978cbaac7f742c0b92d49313db0a7f99b53d8d61dc,33f8c6fb81fbaf7c2966346120939d2e5001c1642d10f4dd56e5a27f45ec0764,draft,,,,
ar,faq.items.approval.question,legal-adjacent,Can Fabsy accept an offer for me?,هل تستطيع Fabsy قبول عرض نيابة عني؟,279750ea59b803f41091b4ec26450f03e8e8b50b59c44d5f2ffabae7aadefc08,b9a9d3bea9f088df4ff189107eef6d12bb5310728d093434a61d20d0a81cfe79,draft,,,,
ar,faq.items.approval.answer,legal-adjacent,"Only after your case-specific instruction. Fabsy will not accept a Crown offer, enter a guilty plea or finalize a proposed resolution automatically.",فقط بعد تعليماتك المحددة لهذه القضية. لن تقبل Fabsy عرضًا من النيابة، أو تقدم إقرارًا بالذنب، أو تنهي تسوية مقترحة تلقائيًا.,028f46cbe8707fcdbe0c14758d720f9eba17c832d4a713b393a5fa17fd840311,b6dab9183d01beb33eb6bda41c0b6c432f3b1ae40eedf390e75e15d782038d00,draft,,,,
ar,faq.items.outcome.question,legal-adjacent,Is a withdrawal or reduction promised?,هل يوجد وعد بإسقاط التهمة أو تخفيفها؟,42eafffad8245a37eb25d6826a395fcbd55634f4dc8b15643553531c77782c77,43fcbb5f67177628d675b7ef1470b4ed91ff0694f0a182c1acb83ad734e33878,draft,,,,
ar,faq.items.outcome.answer,legal-adjacent,"No. The result depends on the charge, evidence, procedure, prosecutor and court. There is no promise of a withdrawal, reduction, lower fine, fewer demerits or insurance result.",لا. تعتمد النتيجة على التهمة والأدلة والإجراءات والنيابة والمحكمة. لا نعد بإسقاط التهمة أو تخفيفها، أو خفض الغرامة أو نقاط المخالفة، أو بأي نتيجة تأمينية.,75463e420a8351295a6f3869dacb56c50a4e19e9021cd688961135403d4ed6de,b9e13da2124897615e93261c38f4582ba5007e1de79008d06749213b56d28f55,draft,,,,
ar,faq.items.language.question,legal-adjacent,Can I write in my language?,هل يمكنني الكتابة بلغتي؟,bc3db8223dc10707b55087856212a309db18c3776bff6e4f14656d9351833d76,507870954c4f63ddd3b5c7d145999478c6ea9c59c666970c129c0799899aa10d,draft,,,,
ar,faq.items.language.answer,legal-adjacent,You may write your account in your preferred language. Ask Fabsy to confirm available language assistance before relying on it. A translated website does not mean a speaker of that language is available by phone.,يمكنك كتابة روايتك باللغة التي تفضلها. اطلب من Fabsy تأكيد توفر المساعدة اللغوية قبل الاعتماد عليها. وجود موقع مترجم لا يعني توفر متحدث بهذه اللغة عبر الهاتف.,f1092bc9faf469eb6a0a9849dc2620b192933ec6e6e3d5bf1fecedf7fc96b049,4e54ccaa2ea6104f4d339fa68e5be97be2cc85591f88f962dee7ec02c4f774e7,draft,,,,
ar,contact.metaTitle,language-and-usability,Contact Fabsy | Alberta ticket help,تواصل مع Fabsy | مساعدة في مخالفات ألبرتا,ed7a28ef612a5c2c1fe3027668ccada01f32be7af4439ac002dbfc22ed125358,1f2a438d6e1feccd33b152e284a492039005b996c9fa7c78eeb50736eea2a48f,draft,,,,
ar,contact.title,language-and-usability,Start with a written question,ابدأ بسؤال مكتوب,846798956dfbfb9363b49c6f91ddd0de1b14601e8a6ade3e34f4dd32e27e045f,7a928e422ae58ede4408b7d0382341ff78f1d76b07243bcdcb13d7a6933f0122,draft,,,,
ar,contact.description,language-and-usability,You can email a question in your preferred language. Include your deadline and ask what language assistance is available.,يمكنك إرسال سؤال بالبريد الإلكتروني بلغتك المفضلة. اذكر الموعد النهائي واسأل عن المساعدة اللغوية المتاحة.,cc096a13093b0c65f1831a8989c079857a0951f390ecbb6079088a4db286b875,96b72ce686665b0f6a27ee86c96b316d514de51396a9dc0bd86a8a5504f02b96,draft,,,,
ar,contact.messageLabel,language-and-usability,Your message,رسالتك,7a057bd996a32915a171b4811d248b48f0fee7dd5e74f4510c156569ea36b4c5,23e0eec2312aa555ec700177879b29fe4c99a37b10aa98aa3491b37daf6931f6,draft,,,,
ar,contact.messageHint,language-and-usability,Write in your preferred language. Do not send card details or unnecessary identity documents.,اكتب بلغتك المفضلة. لا ترسل بيانات البطاقة أو وثائق هوية غير ضرورية.,11b3d97ead15ab909dd7020a27f92be67e2cfedd9034cc2beca0575ef2ba2227,1e6326832964d6bce2cdcb6ff1e9a77eb29737841f9919cb5946af4f4e974c58,draft,,,,
ar,contact.submit,language-and-usability,Send message,إرسال الرسالة,93a26b1eaff99b3a84dd80366660991d15703a96514497afd997c12c43000ed7,061ecda066462f52e354304606fde72750249cbbcb2eef793afc3d81174d0c0e,draft,,,,
ar,contact.availability,legal-adjacent,Language support and response times must be confirmed. WhatsApp and phone service in this language are not currently promised.,يجب تأكيد الدعم اللغوي وأوقات الرد. لا نعد حاليًا بخدمة WhatsApp أو الهاتف بهذه اللغة.,b509a1a34f5e45d302542e4888222f03ebef2e15ba2a58ed146796c66453db68,cbd3f2571b6b7347af0135dc8bcaf7ad0ab5128a75dd9309c4998fa4a6af5d69,draft,,,,
ar,contact.emailCta,language-and-usability,Email {{email}},راسل {{email}},46d94b216ce8e085d7a796624941d9939fa2c4444c1880cc869d713bc3f3db8a,cc581cc58e859a7e1f71aa81897d023436f9bd40eee47dbc97d83983acd61d83,draft,,,,
ar,contact.whatsappCta,legal-adjacent,Text us in your language on WhatsApp,راسلنا نصيًا بلغتك على WhatsApp,105dd00de557e3661e5a9484f348303cca7177367fd866f009f32d1e5cca6b0c,1b8f850ef79ffd835a264fd19b7ccebb7087f688c23b9bbfd10dd4c560fc5538,draft,,,,
ar,contact.staffAvailability,legal-adjacent,Ask which language support is available before calling.,اسأل عن الدعم اللغوي المتاح قبل الاتصال.,26d6efc6d2f4fe35fae8c2ce756511b532ec11a42b5b2c3a490481198d591e70,cd329721e963bdcba29bcb7e42e3a014cf298900098d691de9a719872d5d7581,draft,,,,
ar,contact.whatsappHint,legal-adjacent,Send a written message in your preferred language. Do not send payment-card details.,أرسل رسالة مكتوبة بلغتك المفضلة. لا ترسل بيانات بطاقة الدفع.,71d9b4e04a11c5b2cfda2da32871b914649e38ae6cfc2adc901a84d8d07e35fd,0cbf9490f521df48cf44d8db7e36ef9e689156aecfcf75800c9aea999b27905f,draft,,,,
ar,intake.title,language-and-usability,Start Rapid Resolution,ابدأ Rapid Resolution,08d30aec3aca3e8f9399438ce9780f7a03f67583b7fbc31df1de48a958480beb,b2e3473ac473bbc15095353eb0a6ced5d34022b53db8229437dc6fb2fc653b09,draft,,,,
ar,intake.description,language-and-usability,Enter the details exactly as they appear on your ticket. You may write your account in your preferred language.,أدخل البيانات كما تظهر تمامًا في المخالفة. يمكنك كتابة روايتك بلغتك المفضلة.,895239d7cc03f62b9c38c498def413079949204d7c3abb9cf01ba2f8ef9f6f3f,8507928bdccfd5a5a5e72c7fc699d1c47f84054936c11a51a00a0c4d799c2fcc,draft,,,,
ar,intake.steps.ticket,language-and-usability,Ticket details,بيانات المخالفة,095c5093d6828fd6e732a178cf50a84e0a2fa359c999e38edb8e4ef3c49245cf,d7c1feac4e09051bd64d06d6d145093c392774e335b661d2ea84b36a472f0b31,draft,,,,
ar,intake.steps.personal,language-and-usability,Personal information,المعلومات الشخصية,06a571228fc4b88b951b3df6ec8f1cd70342feafaa6c298aa1d07fe690b2913c,27a85000358165ff6c2f7cc31f5346ae4b379a59e9c258eda0ce370f2ee7a310,draft,,,,
ar,intake.steps.account,language-and-usability,Your account,روايتك,dbb5f6371b6a2a677f09c24d17fdc581132a41881a818469a92b58588e8764bc,591bd4dd8f5c8ec77312c2b816c081d767bbac192a70f31db318be863d08d6ad,draft,,,,
ar,intake.steps.consent,language-and-usability,Authorization,التفويض,ca5839e38a15433e62b39767d6a86eaafba17ea6b3ea61e3b89e2ac46baa874c,3511fa94977a23cb1b53e8b22e4c3a14ff500e604b73018242a966904f4ff611,draft,,,,
ar,intake.steps.review,language-and-usability,Review,المراجعة,aff0766a5290e117b8433c351bae7b7b23bed682b2369bd822d88a647cc58512,d2d4b7f9cfb5258cb42a30dbbfaa45dd4e84c13e961921ad89139af5468fbd31,draft,,,,
ar,intake.steps.payment,language-and-usability,Payment,الدفع,7048f38b33f135df36b3d9d382f167d45cfdda857b616899c9d8c9acd2751f64,82c34fe99a131cbf7401c2e6c0d381e26cbce5fc9c6e0d5e022b97fe85eaa7da,draft,,,,
ar,intake.fields.firstName,language-and-usability,First name,الاسم الأول,702ef921ed1d89bf63353c899af7e338722a3ef6123d0a98333a162818f85e59,0edf5fd0c1eb963fbfae40805dbb7eeb9a1c828ad8892b37bc17ccf81615cd70,draft,,,,
ar,intake.fields.lastName,language-and-usability,Last name,اسم العائلة,7b4888049459f04adf3d6023c45e8ac8fc80e7ce8dfc643179da25a2c3b05443,2d2ad9555b0bcfa86b75a01778a4ccf6beec20d9f39abd20cd12f7d8f379a147,draft,,,,
ar,intake.fields.email,language-and-usability,Email address,البريد الإلكتروني,f2488fd4ef4adbc6ac61300083f2c33980e48bb4bbf3c540ad760d61fc36f420,ddf0fca39a4f67e17646447b5c3a61ef374b3b8a23f91125442e327ee487f121,draft,,,,
ar,intake.fields.phone,language-and-usability,Phone number,رقم الهاتف,306f1bb20677a622fc38185239e89a940f6c1727e440a2b359d7d0e1bf600644,42095a7a6c15272a3ae95481fb5641be9a446b241f9d6b96459532fb7ec44088,draft,,,,
ar,intake.fields.smsOptIn,legal-adjacent,I agree to receive text updates about my file.,أوافق على تلقي تحديثات نصية بشأن ملفي.,32bf2bb33aba0f995ccceaad77c8e80f977fdde206ef04cbc3f7dcabe009c198,8a913fb08aca5b2cd5d33f84b6ff99d2d2d96f0806e7528e83089e49461b618c,draft,,,,
ar,intake.fields.address,language-and-usability,Street address,عنوان الشارع,8a386dd14cb9a70f6f2769a7d50dd945fc29bf76fbb219dfa017d1f18739dba0,2964735db472eaf7f77de96eea223cf8148cf8e8581046fdfce71079204f223a,draft,,,,
ar,intake.fields.city,language-and-usability,City,المدينة,fc33f73246f48295702f404001e74d56f14d2f82689b2816422dc1a4c2ec4fb2,23ee0d351c7b1d0d973d5426b78b00dd7a6077d8a7b1a1f5487b6dfd852e1400,draft,,,,
ar,intake.fields.province,language-and-usability,Province,المقاطعة,abfcecfabeb7545eaf3bc06d4c35204a4ebfd978963d132838d0198638a45b30,a5dcc2cea17ad356c3414cd8ed629727ac975b0568c124df7c3b67e3e4ac9828,draft,,,,
ar,intake.fields.postalCode,language-and-usability,Postal code,الرمز البريدي,ae53cea8228bcfc350fef961189a32a592e06ccffa52a8b991f88841cbac8de4,725366c620cbb25dc9cbf47cca8aae925f51a4e01d21bf458f1400400d3951d3,draft,,,,
ar,intake.fields.dateOfBirth,language-and-usability,Date of birth,تاريخ الميلاد,eb4c4e239122d42d1ca7a7af175d6fe393926cb14aaab56b7ab7fc056b2ccb86,3364645354dd215e257bfaa9dce141d0d7fdf963c47fec1c19da9fdcf7f6e767,draft,,,,
ar,intake.fields.driversLicense,language-and-usability,Driver's licence number,رقم رخصة القيادة,7794437f3e0c40324b31fddbae56f957e61eb4176a1d3f66fd4b3ccf8d62a002,6393fd2b6b7eb2c33ea768b4dbfd05a399292abb228140ac63ec125e70650e9a,draft,,,,
ar,intake.fields.driversLicenseImage,language-and-usability,Driver's licence image,صورة رخصة القيادة,2c62301c7c9d0f2c266badff196079163818bd694329f99d907e77aa54eba4a5,4685adb453a5a38f29468acdf32904d7f9d1bb51648b15c657280d2675528ddb,draft,,,,
ar,intake.fields.addressDifferent,language-and-usability,My current address differs from my licence.,عنواني الحالي يختلف عن العنوان في رخصتي.,9fbf46971f882388a58d6e5099223280287f25336ffa8e36627459f934da6524,c4caa8c3073dab2aea028a9ecbddb2fd0d729e67567183889557ea39be2376e8,draft,,,,
ar,intake.fields.ticketNumber,language-and-usability,Ticket number,رقم المخالفة,ef4169ff531e73a501177740307b56c6419d4b3251bb040eaf604cf61e40affc,12ed80048427f8d919ac570c8cc1d74bb2ee058ac32ec3000415e4b17355ed1a,draft,,,,
ar,intake.fields.issueDate,language-and-usability,Issue date,تاريخ الإصدار,f0a6c4753adfbd8c4cacfd961ae4c130c70f3d99142067875fa88cf96484643c,4e5892a34a0649e9813d5f894db4f132893819c0fe0414e768664e91d3fa179a,draft,,,,
ar,intake.fields.location,language-and-usability,Location,الموقع,15b61974b2707a7b3d4201385e0f01f4ff5eb1f17c5639d98788ee5add2025cd,8937faa1e41fcc423af49b2799403d429cb2bef522b6c562e38b2d944f02cd3c,draft,,,,
ar,intake.fields.officer,language-and-usability,Officer or enforcement agency,الضابط أو جهة إنفاذ القانون,c6797261f6fd67ca9bab533218d0ddeeec2abfc65cfa92814c20d1d8e733862d,bd5ed76f7c1cd50af87cf3af8c37e15ce08beed7dbb6e52e2014cec31bd656c2,draft,,,,
ar,intake.fields.officerBadge,language-and-usability,Badge number,رقم الشارة,47fac07a03dfec1ce3f1fb5c0cda1537482cdb2ca2958ea61861c3089204dd21,7bb89942f4f0d4b075a54e71f9e0f991e9eb0a45857e2dec18db970689fdb622,draft,,,,
ar,intake.fields.offenceSection,language-and-usability,Section,المادة,dfca5da56b8cdb627309e2aa5a45e17b0e3e3e09e729209216b4fb0684ad8bae,79bd421ff0fafd87d1fb279d5e280b75297b9a05006e970b7b46038c74cc4974,draft,,,,
ar,intake.fields.offenceSubSection,language-and-usability,Subsection,الفقرة,b2dc6cc49319261382a14bba1de1fef28aa704eafe953db3966b64150dd76975,ef3953baa18a829b67188a91e1ef49599b41f34fb0e748164100e0c1838c2be7,draft,,,,
ar,intake.fields.offenceDescription,language-and-usability,Offence description,وصف المخالفة,38e13bd99e33af122c00017d85ca807b981cf414a233923de09e38de29792aa0,ef007dff9707a6bbf4cef354ba897b24222cb52291aafad0225e3a2b5fdc2924,draft,,,,
ar,intake.fields.fineAmount,language-and-usability,Fine amount,مبلغ الغرامة,319a81f308c50f9aa9ae07630f465e2bc6042b6f90952329af45b9de082627ff,455b721a7874643a08e1dcde63226d2f67e4dcb28906d69bc56c7ce0ebd34970,draft,,,,
ar,intake.fields.courtDate,language-and-usability,"Court date, if scheduled",تاريخ المحكمة، إن كان محددًا,7f1b94e6293d5d66b804a2fea0c2663113ec8af24ab509b32effc04a6c300a44,444120df1158c6834dc0e94271378ca50c86c9961a8bc134eaf9f11a778bd35d,draft,,,,
ar,intake.fields.courtJurisdiction,language-and-usability,Court location,موقع المحكمة,6f3997bb1a9d1d6bcc648fca4fc9fe18d0b8e5daa1d82ad9bb91d314a901a8a7,db4dcc1ee4f1d0c0bfc300888cd4cc875679f00152c5f3dd471403a1eeb60cc4,draft,,,,
ar,intake.fields.ticketImage,language-and-usability,Upload your ticket,ارفع صورة المخالفة,eff0e03db5d358970b2e3dc119efdb8250d4e70444b01f2437772a21931739d5,a693628b044ca021c544bbb93252f319bbbe5eeb557307a8eba4ac14818ed15e,draft,,,,
ar,intake.fields.vehicleSeized,language-and-usability,Was your vehicle seized?,هل تم حجز مركبتك؟,fd8c61c2d2890995e17d9cf09814825dfb8c292940e5a372ce25729dd443e1ab,7330e60ae80573b5564b4f1c5759042f9faf7b9915f8f876075861db3dad0b8b,draft,,,,
ar,intake.fields.pleaType,language-and-usability,Your position on the ticket,موقفك من المخالفة,20263844dc014587b3501df7f368b32a83b4018c2052fe16da2a4e13092e8442,1f5ea9d84aa4b93f3fa6db574179507bdd51c0f2756d863240261bc0dd7b50df,draft,,,,
ar,intake.fields.explanation,language-and-usability,Your account of what happened,روايتك لما حدث,660713dc8e71dfe66284d3a7365ae0b172454585ea0fc7b1312e2f8905d23302,c0b18dd798975cf98ec982d7aa47c36ea9dcde620140afd6a88bff4ca3387e4c,draft,,,,
ar,intake.fields.circumstances,language-and-usability,Other relevant circumstances,ظروف أخرى ذات صلة,55cc1be2e9b57fb5abdfaf4fc367c48069b7aaf33b3a3aab1355aa4f49e0bc3a,fac3360c1999a238510054f05ed4132226eae0cf60e1d53b97e3dcb83b7c7a1b,draft,,,,
ar,intake.fields.witnesses,language-and-usability,Are there witnesses?,هل يوجد شهود؟,31212056af5a538b299814827e1fd4a47621a952be38bcee6d1b36995c142bbc,750e082cdb9aa08c9197c3159ba5a6ccc1771dbaedaff88fc9d75a0b2303258c,draft,,,,
ar,intake.fields.witnessDetails,language-and-usability,Witness details,بيانات الشهود,13ef6a4023c2df9fe1b1e7238c0d0903102fce9772d44a275c77579cb8b61733,68c9881b6cc7b31a562aa02146704ac9d8faf4b3f880aa8823dbe18d6eb572dd,draft,,,,
ar,intake.fields.evidence,language-and-usability,Do you have additional evidence?,هل لديك أدلة إضافية؟,3f215053acf6bd460ec9a42d1a814bbeaeaaa1e88081369488459cbcbacc1601,e5b8baecf4c19c32a9b0060d511a69f8cecd27a79343b5ddade2793785060db5,draft,,,,
ar,intake.fields.evidenceDetails,language-and-usability,Evidence details,تفاصيل الأدلة,feb7d9dd3db683c01ac5379e4d60940db131271540ffa497af32c51c6ab72f46,cf69233ce65e5ff0b0d5d05b4b683e62e4bec87dbf9f3253ab34ada507e6a34d,draft,,,,
ar,intake.fields.priorTickets,language-and-usability,Previous tickets,المخالفات السابقة,e8e17ca1038c6a9f0c4c372eaa84b6d7c6f33bd9a399c81fd0991494f640563d,439c7ad5f3ff2049fe57b45aaea5ac869c2ff5df565173f08135ed34f7ae848c,draft,,,,
ar,intake.fields.insuranceCompany,language-and-usability,Insurance company,شركة التأمين,74a674f9bd2c7d69bec1ea58e6c17086dd80a3daf50d7da9d0fcc3d3e62752aa,03c66fbec24b921d60c049c6b3d3b3168768390fff0ee3281aa09648325771e2,draft,,,,
ar,intake.fields.vehicleDetails,language-and-usability,Vehicle details,بيانات المركبة,c4a848179b5905c630a264ee8f81f5fa1e69cf04a5d13ef36d7b6977391af77a,c75ea31287af26800da3c34a7a115f8e3bafa0a94794bab6de5675f300f418f7,draft,,,,
ar,intake.fields.additionalNotes,language-and-usability,Additional notes,ملاحظات إضافية,5871e1abaa639712e7e0107d9d5f6b14793cbd1c696b14f3eb6cc22be96cbd29,d90508176b1a91ddd896e75736ff32a274b50105f4401104330362505b7b1919,draft,,,,
ar,intake.fields.preferredLanguage,language-and-usability,Preferred written language,اللغة المفضلة للمراسلات المكتوبة,19a143b46379d7d132cc69d0bc9d26938f5324c6c871aa5dd2615a20e2d15f89,2c9e01f05e20cfe614d92340ec40b2ad4ea95e447d29004cc68679d9c0fcbe6e,draft,,,,
ar,intake.fields.digitalSignature,language-and-usability,Digital signature: type your full legal name,التوقيع الرقمي: اكتب اسمك القانوني الكامل,cb72c11a93258cbd5798c4b5cb8806f213dcab63b6f575589e35f9043c6e60a0,d5fb0a905ad8a8b1802cad9f4555e0ed51294d85312347ca44482c13c6449513,draft,,,,
ar,intake.validation.required,language-and-usability,Complete this required field.,أكمل هذا الحقل المطلوب.,c87f8ba5fa65dcdabe6111e13c857ee4c54038ecf14d3ed3bef856c6eaaeb919,c00c6ee9df81391434d884bfb104a41c57056d657e833057e06804e9544a7132,draft,,,,
ar,intake.validation.email,language-and-usability,Enter a valid email address.,أدخل بريدًا إلكترونيًا صالحًا.,8a966af884a06484aad2032a003c8bb514b24890ef0e2e917a8e0a4df0858def,d3e1c00f2e1cf78dbd3fe3313d5accee0011ad2822573acec20b209750d2b025,draft,,,,
ar,intake.validation.phone,language-and-usability,Enter a valid phone number.,أدخل رقم هاتف صالحًا.,90eeb8ff8c3a02124a44cfff39e4057d677b1ce7df90355b2ef8a4cfd141c972,cffffceb30ce92f163dd5a08757f6aebd504bac744ace48610bfc615aa4845e3,draft,,,,
ar,intake.validation.date,language-and-usability,Enter a valid date.,أدخل تاريخًا صالحًا.,2102f47f88cd1261dd3e241b122f6c10ead63f172ed8410ca9a4b82ced0ad27b,43ef7b3daea7898d68cdb953c118e109b526d4f6b56777245ff35c9fb692b2c7,draft,,,,
ar,intake.validation.amount,language-and-usability,Enter a valid fine amount.,أدخل مبلغ غرامة صالحًا.,f53b059015a1ecf51c630a781476e04fda8e006a21528725d150cf54936503a7,7fc05036672c579a7b6b7cec99cacc837d91f371afc59231e69532c7e1015061,draft,,,,
ar,intake.validation.ticketImage,language-and-usability,Upload a readable image of your ticket.,ارفع صورة واضحة ومقروءة لمخالفتك.,cbab99efafa989eef75848f0aa27eb1113669e68ae689c42e3f47fa7f4a65eef,b6e7533658403e7d7917328c0ef31a946c086202128b29b3c2a3d1ecabcd9637,draft,,,,
ar,intake.validation.signature,language-and-usability,Type your full legal name to sign.,اكتب اسمك القانوني الكامل للتوقيع.,8dfef8bbad08c50a13d5764ece818bc41c1c03c0056d61395ec90cfedd370752,4c51db6bbeb8670dfcb49762a557b5a3279eb94bf95a2d2e7f3609ff00d8471d,draft,,,,
ar,intake.validation.consent,language-and-usability,Read and accept the authorization before continuing.,اقرأ التفويض واقبله قبل المتابعة.,64992837e3cbb842a96069e90d5afcf1c30e0de8f3dc102e4b47e22669e44d80,ac518897d2070a9c18922183ae9b9f3e28efbab8506d7674203dcf58e9b80ffc,draft,,,,
ar,intake.validation.terms,language-and-usability,Accept the Terms of Service and Privacy Policy before payment.,اقبل شروط الخدمة وسياسة الخصوصية قبل الدفع.,6be1bb8ed081551458613c3b21a70c4dc6d0d2284b02796dd791657c26846ec9,2d28834ada5881ee6d288132174d231ce0ce95fdb3cd3e1203d145deed231093,draft,,,,
ar,intake.validation.submit,language-and-usability,We could not submit your details. Please try again.,تعذر إرسال بياناتك. يرجى المحاولة مجددًا.,1ea4214151d8b0d47d2e2455f1fc32d3a9b89392678aed48cba4e132f825d07d,d4fcfbf19816375f9d402e6c19d13018a1f9e955a9ca182b81c4f2cd197f1712,draft,,,,
ar,intake.validation.scanReview,language-and-usability,Check the extracted details and correct any mistakes.,راجع البيانات المستخرجة وصحح أي أخطاء.,aa29d7896884f145e3532e13b8706a1ca7dfa90b3db5ce24498c0cf7b40ef0e7,7e88ac8c83850c9a465054acb36b308120cf7b5c070d72cfbbf63f7466fffb13,draft,,,,
ar,intake.validation.scanFailed,language-and-usability,We could not read this document. Enter the details manually.,تعذرت قراءة هذا المستند. أدخل البيانات يدويًا.,c9207721ea3aa80ed6d603c0943b3e83a3ea1cfee62976d46c0333478e7ddfc8,37f2f730e1d802d80a90c7c51f6a17cda2aaa8c4ccb47c4762b9f0f8f8fe2ca3,draft,,,,
ar,intake.validation.fileFormat,language-and-usability,"Choose a PDF, JPG, PNG, WebP, HEIC or HEIF file no larger than 10 MB.",اختر ملف PDF أو JPG أو PNG أو WebP أو HEIC أو HEIF لا يتجاوز حجمه 10 MB.,55a8fe3740ea49d7c0984eb5ca2e232c87823187c7d79e0b5501211edf2a1a4d,8969ede396eec84b45cadb4a0fb317040a222c840bd514370465af8d53b94016,draft,,,,
ar,intake.validation.consentCharacter,language-and-usability,"We could not create a readable consent document from one or more characters. Contact Fabsy before paying, and keep your original name and details unchanged.",تعذر إنشاء مستند موافقة مقروء بسبب حرف واحد أو أكثر. تواصل مع Fabsy قبل الدفع، وأبقِ اسمك وبياناتك الأصلية دون تغيير.,0912a89086b65918f080acbf74cae4d1dcc19184a3094420ac470d13d26dfa03,ab0625ef98535afb4fef8bd668d66e2874f3196753ad2d4773e31e1aba1c1426,draft,,,,
ar,intake.validation.length,language-and-usability,This entry is too long for this form. Contact Fabsy if you need to keep the full text.,هذا الإدخال أطول مما يسمح به هذا النموذج. تواصل مع Fabsy إذا كنت بحاجة إلى الاحتفاظ بالنص الكامل.,4ff0e8bf7eaffbd31881ac3310bce4f31694d2d5db4d645717d0739abc826ecc,c57de6efb4bbd45890f7c534b4356668632a4a6d763febc9ed9a5d883e5e5466,draft,,,,
ar,intake.consent.title,legal-adjacent,Digital authorization for Rapid Resolution,تفويض رقمي لخدمة Rapid Resolution,f0ee4c044fcc5a96fe09de7b7eb0618575cb6e84f5b435b702e0290b2219a6fe,c1809c03a7e40498088330a90c48d6eff6f1d4c773e8cc12832217036ca509bb,draft,,,,
ar,intake.consent.scope,legal-adjacent,"I authorize Fabsy and its agents, where permitted, to request, receive and review disclosure; use the Traffic Tickets Digital Service; communicate with the court, prosecutor and relevant government offices; prepare and submit a fact-specific prosecutor-review request based on my instructions and record; and explain any Crown response, charge, fine and demerit consequences.",أفوض Fabsy وممثليها، حيث يُسمح بذلك، بطلب الإفصاح واستلامه ومراجعته؛ واستخدام Traffic Tickets Digital Service؛ والتواصل مع المحكمة والنيابة والمكاتب الحكومية ذات الصلة؛ وإعداد وتقديم طلب مراجعة للنيابة يستند إلى وقائع القضية وتعليماتي وسجلي؛ وشرح رد النيابة والتهمة والغرامة وآثار نقاط المخالفة.,1202c0fd0ddb5b3ac55f7276c4ffeb1108e8c78b5a8588ee8e826204b6e988ae,9721321ca96716ebcfdd109d0780b80228a6e33b0b8e9e4d44e9b7c7c91de9d1,draft,,,,
ar,intake.consent.approval,legal-adjacent,Fabsy may take a final resolution step only after my express case-specific instruction. This authorization does not permit automatic acceptance of a Crown offer or a guilty plea.,يجوز لـFabsy اتخاذ خطوة التسوية النهائية فقط بعد تعليماتي الصريحة والمحددة لهذه القضية. لا يسمح هذا التفويض بقبول عرض النيابة أو تقديم إقرار بالذنب تلقائيًا.,2ecf63ee79415741a6a57dbc262dcb9392f63c4c92a13288d4e540edca0d8c70,7ede2df49735889cee57572b193a66836e2c9c9925c155732126c28ae19d4a9e,draft,,,,
ar,intake.consent.exclusions,legal-adjacent,"Contested trials, appeals, reopenings, Immediate Roadside Sanctions and Notices of Administrative Penalty are excluded. Trial work requires a separate agreement and fee. A prescribed Government of Alberta consent form may also be required.",تُستثنى المحاكمات المتنازع فيها والاستئنافات وإعادة فتح القضايا وImmediate Roadside Sanctions وNotices of Administrative Penalty. يتطلب العمل المتعلق بالمحاكمة اتفاقًا ورسمًا منفصلين. وقد يلزم أيضًا نموذج الموافقة المقرر من حكومة ألبرتا.,38fc50f62258406a9979f9f8bcfa3ce35117a6528468eb275b8547c7da5b2432,e6b758932e3772fdf64d737a1bda114affb58ca1e01898502fe984de950a78bd,draft,,,,
ar,intake.consent.fee,legal-adjacent,"I voluntarily retain Fabsy for the limited pre-trial service at {{price}} CAD plus applicable GST. Government fines and excluded work are separate. I understand the scope, the 48-hour condition and that no result is promised.",أستعين طوعًا بـFabsy للخدمة المحدودة قبل المحاكمة مقابل {{price}} دولار كندي، إضافة إلى ضريبة GST المطبقة. الغرامات الحكومية والأعمال المستثناة منفصلة. أفهم نطاق الخدمة وشرط الـ48 ساعة وعدم وجود وعد بأي نتيجة.,fec627441a81201a3cb16c94ef7afd437001637e227ff1aa652ce85589633020,944b7c596a34e493841ea664dfe7d50761e0a020b6dfb0db6b806e65fcfa1c58,draft,,,,
ar,intake.consent.data,legal-adjacent,"I consent to collection and processing of my information to deliver the service, technology-assisted document extraction and analysis with qualified review, secure record storage, communications about my case by email, phone and text and necessary sharing with courts and authorities. I will provide accurate, complete information. I may request access or withdraw data consent by contacting privacy@fabsy.ca.",أوافق على جمع معلوماتي ومعالجتها لتقديم الخدمة، واستخراج المستندات وتحليلها بمساعدة التقنية مع مراجعة مؤهلة، وحفظ السجلات بأمان، والتواصل معي بشأن قضيتي عبر البريد الإلكتروني والهاتف والرسائل النصية، ومشاركة المعلومات الضرورية مع المحاكم والسلطات. سأقدم معلومات دقيقة وكاملة. يمكنني طلب الوصول إلى معلوماتي أو سحب موافقة معالجة البيانات بمراسلة privacy@fabsy.ca.,b2dbaeecfd372235b431fbdf407bb74f7b72b4e3c70a282e7b27bdee4a23850e,cc69710b2f214e9043d03a0207ff55674db6259948d7d133811b396e8cafb3dc,draft,,,,
ar,intake.consent.withdrawal,legal-adjacent,I may withdraw this authorization by written notice. Otherwise it remains valid until the matter is resolved or withdrawn. Withdrawal does not automatically cancel fees for work already performed.,يمكنني سحب هذا التفويض بإشعار مكتوب. وإلا فيظل ساريًا حتى تسوية القضية أو سحبها. لا يؤدي سحب التفويض تلقائيًا إلى إلغاء رسوم العمل المنجز.,cc52b38b01e587d99204841cb457093134e48e9c800a46ef7f7f81cb8eb4b69c,ef2296eef9c7bffacf6c9d0a5bf7b33b1a718e68a7e63576e4400e62a9bc00f5,draft,,,,
ar,intake.consent.confirm,legal-adjacent,I am the person named above and am authorized to enter this agreement. I have read and understood this authorization and agree to the limited service. My digital signature has the same legal effect as a handwritten signature.,أؤكد أنني الشخص المذكور اسمه أعلاه وأن لدي صلاحية إبرام هذا الاتفاق. قرأت هذا التفويض وفهمته وأوافق على الخدمة المحدودة. لتوقيعي الرقمي الأثر القانوني نفسه للتوقيع بخط اليد.,2a3806e043e60b690bd438ad4068c0d0878a5a78d6adcfaa5384f489ee565f80,acb33ce50044d43afd70f6ec3ac039445918960f5e9fbbfe64cef222194449ee,draft,,,,
ar,intake.review.title,language-and-usability,Review your details,راجع بياناتك,66b425144eb3f3dab95d612792e47d5b26a6a20366e4dd6be73424d791e9849d,0d3c4906e7f2be4617309d35a8b8cc02b212a4c10b245215cb0d33e6fec36fb3,draft,,,,
ar,intake.review.description,language-and-usability,"Check your ticket, contact information and authorization before continuing to secure payment.",تحقق من المخالفة ومعلومات الاتصال والتفويض قبل المتابعة إلى الدفع الآمن.,9a4027e80e369feef378021b2ba9d493756a50d169641ad3836a949510e9e56f,3d2d7fb2a459c76b69157d9acffb7e2b40e677daecc78e358f6ec404f4fc581b,draft,,,,
ar,intake.review.edit,language-and-usability,Edit details,تعديل البيانات,fd9c61ac500e51185a5844b7f373df989d56c8e19246f3a34700aadc853e93b2,69eaa2fbae9380c8afbd845bcf56ca04b60f83c8fe4f5fac81dcc75d2fbb5315,draft,,,,
ar,intake.review.languageNote,legal-adjacent,"Your original written account must be kept with any English translation for review. Do not change names, dates or ticket numbers when translating.",يجب الاحتفاظ بروايتك المكتوبة الأصلية مع أي ترجمة إنجليزية للمراجعة. لا تغير الأسماء أو التواريخ أو أرقام المخالفات عند الترجمة.,0231f65bd7e507dac8cfbb533f22f69707b4d657a38fd94bd70627b954bf5939,45e75fb0b406a7066946b5a535253172a23ee51aa4071dd250b52b0586a37816,draft,,,,
ar,intake.scanTicket,language-and-usability,Read details from the ticket,قراءة بيانات المخالفة,08e18be2fc56346667d4b424e1db8ab3f7fcc079353293a764f79fadd1cb8b57,960127cd8fc1df8b35f9d8ce71365c77fba5b121289dd52335bdc5a218fd4411,draft,,,,
ar,checkout.title,legal-adjacent,Rapid Resolution checkout,الدفع لخدمة Rapid Resolution,5b0cd954ae99a3454cf067a0f42019e539b56c44cb212f8915acb1dfd24a9d34,bb8229373f8cb3aa559f2ff196758bdfe6d2daf4a047e8bb002b289f08ebc744,draft,,,,
ar,checkout.service,legal-adjacent,Service,الخدمة,d677190e0a9990e7d5fa9e4c1bbde44271fb8959c4acb6d43e02ed991128b4bf,728e6087980cfe0f994eee6999eb070fa35e34176e597617ed631615dfc2eb34,draft,,,,
ar,checkout.subtotal,legal-adjacent,Subtotal,المجموع الفرعي,8c0f2cb34079ede4634166168f5a77303f49b9dd7f60607ba9c8793cc397c0b7,4793cceb7aa378a3eb3badb04a5c4edda4c50c8aefefdd4f553e11475048120c,draft,,,,
ar,checkout.gst,legal-adjacent,Applicable GST,ضريبة GST المطبقة,e30a5f8704c94d87e904ca56c807ae07b4e2dcb7568546d6aee87b1ee9f5bf9e,c6a2efc783257cc29326900c580a19bdf6777efd12c2929fd6d0b928b20c92e6,draft,,,,
ar,checkout.total,legal-adjacent,Total,الإجمالي,c9b3c38247f744e17dd26fda097d6a9ba9332586b6bdaa038bf8f313a863f2b8,baed6e9999600e3c527b49b38379afda8d862de8714ffcd560d5cf81fc396560,draft,,,,
ar,checkout.pay,legal-adjacent,Continue to secure payment,المتابعة إلى الدفع الآمن,3be16c5137c2af58aeba28345f78f3591d20bf1cf14759682e034ed61b0a3c11,6c55290f7d8fb782cd3260ed92fa21ec6a25a22518c81613269449ed97f2aaee,draft,,,,
ar,checkout.processing,legal-adjacent,Opening secure checkout…,جارٍ فتح صفحة الدفع الآمن…,8d15b0fbf84af9300248813d13bff12a4b9239d3f577b80c4d877737f630caa3,ed2983d7b38ed336489adae48a0cbf978dd243895b85f9cf80e11cecf7841e22,draft,,,,
ar,checkout.paymentFailed,legal-adjacent,Secure checkout is unavailable. Please try again.,الدفع الآمن غير متاح. يرجى المحاولة مجددًا.,8927b21e3b94e4e0877f8ede511182519d310e359a7e8cb41f808b53fe9e4b0e,d726acb1a0e3ed0097b668788d52a7f2240600f048b3e08c5bffce1acaf34938,draft,,,,
ar,checkout.scope,legal-adjacent,"{{price}} CAD plus applicable GST for eligible pre-trial matters. The full subtotal and tax are shown by Stripe before payment. Fines, trial representation and excluded services are separate.",{{price}} دولار كندي، إضافة إلى ضريبة GST المطبقة، للقضايا المؤهلة قبل المحاكمة. تعرض Stripe المجموع الفرعي والضريبة كاملين قبل الدفع. الغرامات والتمثيل في المحاكمة والخدمات المستثناة منفصلة.,f530b81a65b98750914aabacb427b0f8df9fef72e02f7d0590fad1298e2c7bca,2987cef96399a14124f621cfa1e1309976d74731ade796bbae9a2148448c67d5,draft,,,,
ar,checkout.termsAcceptance,legal-adjacent,"I have read and agree to the English Terms of Purchase, Terms of Service and Privacy Policy. The English terms control. Payment does not authorize automatic acceptance of an offer.",قرأت شروط الشراء وشروط الخدمة وسياسة الخصوصية بالإنجليزية وأوافق عليها. تُعتمد الشروط الإنجليزية. لا يخول الدفع قبول أي عرض تلقائيًا.,5461e54162c8fe969787fb762a8e7e98b878ee77a7255edea8f1f89c56fde771,4b3216aed5619e5ff39b7587ecc56f5b1adf727eb2cc4308e11c22e70ba3afc9,draft,,,,
ar,terms.metaTitle,legal-adjacent,Terms of Service | Fabsy,شروط الخدمة | Fabsy,fad1699d34bbc659429acd94d1df3e0c1eba156eba6861e97f6115f3fc038dfe,d1b4fbd0c23e9d8dfeee5079870096ded215cdbfaea25243dfb6f9ca0f9211bd,draft,,,,
ar,terms.title,legal-adjacent,Terms of Service,شروط الخدمة,4afa55bf7aec7ddc5dfb904271f881be278e7629ce258675bf4b62f460017abb,0067dc332a5262bba506724ba3875f7ae5c17618585c7ae2b4677ed45d1d0e21,draft,,,,
ar,terms.intro,legal-adjacent,Read these terms with the English Terms of Service before authorizing or purchasing a service. This localized presentation follows the current English service terms; it does not create a different service agreement.,اقرأ هذه الشروط مع شروط الخدمة الإنجليزية قبل التفويض أو شراء الخدمة. يتبع هذا العرض المترجم الشروط الإنجليزية الحالية ولا ينشئ اتفاق خدمة مختلفًا.,8dba9f80c3d7715d0a05b31263525d129195fe3d72e286fd88f9cb4d70cdc16c,5d909c018180f6169d4c90cad509daf5abb509fcb5c3c43a17add76c1c0daf27,draft,,,,
ar,terms.englishControls,legal-adjacent,The English Terms of Service control if a translation differs. Statutory rights are not limited. Ask for clarification before consenting if you do not understand a term.,تُعتمد شروط الخدمة الإنجليزية عند اختلاف الترجمة. لا تُحد الحقوق القانونية. اطلب التوضيح قبل الموافقة إذا لم تفهم أي شرط.,b286dd322f20f189149053c4a0f1032e504650e268579d00ad73c2aec53bb49f,e23b659407b90708986b937c49a1f9a56cfadd233ef075a6d90c6fde929d796b,draft,,,,
ar,terms.sections.service.title,legal-adjacent,1. Service description,1. وصف الخدمة,ae3ed7912bd66abcfd3935478a3cab544ac3b36ec23ed770c329de1cb09629a5,fccf16c340feb0e28af3568c4b4db904a8dac564be103140956edc02afe67430,draft,,,,
ar,terms.sections.service.body,legal-adjacent,"Fabsy Traffic Ticket Services is an Alberta traffic ticket agent service, not a law firm. Paid services are Rapid Resolution for eligible pre-trial matters and the Insurance Impact & Renewal Planning Report. Work may include secure intake, eligibility and deadline review, digital authorization, disclosure requests and tracking, technology-assisted analysis with qualified review, authorized fact-specific prosecutor-review submissions, file notifications, Crown-response explanations and client-directed decisions. Optional reports use client records and approved public sources. Contested trials, appeals, reopenings, Immediate Roadside Sanctions, Notices of Administrative Penalty, government fines and work outside the permitted scope are excluded from Rapid Resolution.",Fabsy Traffic Ticket Services خدمة تمثيل في مخالفات المرور في ألبرتا، وليست مكتب محاماة. الخدمات المدفوعة هي Rapid Resolution للقضايا المؤهلة قبل المحاكمة وInsurance Impact & Renewal Planning Report. قد يشمل العمل تقديم البيانات بأمان، ومراجعة الأهلية والمواعيد، والتفويض الرقمي، وطلب الإفصاح وتتبعه، والتحليل بمساعدة التقنية مع مراجعة مؤهلة، وتقديم طلبات مراجعة للنيابة مبنية على الوقائع ومصرح بها، وإشعارات الملف، وشرح رد النيابة، والقرارات بتوجيه العميل. تستند التقارير الاختيارية إلى سجلات العميل ومصادر عامة معتمدة. لا تشمل Rapid Resolution المحاكمات المتنازع فيها، أو الاستئنافات، أو إعادة فتح القضايا، أو Immediate Roadside Sanctions، أو Notices of Administrative Penalty، أو الغرامات الحكومية، أو العمل خارج النطاق المسموح.,80ab55d9fbbf0db6e47a90d9444fca1f0c50516895253436134648ee08c772f4,eaf3c5969309573ff146344f3cef4dbe5c00e6af4d585497e2342fc5b9ce1a1f,draft,,,,
ar,terms.sections.practice.title,legal-adjacent,2. Limits on agent practice,2. حدود عمل الممثل,fa582796c619d20d79641252ea3b07bfc08ceaa6b2467852e6b806214e918573,9e0b9aa0113240db46d854fe988d661dbb6a6a359e8534e2d9c2c256d611b426,draft,,,,
ar,terms.sections.practice.body,legal-adjacent,"Fabsy representatives do not provide legal advice or practise law, identify themselves as lawyers or Fabsy as a law firm, accept matters outside the permitted agent scope, or promise particular results.",لا يقدم ممثلو Fabsy مشورة قانونية ولا يمارسون المحاماة، ولا يصفون أنفسهم بمحامين أو Fabsy بمكتب محاماة، ولا يقبلون قضايا خارج نطاق التمثيل المسموح، ولا يعدون بنتائج محددة.,b6e38db74c36fb335b4c8ea7f1cc691f97ce59392b9581cad985f344fb8fbb86,ddaca9b8b4dd8c7923f73b91def8ff9d04f97d7ab7da14fae04bd491f2c1a5db,draft,,,,
ar,terms.sections.eligibility.title,legal-adjacent,3. Service availability,3. توفر الخدمة,3aaff24cf37b03e9b1dc2f8ec04b3413135432ba2cf9c775ec72cb9db9f58d69,873339596a42d941fc3b57686c9d6be8e800f39825b3791b352e6346a79113df,draft,,,,
ar,terms.sections.eligibility.body,legal-adjacent,"Availability depends on the charge, procedure, deadline, court location, portal requirements and whether paid agent services are permitted and accepted by Fabsy. Matters outside the scope may be declined or referred elsewhere.",يعتمد توفر الخدمة على التهمة والإجراء والموعد النهائي وموقع المحكمة ومتطلبات البوابة الإلكترونية، وعلى السماح بخدمات التمثيل المدفوعة وقبول Fabsy لها. قد تُرفض القضايا الخارجة عن النطاق أو تُحال إلى جهة أخرى.,2914e62aec1e16a541a60bf76d9dd7c6efbd2e57707b20f23ac58a2cc7a6325c,edaaf0575b60c649f88a84e5d9f3ae007936c02109f7d851356edb1e1781a771,draft,,,,
ar,terms.sections.pricing.title,legal-adjacent,4. Pricing,4. الأسعار,decbdb9ba4c99187050551e881142e6412c1f397d37d7b9e0ba0bf238f89eea0,871432376b45230217dc9b3a73b7ee34ede4688a791c6feb0fb83bcb55202cca,draft,,,,
ar,terms.sections.pricing.body,legal-adjacent,"Rapid Resolution costs {{price}} CAD plus applicable GST for eligible Alberta pre-trial matters. The standalone Insurance Impact & Renewal Planning Report costs {{reportPrice}} CAD plus applicable GST. Both together cost {{bundlePrice}} CAD plus applicable GST. Trial representation, government fines and out-of-scope matters are separate.",تكلف Rapid Resolution مبلغ {{price}} دولار كندي، إضافة إلى ضريبة GST المطبقة، للقضايا المؤهلة قبل المحاكمة في ألبرتا. ويكلف Insurance Impact & Renewal Planning Report منفردًا {{reportPrice}} دولار كندي، إضافة إلى ضريبة GST المطبقة. ويكلف الاثنان معًا {{bundlePrice}} دولار كندي، إضافة إلى ضريبة GST المطبقة. التمثيل في المحاكمة والغرامات الحكومية والقضايا خارج النطاق منفصلة.,f70805a5b0df5f030bf3eb4ceb75e75085744ec4d324a45a9081bd70a049f0ae,baf600307fca631dc0cc1424c1546e42f44c3b0005cc70e95eebb15f32b1e30b,draft,,,,
ar,terms.sections.payment.title,legal-adjacent,5. Fees and payment,5. الرسوم والدفع,2e694810eb6779267f5f5d9f81c1cded58ff093dd93867c944bb808f3538048c,25e2de7aa73bccdd5d83e9f68875d0acc35d7d592cac85b09add8fed17bcf16e,draft,,,,
ar,terms.sections.payment.body,legal-adjacent,"All fees are in Canadian dollars. Court costs, fines and other charges beyond Fabsy's control remain your responsibility. The complete subtotal and tax are displayed before payment through Stripe.",جميع الرسوم بالدولار الكندي. تظل تكاليف المحكمة والغرامات والرسوم الأخرى الخارجة عن سيطرة Fabsy مسؤوليتك. يُعرض المجموع الفرعي والضريبة كاملين قبل الدفع عبر Stripe.,f75ef3e968fefa334460fc34ddb9816f00098d02a9efa21e0918a7e61d21f213,fd0ef413c1dbd45fb78c101239d31a728e921e391879906943f226e8dc037d0e,draft,,,,
ar,terms.sections.rapid.title,legal-adjacent,5A. Rapid Resolution,5A. Rapid Resolution,0fd98907037ef381a36e6a5d851232c335a80d9e035f702c6ed2f3db4f5efe4f,0fd98907037ef381a36e6a5d851232c335a80d9e035f702c6ed2f3db4f5efe4f,draft,,,,
ar,terms.sections.rapid.body,legal-adjacent,"Service starts only after intake, authorization and payment are complete and Fabsy accepts the matter. Where authorized and operationally available, Fabsy requests and reviews disclosure. A disclosure request does not extend a response date, trial date or other deadline. You must monitor every deadline and attend personally if required. The 48-hour commitment begins only when complete, readable disclosure is received and matched to your file; it covers Fabsy's review and preparation or submission of the next authorized action, not Crown response time or final-outcome timing. Fabsy will not accept a Crown offer, enter a guilty plea or finalize a resolution without your case-specific instruction. Trial work requires separate eligibility review, an agreement and a quote.",تبدأ الخدمة فقط بعد اكتمال البيانات والتفويض والدفع وقبول Fabsy للقضية. تطلب Fabsy الإفصاح وتراجعه حيث يكون ذلك مصرحًا ومتاحًا من الناحية التشغيلية. لا يمدد طلب الإفصاح موعد الرد أو المحاكمة أو أي موعد نهائي آخر. يجب أن تتابع كل موعد نهائي وأن تحضر شخصيًا إذا طُلب ذلك. يبدأ التزام الـ48 ساعة فقط عند استلام مواد الإفصاح كاملة ومقروءة ومطابقتها بملفك؛ ويشمل مراجعة Fabsy وإعداد أو تقديم الإجراء التالي المصرح به، لا وقت رد النيابة أو توقيت النتيجة النهائية. لن تقبل Fabsy عرضًا من النيابة، أو تقدم إقرارًا بالذنب، أو تنهي تسوية دون تعليماتك المحددة لهذه القضية. يتطلب العمل المتعلق بالمحاكمة مراجعة أهلية واتفاقًا وعرض سعر منفصلًا.,f2c6952f5978566d6947bb6932b4ea8bd844f6a025c4b89d041253ed1d6663a0,68401dfd90c170120b7f48fe50b1d4e6e8cffdc94e66d0e88e03a35977a050a5,draft,,,,
ar,terms.sections.report.title,legal-adjacent,5B. Insurance planning report,5B. تقرير تخطيط التأمين,a5fa3dcaf259d5022a9f09be8ddd8dc8e8b99814128622297afc5ea2cc66f94f,9ed6dfe786d649f8e9ca9bf411b21c10f28c4d2c071c7452d715ab401d14bbd9,draft,,,,
ar,terms.sections.report.body,legal-adjacent,"This is a one-time consumer research and planning product. Driver abstracts, broker services, insurer quotes and other third-party records cost extra. You must provide accurate ticket, driving-record, policy, renewal and rating information. Scenarios and ranges use approved public information and supplied records; they are not insurer quotes. Sources and questions are planning aids, not recommendations to buy, cancel, renew or change coverage. Fabsy is not an insurance agent or broker and does not sell, quote or place insurance, contact insurers, submit applications or negotiate renewals. No eligibility, savings or premium result is promised. Insurer-specific advice and quotes must come from a licensed broker or insurer.",هذا منتج بحث وتخطيط للمستهلك يُعد لمرة واحدة. تُدفع تكاليف ملخص سجل السائق وخدمات الوسيط وعروض أسعار شركات التأمين والسجلات الأخرى من الأطراف الثالثة بصورة منفصلة. عليك تقديم معلومات دقيقة عن المخالفة وسجل القيادة والوثيقة والتجديد والتصنيف التأميني. تستند السيناريوهات والنطاقات إلى معلومات عامة معتمدة والسجلات المقدمة، وليست عروض أسعار من شركات التأمين. المصادر والأسئلة وسائل مساعدة للتخطيط وليست توصيات بشراء التغطية أو إلغائها أو تجديدها أو تغييرها. Fabsy ليست وكيل تأمين أو وسيطًا، ولا تبيع التأمين أو تسعّره أو ترتبه، ولا تتواصل مع شركات التأمين أو تقدم طلبات أو تتفاوض على التجديدات. لا نعد بالأهلية أو التوفير أو أي نتيجة تخص قسط التأمين. يجب الحصول على المشورة وعروض الأسعار الخاصة بشركة تأمين من وسيط مرخص أو شركة التأمين.,594a81baaaf84b8443587307f5e4bcf51f4748ce1fb76bb6d7d806d908e9780f,4e4d94cad376b31786ed1e161df365b0ac142d37cd86d86e459362d0a1588ea4,draft,,,,
ar,terms.sections.responsibilities.title,legal-adjacent,6. Your responsibilities,6. مسؤولياتك,a3465cface275a56c51638482bc858a30844638adfaa501467c42dc8e9c901ea,4bd4e0d8387ed1dc249818fd04a737bbd2a77c05fc9bbeaca550a6921a94e803,draft,,,,
ar,terms.sections.responsibilities.body,legal-adjacent,"Provide accurate and complete ticket information, respond promptly to requests, review every Crown response and give clear instructions before an offer expires, attend court if required, and pay applicable fees and court costs. Fabsy provides agent representation services, not legal advice.",قدم معلومات دقيقة وكاملة عن المخالفة، واستجب سريعًا للطلبات، وراجع كل رد من النيابة وأعطِ تعليمات واضحة قبل انتهاء صلاحية العرض، واحضر المحكمة إذا طُلب ذلك، وادفع الرسوم وتكاليف المحكمة المطبقة. تقدم Fabsy خدمات تمثيل، لا مشورة قانونية.,5c670d4908bf383d264e559ad85083b77acb4f0171c22bbcbb71570a4032dbb7,2cac24c1114db88fec43f88685ef82c46fdda1f4d8ffb7c4946e2571905ca474,draft,,,,
ar,terms.sections.outcomes.title,legal-adjacent,7. No promised result,7. لا وعد بنتيجة,a3a926bab4323511c56c1af9029f0a7c03aff0852d06448a3806c2fdd88f6156,e92e4a360fd2d152735607a914f6d8c86b9b5f63413c510e37cc557ce5115686,draft,,,,
ar,terms.sections.outcomes.body,legal-adjacent,"Results depend on the charge, evidence, procedure, prosecutor and court. No withdrawal, charge reduction, lower fine, fewer demerits, premium savings, insurer eligibility or other result is promised. The 48-hour commitment is not a promise of an outcome.",تعتمد النتائج على التهمة والأدلة والإجراءات والنيابة والمحكمة. لا نعد بإسقاط التهمة أو تخفيفها، أو خفض الغرامة أو نقاط المخالفة، أو توفير أقساط التأمين، أو الأهلية للتأمين، أو أي نتيجة أخرى. التزام الـ48 ساعة ليس وعدًا بنتيجة.,c4eb3442999d61b73836ce50d53a96874dde7746872021f5e9a138535d778233,324c5702d120796a9f7084ccf2022f55c1809394cbf77bba2091124feb552fdf,draft,,,,
ar,terms.sections.privacy.title,legal-adjacent,8. Confidentiality,8. السرية,c65a06ec8307b9e7a634470fe15431562a3cadfb965fca6e96fd2092308a62cc,03af3378ec0956b6ffdb7edb856ed3aadf58f93aea1f98b8f7b3457e4d65beba,draft,,,,
ar,terms.sections.privacy.body,legal-adjacent,Fabsy protects client information through internal privacy practices and applicable privacy obligations. Information may be disclosed as needed for court proceedings or as required by law.,تحمي Fabsy معلومات العملاء من خلال ممارسات الخصوصية الداخلية والتزامات الخصوصية المطبقة. قد يُفصح عن المعلومات حسب الحاجة لإجراءات المحكمة أو وفق ما يقتضيه القانون.,f70937eb9d555f6db5bf5c8f356faca6d09c0ca189efe4ee8aced5ca760e7f82,dd2b9d305ffc03c0b709c138d39349c85fa678ac2efed8b4fc5784ca61dc96ad,draft,,,,
ar,terms.sections.liability.title,legal-adjacent,9. Limitation of liability,9. حدود المسؤولية,9337d08809a90abe4243d51ad27431a14e12bd3832378cd42cdcd3f2cb9c5551,cf7cd6b36ea90a7aa31a0c509f33ef06f6bcde978f6af3df41b50330af66aca8,draft,,,,
ar,terms.sections.liability.body,legal-adjacent,"Fabsy's liability is limited to the service fees paid. Fabsy is not liable for indirect, consequential or punitive damages arising from its representation services.",تقتصر مسؤولية Fabsy على رسوم الخدمة المدفوعة. لا تتحمل Fabsy المسؤولية عن الأضرار غير المباشرة أو التبعية أو التعويضات العقابية الناشئة عن خدمات التمثيل.,41b9a1f37c6bac5159093868d80a9d250fb2950a35ed24ced8e4737055da371c,da138bd297ea8fd19e4135b0df5a30c63aeb4c06c57a976f7f20be52ef0ac699,draft,,,,
ar,terms.sections.cancellation.title,legal-adjacent,"10. Cancellation, refunds and termination",10. الإلغاء والاسترداد وإنهاء الاتفاق,bc6ef9c1a8edfee61854104ab5848935c11bdb650ca79cb0f2b346d1e62c744c,2b8e5292ef5ef21383dde6c42fc559b84dd5f9c3aaf87afeed444a297453177b,draft,,,,
ar,terms.sections.cancellation.body,legal-adjacent,"Either party may terminate by mutual agreement, for non-payment, failure to provide information or cooperation, or if representation becomes impossible or impractical. Contact Fabsy promptly to request cancellation. Refund eligibility depends on work already performed, third-party charges, checkout disclosures and applicable law. If Fabsy declines an otherwise complete paid matter before substantive work begins, the applicable service fee will be refunded. Statutory cancellation rights are not limited.",يجوز لأي طرف إنهاء الاتفاق بالتراضي، أو لعدم الدفع، أو لعدم تقديم المعلومات أو التعاون، أو إذا أصبح التمثيل مستحيلًا أو غير عملي. تواصل مع Fabsy سريعًا لطلب الإلغاء. تعتمد أهلية الاسترداد على العمل المنجز ورسوم الأطراف الأخرى والإفصاحات عند الدفع والقانون المطبق. إذا رفضت Fabsy قضية مدفوعة ومستوفية لبقية المتطلبات قبل بدء العمل الجوهري، فستُرد رسوم الخدمة المعنية. لا تُحد حقوق الإلغاء المقررة قانونًا.,2a41007ad8a3189e647b3129bc2fc8fade10783c76ceff5b9770318a563c4146,aa34aacbe6af08acb9b57077d4a0ba640faa50e961a56a7bacd84120bfd5fc56,draft,,,,
ar,terms.sections.website.title,legal-adjacent,11. Website use,11. استخدام الموقع,704221660aa1bb4a1062b3f7669d42dc25a621cef6f1073d5e8ea4955f74ce60,0acfab28ad9812e49c41cfb7b9ba93e6d69d033f24b3ac573682e9e6a9484385,draft,,,,
ar,terms.sections.website.body,legal-adjacent,"Using the website constitutes acceptance of the terms. Do not use it unlawfully, attempt unauthorized access, interfere with functionality or transmit harmful or malicious code.",يُعد استخدام الموقع قبولًا للشروط. لا تستخدمه لأغراض غير قانونية، ولا تحاول الدخول دون تصريح، ولا تعطل وظائفه، ولا ترسل شيفرة ضارة أو خبيثة.,928da5701d6b7a8903c3fb02a483f8b5bb098367440619eec7d5a53fced17396,3cf7788242629a2bafb7d13b82bf55a229ab8e5c6a73315ca0c81da64e60825d,draft,,,,
ar,terms.sections.law.title,legal-adjacent,12. Governing law,12. القانون الحاكم,170a2ace2b0a2b6551dc1f2bcebf316b07764b2032ceb53dd926df55b24faab5,549325bdd12048cf84a16d867ab1fba2face3f90164ac77dc6effd707006d661,draft,,,,
ar,terms.sections.law.body,legal-adjacent,"The terms are governed by the laws of Alberta, Canada. Disputes are subject to the jurisdiction of Alberta courts.",تخضع الشروط لقوانين ألبرتا، كندا. وتخضع النزاعات لاختصاص محاكم ألبرتا.,c4a83ac8eac414943386132c511049cbf5ef7b55a777011e0645d03c5ea1f123,c0415613394ecf70cb8ae5e28d0d19131c2cdf558fe9d1ad55698af9f1cde564,draft,,,,
ar,terms.sections.changes.title,legal-adjacent,13. Changes to terms,13. تغيير الشروط,468441d305c9aafa292d779084cc5f0f142c0d248f6e750fa5c15f25f6dacce5,af4d8ab38aceaa5e7de132f34ba9d5d537dcdd361d3001dabd228a362bd30513,draft,,,,
ar,terms.sections.changes.body,legal-adjacent,Fabsy may modify the terms. Changes are posted on the English terms page with an updated revision date. Continued use of services after changes constitutes acceptance of the modified terms.,يجوز لـFabsy تعديل الشروط. تُنشر التغييرات في صفحة الشروط الإنجليزية مع تحديث تاريخ المراجعة. استمرار استخدام الخدمات بعد التغيير يُعد قبولًا للشروط المعدلة.,014eeae0c6a1769b52acf304f1198e4f24fd16847dd609b4ebb52c2a7b7605f5,ad5e1d6ef9e21ef843892f44bce93c2c9e507e7a95d3826cbac3ef630b2e923e,draft,,,,
ar,terms.sections.contact.title,legal-adjacent,14. Contact,14. التواصل,d0a4f85743f6462c7faedd5114f5f5b3c1b9cd3a2c2b5d478721b7443b96debc,83cdd9a82181caa7d31f585476b6de72af7a0e71ac139817b3f2c1d53e2d74cc,draft,,,,
ar,terms.sections.contact.body,legal-adjacent,"For questions, contact Fabsy Traffic Ticket Services at {{email}} or (825) 793-2279. Service area: Alberta.",للاستفسار، تواصل مع Fabsy Traffic Ticket Services عبر {{email}} أو (825) 793-2279. نطاق الخدمة: ألبرتا.,cfc287b18c0ec870f57711adf094062adc5d1a2e45daaa4646b30b15dd95486a,c10c39cafa6a20724b6db487a403b94ee3c29bf5ef54834185d869b7b97c998e,draft,,,,
ar,notifications.received.subject,legal-adjacent,Fabsy: ticket details received,Fabsy: تم استلام بيانات المخالفة,d1e61d9125361379189ac73db81b8c8637dc287b96a84cef35e0dbee15a7937c,094726ee03514f7bf08313d3318be67af4fd56a5c6b02a076885b61263e27829,draft,,,,
ar,notifications.received.body,legal-adjacent,"Hello {{name}}, we received the details for file {{reference}}. Receipt does not mean your matter has been accepted or a deadline extended. View your file: {{url}}",مرحبًا {{name}}، استلمنا بيانات الملف {{reference}}. الاستلام لا يعني قبول قضيتك أو تمديد أي موعد نهائي. اطّلع على ملفك: {{url}},b872aa6a6a63a2e2562d8634d090efca4922b020bee14bb1d813153d1c5d7812,671439d0557b99dd597021d1470fac61e44de3c964cb96c151e9a6da3d05fd01,draft,,,,
ar,notifications.disclosure.subject,legal-adjacent,Fabsy: disclosure received,Fabsy: تم استلام مواد الإفصاح,0d74f55c02db02cf394be0ac2f96c4d64b7c81aedb7cec0f3e61e0e76e82406a,eb85dce10b036475ddb28412b08ec53176b58fac33008203d4d65574746f29a0,draft,,,,
ar,notifications.disclosure.body,legal-adjacent,"Hello {{name}}, disclosure has arrived for file {{reference}}. The 48-hour review and action commitment starts only after the disclosure is confirmed complete, readable and matched to your file. View the update: {{url}}",مرحبًا {{name}}، وصلت مواد الإفصاح للملف {{reference}}. يبدأ التزام المراجعة والإجراء خلال 48 ساعة فقط بعد التأكد من اكتمال المواد وقابليتها للقراءة ومطابقتها بملفك. اطّلع على التحديث: {{url}},3b3d647e2d22b86f50edb38c70bf0ee0689babe69d3c20cd37f506e5c5233841,f6821b7e37bc075d5813c2b7a75b11a88757dec10be5ac4ba6c0dc3f76e01e6c,draft,,,,
ar,notifications.update.subject,legal-adjacent,Fabsy: an update to your file,Fabsy: تحديث في ملفك,3673fe8c12c7e8d8e77aef08c7c59abec0f0b5600fca4b10623f49442fc1a59f,e2013afd98dcf306a28b6121e496423bf41f2c9eb34a61d2f019c7684715020a,draft,,,,
ar,notifications.update.body,legal-adjacent,"Hello {{name}}, there is an update to file {{reference}}. Read the details and any deadlines in your secure file: {{url}}",مرحبًا {{name}}، يوجد تحديث للملف {{reference}}. اقرأ التفاصيل وأي مواعيد نهائية في ملفك الآمن: {{url}},15cb5857455619a78dc88a517393125ad559f35d89dac9c3d06ae2bdc31245e9,e40b252078e583cbcdc431a117adc86acb40edafd7a393d7680041d5ef511787,draft,,,,
ar,notifications.decision.subject,legal-adjacent,Fabsy: your instruction is needed,Fabsy: نحتاج إلى تعليماتك,3c7032fd8ec5a47d589abb3b6258ce4ced40f8f77df62807b772f4ba697c2ba6,a502af24adb91925cc4c88bfa36a7a76d664a172d21f5be75734e2e34e1f6ab0,draft,,,,
ar,notifications.decision.body,legal-adjacent,"Hello {{name}}, a response is available for file {{reference}}. Review the proposal and any expiry date, then give your case-specific instruction. Fabsy will not accept an offer automatically. Review: {{url}}",مرحبًا {{name}}، يتوفر رد للملف {{reference}}. راجع المقترح وأي تاريخ لانتهاء صلاحيته، ثم أعطِ تعليماتك المحددة لهذه القضية. لن تقبل Fabsy أي عرض تلقائيًا. للمراجعة: {{url}},1b59661ccdfbb79e3feab0824b27b9ec6e28147eea1ea6ab63784cbc049663cf,50ae363eb36c1486eff098738240dbfcdc9faa4ceba714ee28785b7f064cb615,draft,,,,
ar,notifications.payment.subject,legal-adjacent,Fabsy: payment received,Fabsy: تم استلام الدفع,3eaabf16bcdf502b132e6f4e2d4d7f8829c993f4866b4d68950bf3ce40e6338a,64ac649857c65fb62bf073cb1ecb8713329231eb9582439973ba9f46930bed80,draft,,,,
ar,notifications.payment.body,legal-adjacent,"Hello {{name}}, payment of {{total}} CAD was received for file {{reference}}. Payment does not promise an outcome or extend a deadline. View your receipt and next steps: {{url}}",مرحبًا {{name}}، تم استلام دفعة قدرها {{total}} دولار كندي للملف {{reference}}. لا يضمن الدفع نتيجة ولا يمدد موعدًا نهائيًا. اطّلع على الإيصال والخطوات التالية: {{url}},12929594db3e2f51d259ac2172dce3e7a07f060b06899c886bcbf1ae906d81b5,991d6398943c20c1420bff7ea5b0a69838b586515a3e1334cbe1dbd041fd1aef,draft,,,,
ar,notifications.disclaimer,legal-adjacent,"Fabsy is a traffic ticket agent service, not a law firm. The English service terms control. Do not send payment-card details by email or text.",تقدم Fabsy خدمة تمثيل في المخالفات المرورية، وليست مكتب محاماة. تُعتمد شروط الخدمة الإنجليزية. لا ترسل بيانات بطاقة الدفع بالبريد الإلكتروني أو الرسائل النصية.,d8eddbce3a3f38a99165544f5ac0723f7e52781be28721113bbe7a461331aba8,2b2cf3c3107ecad0d2dd4b26968e33fafa8a4bd4eec5f656f7f590231dcec6b3,draft,,,,
hi,nav.home,language-and-usability,Home,मुख्य पृष्ठ,3a78695388b38b5cceefaf6796b0137877514593543b91af2752d5a17e3d736c,cb024de2d7513255fd2150dae3e6119737ce78e731a9fbdd51c27aa762e03acc,draft,,,,
hi,nav.rapid,language-and-usability,Rapid Resolution,Rapid Resolution,b187f5b3ecddd0a9de94688e0f3df7ba1699c3912b8450524631dea23e33887e,b187f5b3ecddd0a9de94688e0f3df7ba1699c3912b8450524631dea23e33887e,draft,,,,
hi,nav.howItWorks,language-and-usability,How it works,यह कैसे काम करता है,9c870aa6e5e93270170d5a81277ad3e623afe8d4efd186d3e28f3d2b646d52e6,97eeee400ca7ba9c0b5ee7b713dc8909ec9cbdd311f0b88c3756e3a1b268f7aa,draft,,,,
hi,nav.faq,language-and-usability,FAQ,आम सवाल,dbc468a14b601d5d9240aeb72b9fcd2f8aed2f4e30932876edf8d16ec313846b,781b499d7dcb918910c9a9ac3d683f7e1641219dd655432684198d8195f2c4fe,draft,,,,
hi,nav.contact,language-and-usability,Contact,संपर्क करें,2b5c3d26721ae9c350cf3009318b626f0fc8a90b4a2ac0ca8099c05aa849282e,7c4bf99b976d632909f2106cbc85a091ea01adde99546ccd48122ea3541972cc,draft,,,,
hi,nav.terms,language-and-usability,Terms of Service,सेवा की शर्तें,4afa55bf7aec7ddc5dfb904271f881be278e7629ce258675bf4b62f460017abb,2b53e6ee95fe4a44655e19bba49ab98eb5e2c40f3afc80b96a0ce77dd41a29ec,draft,,,,
hi,nav.start,language-and-usability,Start with your ticket,अपने टिकट से शुरू करें,2c56895797789029dd67000776843b675c64f2a21d8d7feeeb49189266d6df43,32dba78a8cb7809f8732e80b27da6869147649e7453349b9ee4ec7db872f14ce,draft,,,,
hi,nav.menu,language-and-usability,Open navigation,नेविगेशन मेनू खोलें,0ed77fd2619ba8ab3e1cce72c8e61d887d551ca1220164b88ab1aa66bba7177d,0f5f624dd6d300ed414ff58a67e2e6ff22f1cb6e2db71d24098f68e07a4b6887,draft,,,,
hi,common.brand,language-and-usability,Fabsy,Fabsy,1e32a2d78338c8f9aee12cf16a9075ef30f914394bae9f2817d8e8b5cd768837,1e32a2d78338c8f9aee12cf16a9075ef30f914394bae9f2817d8e8b5cd768837,draft,,,,
hi,common.serviceName,language-and-usability,Rapid Resolution,Rapid Resolution,b187f5b3ecddd0a9de94688e0f3df7ba1699c3912b8450524631dea23e33887e,b187f5b3ecddd0a9de94688e0f3df7ba1699c3912b8450524631dea23e33887e,draft,,,,
hi,common.back,language-and-usability,Back,वापस,76900f1bfd16c8d4dd3d25e6f46638d7165aee23883ccea6bfe071c514421769,0911e775fbc67b1abfc3649b4a1172aec0579299acb9d24ad9f41c69039a7374,draft,,,,
hi,common.next,language-and-usability,Continue,आगे बढ़ें,31fbef162594de01bab0cd525c51f74de7bcb15063029fa1a54b2cf5944c80d8,456ab02f9205d38441606b5e5751d78e24a59aa63732a6354038445b990a12ce,draft,,,,
hi,common.close,language-and-usability,Close,बंद करें,7d9eb7acb13e24625c404401d8e88b2350e32162455885f18276cf802f7701ed,ef9cca4a55ee043090d3e9cdd265290e84d656e43f00e9de974299ebe5f85755,draft,,,,
hi,common.loading,language-and-usability,Loading…,लोड हो रहा है…,ba3bbbe10d8bef66441c88536ce7b8e724e2829b59a3da658654f4961cd61ae5,ff524c65c4e2bfeba3914b573280002bbf2536b0c96ce3fd9021d44dec46daf1,draft,,,,
hi,common.yes,language-and-usability,Yes,हाँ,85a39ab345d672ff8ca9b9c6876f3adcacf45ee7c1e2dbd2408fd338bd55e07e,4a3daa901d0a9a1e593e2cc45889df2a1765d4a6f9f05461ac5a12ceb9ed0755,draft,,,,
hi,common.no,language-and-usability,No,नहीं,1ea442a134b2a184bd5d40104401f2a37fbc09ccf3f4bc9da161c6099be3691d,7f73843522890c327e3d522b2d0a110cccf9059321e0d5099fa86246a370689d,draft,,,,
hi,common.optional,language-and-usability,Optional,वैकल्पिक,59be71333c960fd08e7e4fe9862206d9355f0a9884121a5b50ef8b36efdfe4cf,a004ed9e7441175a37af21c807fb7e078f1c76437adf121fc85c1b26ba4c2002,draft,,,,
hi,common.required,language-and-usability,Required,ज़रूरी,4850b174b713d88cfc63de107830d5388929020e78abc91fc19bba7a6821625f,5c1f60e9cddd012450bdd47ac25465d1edf0d87504068be38d2980ff9483d0f3,draft,,,,
hi,common.english,language-and-usability,English,अंग्रेज़ी,ba118bf7fc9c1aedc1edb28a0aa86e0b43b681f222af6616e13c43be87815b06,d8940fe61354dd724e2ce2216348332a459afdd9087c1459ac11feff0bf84110,draft,,,,
hi,common.priceLine,legal-adjacent,{{price}} CAD plus applicable GST,{{price}} CAD और लागू GST अतिरिक्त,944ee0c680a2fab96ebfad0f8002d76974d5e8a314ab34fc3d459516f936e422,6d9d8ef4b0089676f270122ab0732cfcf17ea668333e872f2bcb050ed5c628ab,draft,,,,
hi,common.notLawFirm,legal-adjacent,"Fabsy is a traffic ticket agent service, not a law firm. We do not provide legal advice.","Fabsy ट्रैफ़िक टिकट एजेंट सेवा है, लॉ फर्म नहीं। हम कानूनी सलाह नहीं देते।",0038e2676c3303c1e1680137d0ae376f010b28637f0c3ab1fda6c269fface64f,071345f71c75518c5c231e044fca1da7117ef6f8ee1980ebb7b585f49387d2d0,draft,,,,
hi,common.noOutcomePromise,legal-adjacent,"No withdrawal, reduction, lower fine, fewer demerits or insurance result is promised.","आरोप वापस लेने या कम करने, जुर्माना या डिमेरिट अंक घटाने, या बीमे से जुड़े किसी परिणाम का वादा नहीं किया जाता।",bbdc59a6e89ef90092c7f36df4ddc513b1892ead98e5c5cf630f5affbd905b28,f04e64417646c52b100a4d10e94fb3dcacbc32226856cee8b515affc08dacae5,draft,,,,
hi,common.noSuccessFee,legal-adjacent,One flat service fee. No percentage-based success fee.,एक तय सेवा शुल्क। सफलता के आधार पर प्रतिशत वाला कोई शुल्क नहीं।,fad1ff1a6d818abbee8094929d2561b28b1dc184f1af5d913b80fda3984342bf,70e77a4a5f61132f8f9470bcef8a10efd16ffa0585aa25e62d3bf00e07a32f72,draft,,,,
hi,common.clientDecision,legal-adjacent,You direct whether to accept any proposed resolution. Nothing is accepted automatically.,"किसी भी प्रस्तावित निपटारे को स्वीकार करना है या नहीं, इसका निर्देश आप देते हैं। कुछ भी अपने-आप स्वीकार नहीं किया जाता।",a2032b3ed93526db2ceabe8ba7e1aaf23a454430a59c140a7a83a87dbb2ff226,f89b5d70ce71ae7029f9fcc98795d2ffd5b05fe96440fce0ab4ec1ad5d1f9050,draft,,,,
hi,common.notFound,language-and-usability,This page is not available in this language.,यह पृष्ठ इस भाषा में उपलब्ध नहीं है।,b138a234004a23fb897689d56e62d134a8e7bf08c02730c98b47d1fa1882c040,d10ef63703f1eafab8e863e65f91cba226ee969f8b8298bce331d3a77e5ceb2d,draft,,,,
hi,common.returnHome,language-and-usability,Return to home,मुख्य पृष्ठ पर लौटें,ca3f1411b47186b1f3255b617eb90b06dba50bc8879ea1f47589959487726ebc,63a2c5720d469fd2e63096170ab349d80d5d6b9c1e0f93bcc94b7a4e1170aee4,draft,,,,
hi,language.selector,language-and-usability,Choose your language,अपनी भाषा चुनें,8e2d0664dbbb529de872582461068f7f7f752fc226a03a1b8439a4299dbf5e74,fcdfca0b143dda1013868d2973b8b080c4dc589cf13bc81039343d6b478c1c79,draft,,,,
hi,language.offer,language-and-usability,Prefer to read this page in {{language}}?,क्या आप यह पृष्ठ {{language}} में पढ़ना चाहेंगे?,b62bed8d395e57be40b8c98546974430879d5e9dfb6e87570f301eaf0c2ac1a8,cb9c68aadf5938f84051ebb6ed56c3520bdee541a3a381472c51e22b6d2549e3,draft,,,,
hi,language.switch,language-and-usability,Read in {{language}},{{language}} में पढ़ें,3a7b883abdecb5e82c05a6ca7f3c904948b56fa5a22e80204a5e5de8e47eb039,a73be2bd81f9ce1d5a19a99a1874b1302c9c7256da4954e4f9c371ccf293445f,draft,,,,
hi,language.dismiss,language-and-usability,Keep my current language,मौजूदा भाषा बनाए रखें,66cb3639efa97ec8cc387646bd21fa8eccc22d0166b93d8d0c979e52f31d54ae,f9dc670c7273c1397234c44e1cf20b6e2f9f4d8e19f41489051920cd1438737f,draft,,,,
hi,language.draftTitle,legal-adjacent,Translation preview — review pending,अनुवाद का पूर्वावलोकन — समीक्षा बाकी है,51b60d5d973f27b433f3f034155a5368e67b106e02e99f39e69dbed802cb04ed,0f33798ee6c67872a08c3f9fbab44aade768aac98fba27b9dc153d20cbdd9b12,draft,,,,
hi,language.draftBody,legal-adjacent,"This translation is a draft and has not been approved by a native reviewer. Before purchasing or giving consent, read the English terms or contact Fabsy for clarification.",यह अनुवाद एक मसौदा है और किसी मातृभाषी समीक्षक ने इसे अभी मंज़ूर नहीं किया है। खरीदने या सहमति देने से पहले अंग्रेज़ी शर्तें पढ़ें या स्पष्टीकरण के लिए Fabsy से संपर्क करें।,aed054645990dcfb2b9067e55ec188dfe0051561571515142ac1fd3d87deeae9,f3e55a2d8686989db40233052fe08c805f7d38072bd07ac7d50792e1e2fc1b4d,draft,,,,
hi,language.englishControls,legal-adjacent,The English terms control if the translation differs. This draft does not change the English agreement or limit rights under applicable law.,अनुवाद में अंतर होने पर अंग्रेज़ी शर्तें मान्य होंगी। यह मसौदा अंग्रेज़ी समझौते को नहीं बदलता और लागू कानून के तहत अधिकारों को सीमित नहीं करता।,47d88a952adea0d705eeb834ade632a89f240c4ef8419186921e70ce329ffa47,351236bfdcf7277bf7d2dd7f9e6433d45df2522ea5d7a0bf8454b398fa73fa50,draft,,,,
hi,language.readEnglish,language-and-usability,Read the English version,अंग्रेज़ी संस्करण पढ़ें,971012a5337e5192d5ca9b242712d22c57e69d6f8b5f8ca5d44de236c3b0336e,09b42d2d4738e19ed87622fe8b3255213276420436b41c67c5ac7afd40b4d5ba,draft,,,,
hi,language.paymentBlocked,legal-adjacent,Purchasing and authorization in this language are not available until translation review and language support are confirmed. You may continue in English.,अनुवाद की समीक्षा और भाषा सहायता की पुष्टि होने तक इस भाषा में खरीद और प्राधिकरण उपलब्ध नहीं हैं। आप अंग्रेज़ी में आगे बढ़ सकते हैं।,18d90a7cee31fa2d70ab23127cfb3ce6a9a431f4aa9f2768996014b4c390750f,089eeecdb99d4b2e72f5cc9a2c5be2974376dfe794679056d330aa662c0e7287,draft,,,,
hi,language.continueEnglish,language-and-usability,Continue in English,अंग्रेज़ी में आगे बढ़ें,dda43c1f791aa01cc7d30787034952cc7eeea541b26d103f771b0a5778bef510,3e76dc59f4a27b414317ff4e7719e315fa3115eeb27fb21ea4fd61d79e0031b9,draft,,,,
hi,home.metaTitle,language-and-usability,Alberta traffic ticket help | Fabsy,अल्बर्टा के ट्रैफ़िक टिकट के लिए मदद | Fabsy,a933288a0f0dbbfdf1a8aa6ec0178b9d655fddc614361a828e7ca594437267c1,e5f95d0ef5c14be11262fb7166e57292720d588398dcdd37f6decde6350c5b36,draft,,,,
hi,home.metaDescription,language-and-usability,"Understand Fabsy's Alberta pre-trial ticket service, flat fee, disclosure review and client-directed decisions in your language.","Fabsy की अल्बर्टा में ट्रायल से पहले की टिकट सेवा, तय शुल्क, साक्ष्यों की समीक्षा और ग्राहक के निर्देश पर होने वाले फैसलों को अपनी भाषा में समझें।",4af70e47d06aec85c528b9302e3cf7f2abe842754382d09c05ddcc66ab7f3adc,3b33079f28ef61fb0fba3474127b67317e140c0bc0bb91a41d644d175de53dbb,draft,,,,
hi,home.eyebrow,language-and-usability,Alberta traffic ticket help,अल्बर्टा के ट्रैफ़िक टिकट के लिए मदद,d5730f2b069da1d051ced1960fab0c3aca338e66dc7126e897f027008db5ad2b,bdb680c18f6414c04df868cfca2b50e64a2d30a06f5f5577e9b337b3e4a2221c,draft,,,,
hi,home.title,language-and-usability,Understand your ticket. Choose your next step.,अपना टिकट समझें। अपना अगला कदम चुनें।,a58931b49428bdcbf5192c3aa5ff9714d379dd5598ae0bb76679f96415df5f74,96c2d8f3fb9301cb2f4e56b872e12c6ba67371c68bbb7389b9e93ac1037349db,draft,,,,
hi,home.description,language-and-usability,"Rapid Resolution brings ticket intake, disclosure, review and updates together for eligible Alberta pre-trial matters.","Rapid Resolution अल्बर्टा के योग्य ट्रायल-पूर्व मामलों में टिकट की जानकारी, डिस्क्लोज़र, समीक्षा और अपडेट को एक प्रक्रिया में लाती है।",665888e5795174342a12d1026c5928f6f58586c7a5343d1b0dd819557665e129,58fcbeab6aaa0b2c2adfa3607b2bbd7d72de834141969a0a9d248e6a1222a342,draft,,,,
hi,home.primaryCta,language-and-usability,Start with your ticket,अपने टिकट से शुरू करें,2c56895797789029dd67000776843b675c64f2a21d8d7feeeb49189266d6df43,32dba78a8cb7809f8732e80b27da6869147649e7453349b9ee4ec7db872f14ce,draft,,,,
hi,home.secondaryCta,language-and-usability,See how it works,जानें यह कैसे काम करता है,a105ad29235aa71ee321d02ba00ee1cf7e9273406367343fdf9a721daa38419e,ac372702836bfcba3ddc305ea28ef696ce2046c2f69174ed5e6a0152cb74f21b,draft,,,,
hi,home.educationTitle,legal-adjacent,Received a ticket? You may have options.,टिकट मिला है? आपके पास विकल्प हो सकते हैं।,87ca40f52f2ca6cbfe6bb2f359d58a36762968b23740c3802d61dcfccfb96359,6b9b33c1d98446f8724462face9aa98051665a5eca3895622782d6b4ef1fb434,draft,,,,
hi,home.educationBody,legal-adjacent,"An Alberta traffic ticket may be disputed. Whether an agent can help depends on the charge, procedure, deadline and court requirements. You may still have to attend personally if required.","अल्बर्टा के ट्रैफ़िक टिकट को चुनौती दी जा सकती है। कोई एजेंट मदद कर सकता है या नहीं, यह आरोप, प्रक्रिया, समय-सीमा और अदालत की आवश्यकताओं पर निर्भर करता है। आवश्यकता होने पर आपको खुद उपस्थित होना पड़ सकता है।",6dd739ee7087a3787cde95ebfc3039b69c6b4ca1a983145bf3ec1bab1d3f204e,4e7f7a1ea4e95d24bdf10914de2e726a0414220149a18cf41a5b1d52695e827f,draft,,,,
hi,home.scope,legal-adjacent,"Eligible pre-trial matters only. Trial representation, government fines and work outside the accepted scope are separate.","केवल योग्य ट्रायल-पूर्व मामलों के लिए। ट्रायल में प्रतिनिधित्व, सरकारी जुर्माने और स्वीकार किए गए दायरे से बाहर का काम अलग हैं।",aba56c8bc6b001bf680db994ca3565ce679fa12c724b6274d10981555f549170,0577b86474bbb6fee85c3504cd144cdab1d17e56e284dd5e3438bc98768a4b9b,draft,,,,
hi,rapid.metaTitle,language-and-usability,Rapid Resolution | Alberta ticket help | Fabsy,Rapid Resolution | अल्बर्टा टिकट सहायता | Fabsy,15d50e2ad66f464b564fbfa7a42df04643f8826078e7f98f3dd7488255bde663,43a0d23cf27a6a724e4e6387a2c06576ca16c1fe6c5130c40afba3cec451594a,draft,,,,
hi,rapid.metaDescription,language-and-usability,"Secure ticket intake, disclosure requests, qualified review and prosecutor-review submissions for eligible Alberta pre-trial tickets.","अल्बर्टा के योग्य ट्रायल-पूर्व टिकटों के लिए सुरक्षित जानकारी जमा करना, डिस्क्लोज़र अनुरोध, योग्य समीक्षा और अभियोजक समीक्षा आवेदन।",2fea531cdd6be1899a5464c8ba270a7ac308bbc389fe4c906c8a4bed4c27351c,563615ec481ea0d49f284543d46381aff475ba0c33dba56ca08acf743e607478,draft,,,,
hi,rapid.eyebrow,language-and-usability,Alberta pre-trial ticket resolution,अल्बर्टा में ट्रायल से पहले टिकट का निपटारा,53e3aee58095e335a6619f34d0a619e3f69f3927dbf0eeec50718b916fffb411,057bec09820e731db8aacab5516dd9855dc7da1ed2f19f46a49c71c444c193a5,draft,,,,
hi,rapid.title,language-and-usability,"Your ticket, moving forward.",आपके टिकट पर अगला कदम।,fa9903b72e9a7cd46ef15a5942f3a1b03c4775159261391c5f5656d4b8f3770f,50a406a6d41296e966bca899d68b3e2ad9b3e0c4340981cf8863df96cd9123a2,draft,,,,
hi,rapid.description,language-and-usability,"One secure online process for intake, authorization, disclosure, review and your decision about any available Crown response.","जानकारी, प्राधिकरण, डिस्क्लोज़र, समीक्षा और अभियोजन पक्ष के उपलब्ध जवाब पर आपके निर्णय के लिए एक सुरक्षित ऑनलाइन प्रक्रिया।",73146d7052a0d3c05c01983c80b951c019cb8b91d3f2f19087f35311796f0f4b,874f23e4e83c3839306469d5f66d9b2863bac29144f510f3f047056831e4b440,draft,,,,
hi,rapid.priceLabel,language-and-usability,Flat pre-trial service fee,ट्रायल-पूर्व सेवा का तय शुल्क,245b584da8e4b0a84436c89e613981c2d9cdfc0b407002ba7454ca9c84001f8f,ef1513a8092d500d03fa761b3a096936b858eeea88fb42d1e6bfd31bdaba5c45,draft,,,,
hi,rapid.includedTitle,language-and-usability,What is included,क्या शामिल है,06cec1523c69f02c94d6f022bbc8c2fdfeaa8254779e81b94154843cbc546e39,3c9b4e48d1242229b054b441970d2f37b2deac14f9ced1642cb0d790a842ef79,draft,,,,
hi,rapid.excludedTitle,language-and-usability,What is separate or excluded,क्या अलग है या शामिल नहीं है,4df6a50399117a7c9c7ecb41541e9d436a7d0bf18e1741e09234996ed09a5df0,57248fbd35139d47263c4452174699eed3e47f9e91b0a84b7547acb78cb1a0ef,draft,,,,
hi,rapid.included.intake,legal-adjacent,Secure digital ticket intake,टिकट की जानकारी सुरक्षित रूप से डिजिटल माध्यम में लेना,c6b27be55d9e6247a6dfb27d677ab01c4d5f9908df044dd9e99bfc99ddca6e1f,e85c7428ce3e78c52183687f4324b9be0e3d028c74df2fe97498e747b79d710e,draft,,,,
hi,rapid.included.eligibility,legal-adjacent,Eligibility and deadline review,पात्रता और समय-सीमा की समीक्षा,c9784f804994a42cac2c9d750fec26ad2f3dfbb6b9e9ffb24ca1f38308afc146,311ab30ed3b3396f28aa285d370262aa1cf27a86fe6d41c75684d95895cb594b,draft,,,,
hi,rapid.included.authorization,legal-adjacent,Digital consent and authorization,डिजिटल सहमति और प्राधिकरण,605e3a25894b7773b01999f86a2dcbc22117d42a5dd2047d6a33d44b4ede28a2,cbbfc17f6cbce6a62ca48dad56ec0398ed73bb560a4f9d2edef935aabd98ff40,draft,,,,
hi,rapid.included.disclosure,legal-adjacent,Disclosure request and document tracking,डिस्क्लोज़र यानी अभियोजन पक्ष के साक्ष्यों का अनुरोध और दस्तावेज़ों की निगरानी,609c2d0df430b8de1a6edf96d66d2072721eb0b9adccc8a1813d1a82e183d57e,d6c1c5010b6b0248ef683fd2a8c87c522137cdd449859384e8de09ebbc001807,draft,,,,
hi,rapid.included.analysis,legal-adjacent,Technology-assisted disclosure analysis with qualified review,तकनीक की मदद से डिस्क्लोज़र का विश्लेषण और योग्य समीक्षक द्वारा समीक्षा,7d836f2f04ca3a4c070843e4a6fbd4848c6c4ea8465a315821845259cd0b5045,4ae2927b9ac203762d9de6fa6ac4cc621e950f85d2744a5ae689010df4a54ab6,draft,,,,
hi,rapid.included.submission,legal-adjacent,Fact-specific prosecutor-review submission,मामले के तथ्यों के आधार पर अभियोजक की समीक्षा के लिए आवेदन,0f3c9165b7ce359eb91b4e3c31246d4d920dec5374fb301255672e9bca188adc,f1140c6b7e3c2606861ad81cb3fe6b4c05c9df77c01b71eda5f31cb1250de64d,draft,,,,
hi,rapid.included.updates,legal-adjacent,File-change notifications,फ़ाइल में बदलाव की सूचनाएँ,27fd0a60b3cb5fc595c43726f2016a27b2f933baafc5fe7d214a9f9089ac1dc3,add0ec80dcdd8406b92095ea4af63c7313b86286089a4e0ab6cf3722389dd1e4,draft,,,,
hi,rapid.included.explanation,legal-adjacent,Plain-language comparison of the original ticket and any Crown response,मूल टिकट और अभियोजन पक्ष के किसी भी जवाब की सरल भाषा में तुलना,a1fdff3ef43ee56dfc38e640c9465fe9455e11b24df2c9ecb44ad91364233fbe,7be36cf264386ad8a675c2ad9f33ac2352d3150df7f654c891cd92874feb5537,draft,,,,
hi,rapid.included.decision,legal-adjacent,Client-directed acceptance of an available pre-trial resolution,ग्राहक के निर्देश पर उपलब्ध ट्रायल-पूर्व निपटारे की स्वीकृति,86db57c76017c8d499abb4f5ab64e47326b13801ab2dfff7d5af3d82e3c037e5,5022244e262663599590ac94c9d2e3cf56264db6edde2780fb81ecb8d8c17f13,draft,,,,
hi,rapid.excluded.trial,legal-adjacent,Trial representation,ट्रायल में प्रतिनिधित्व,51803b529e779f10e892df8e12cc17455e2197c39e2dcc31d5fb2eb6acc65018,b6b26b8e13cd3436110c02924c77c03cc827f29ced1c59adef7a26ccf451d017,draft,,,,
hi,rapid.excluded.appeals,legal-adjacent,"Appeals, reopenings and extraordinary applications","अपील, मामलों को दोबारा खोलना और विशेष आवेदन",f058b085e86c6e97ecf21b7c1df5f72d53374e5a8f0eec523d575c98fc8a884c,5d2b1a5a8232a7e6205bbef4015a7a87b33fccba00f4f94195f2c45119a9a833,draft,,,,
hi,rapid.excluded.sanctions,legal-adjacent,Immediate Roadside Sanctions and Notices of Administrative Penalty,Immediate Roadside Sanctions और Notices of Administrative Penalty,94859cc2759883e240ac79c273f5a9d81334ad4a780946043ad39adf38303cb5,e1960e2df45a7e7d9f1eb10d590a0f01f54e93a0bcd89d2c3ead70f1332fe199,draft,,,,
hi,rapid.excluded.fines,legal-adjacent,"Government fines, court charges and third-party fees","सरकारी जुर्माने, अदालत के शुल्क और तीसरे पक्ष की फीस",36083c69d74cce5e98485c542ba4b739b5a73def3df0f6bc73bffc1f010eede9,dede62350f22d3de6761b2d679350c0fa8569df9a7a5395c456ce11e15e071de,draft,,,,
hi,rapid.excluded.scope,legal-adjacent,Matters outside Fabsy's permitted or accepted agent scope,Fabsy के अनुमत या स्वीकार किए गए एजेंट दायरे से बाहर के मामले,9a3b6384ab4d65bffa580caaf4d4df67ffb45689b8649ecdbe15d66ec3f0b23c,f8326aad1fb18480f8217e1c19a8f4562b1fb7be5d8845677f4a612f42c21483,draft,,,,
hi,rapid.speedTitle,legal-adjacent,Complete disclosure received. Next authorized action within 48 hours.,पूरा डिस्क्लोज़र मिलने के बाद 48 घंटे के भीतर अगली अधिकृत कार्रवाई।,5ae7e05f7eebba8e4d137d094e3352c816d4a87b00ced36971c6b3bf26c41a9f,8a903479f44d188281fbe46ce09672895023fab286b3516599b0d27176cb56db,draft,,,,
hi,rapid.speedBody,legal-adjacent,"Complete, readable disclosure is reviewed and the next authorized prosecutor step is prepared or submitted within 48 hours after it is received and matched to your file.",पूरा और पढ़ने योग्य डिस्क्लोज़र मिलने और आपकी फ़ाइल से मिलान होने के बाद 48 घंटे के भीतर उसकी समीक्षा की जाती है और अभियोजक के लिए अगला अधिकृत कदम तैयार या जमा किया जाता है।,e433f693afca98ff0dca76217786aeea27c5eaa97df530026d18c940dc8e1b73,ab629143b39c5d6e6d9b172c8cbb8c3482e560080a6f346fed322b413d1a30c9,draft,,,,
hi,rapid.speedDisclaimer,legal-adjacent,"The clock starts only after complete, readable disclosure is received and matched to your file. It does not cover Crown response time or the date of a final outcome.","समय केवल पूरा, पढ़ने योग्य डिस्क्लोज़र मिलने और आपकी फ़ाइल से मिलान होने के बाद शुरू होता है। इसमें अभियोजन पक्ष के जवाब का समय या अंतिम परिणाम की तारीख शामिल नहीं है।",5f8cd44bc69192540e120e489ec0fa48b62591254066fecc46d35422fe29b1e0,70bdb360ee2b80e14d0269640c75be180175360d33d53bf38a1f27e951e394d5,draft,,,,
hi,process.metaTitle,language-and-usability,How Rapid Resolution works | Fabsy,Rapid Resolution कैसे काम करती है | Fabsy,b9ec79b1fa6e78e005ba4a44ccd238f372750ce62b73403fdb64d637504885d6,2d461cda578e76fdd6fd04d57d480a42d832f9e8e6d89a77682c2f34558ad1ed,draft,,,,
hi,process.title,language-and-usability,From your ticket to your decision,आपके टिकट से आपके निर्णय तक,9e1627be95b19beddbf51e60565ebe8bd67da6dc1fa0e67b614bf14b460d1128,f4afbe3a0e08fe3fabc22e2f3c56d82fe6d3593ec9cb464d47705ef5c6d18b4b,draft,,,,
hi,process.description,language-and-usability,"Your ticket, authorization, evidence and updates stay connected to the same file.","आपका टिकट, प्राधिकरण, साक्ष्य और अपडेट एक ही फ़ाइल से जुड़े रहते हैं।",44750c6c1f7b95af59f5b35c4b7edf2049c60d23a4e868a1f81ca8fdf6025c12,e62e78c2b50b1e69d1f98e263141a0e37030caccf47ed94e585818ea15e84499,draft,,,,
hi,process.steps.intake.title,language-and-usability,Share your ticket,अपना टिकट साझा करें,06896a89f5fb6a637c0f84a7f5de7901e175193f57d1736c6313126cce35ddf7,53f0ba5e539114f5a94f4eb4c3de0919ff1fe7aadc0ec41eabade7b6e08f83de,draft,,,,
hi,process.steps.intake.body,language-and-usability,"Upload a readable ticket and provide your details. Fabsy reviews eligibility and deadlines; service starts after intake, authorization, payment and acceptance.","पढ़ने योग्य टिकट अपलोड करें और अपनी जानकारी दें। Fabsy पात्रता और समय-सीमा की समीक्षा करती है; जानकारी, प्राधिकरण, भुगतान और मामले की स्वीकृति के बाद सेवा शुरू होती है।",92e48be7b63cac262e7c353174f9b98e635effeb0016246fb8c7da628c488007,fa0ded74bcb9450b8d50b8476fae4f719f22dae9c59a535a711b569ba0f5bc0f,draft,,,,
hi,process.steps.disclosure.title,language-and-usability,Disclosure is requested,डिस्क्लोज़र माँगा जाता है,76367739dcf81b07c4d024e0036af905c2bb1c04b7a1f2321cdbbcd3cf1f0982,75cbbe0a3f779fe9b62934a42cbdcd9f3d848aceacac9404e7fc3f827dcced1b,draft,,,,
hi,process.steps.disclosure.body,language-and-usability,"Where authorized and available, Fabsy requests the prosecution's evidence and tracks documents. A request does not extend any deadline.","जहाँ अधिकृत और उपलब्ध हो, Fabsy अभियोजन पक्ष के साक्ष्य माँगती है और दस्तावेज़ों की निगरानी करती है। अनुरोध से कोई समय-सीमा नहीं बढ़ती।",66118a2bc4f77aecd89a833c77225622f9d4ce17752175d17842ee06381e303a,b0e2683957f0fbaf2fd241da03dbfcf03ab49ba0a1fa696f1f735300c344f6bb,draft,,,,
hi,process.steps.review.title,language-and-usability,Evidence is reviewed,साक्ष्यों की समीक्षा होती है,9f844b9afec9fd194c3ad12c5eac9790e73b4a1266efb1299344a335c584b7be,d33b1287d47554c35595bf47ef365d4a14fd94b1dce51a95d535e29d3636756a,draft,,,,
hi,process.steps.review.body,language-and-usability,"Technology-assisted analysis and qualified review examine the evidence, procedure and available pre-trial options.","तकनीक की मदद से विश्लेषण और योग्य समीक्षा के माध्यम से साक्ष्य, प्रक्रिया और उपलब्ध ट्रायल-पूर्व विकल्प जाँचे जाते हैं।",92bb246b305af86054b886ddbd3e00b67e1df61e3cd591a083fe7965e562c9ad,04124cd8f888623bd87a7a7c3a3b65ee136591247599218605685957e2936b10,draft,,,,
hi,process.steps.action.title,language-and-usability,The next step is prepared,अगला कदम तैयार होता है,43f4bdd56d945293669bac4c01fde42bdc43eede7bf2320362372e22157e0f8b,314107f315d6d532b9df59814d87be1c893844677582fb49decca3b4370207ea,draft,,,,
hi,process.steps.action.body,language-and-usability,"Within 48 hours of complete, readable disclosure being received and matched to the file, Fabsy reviews it and prepares or submits the next authorized prosecutor step.","पूरा, पढ़ने योग्य डिस्क्लोज़र मिलने और फ़ाइल से मिलान के बाद 48 घंटे के भीतर Fabsy समीक्षा करती है और अभियोजक के लिए अगला अधिकृत कदम तैयार या जमा करती है।",82a3dd182bc216afd91f1accd4970cf935321f56fbd7ba9bd566cdc38806afe8,d69646de9053cb6f6e7bc2f94b3fedf85fd6fbb382746d81ead015eaa454af56,draft,,,,
hi,process.steps.decision.title,language-and-usability,You give the instruction,निर्देश आप देते हैं,2b2934d5506b185ef9dbdebcda6e7d52377650a875842adaa465ce42b46ba473,5d8e839ca9815cece6d502fd0f43b7085bbd7349fb68607c65a51329191b0d9c,draft,,,,
hi,process.steps.decision.body,language-and-usability,Fabsy explains any Crown response. Only you direct whether an available resolution should be accepted; trial work requires a separate agreement.,"Fabsy अभियोजन पक्ष का जवाब समझाती है। उपलब्ध निपटारा स्वीकार करना है या नहीं, इसका निर्देश केवल आप देते हैं; ट्रायल के काम के लिए अलग समझौता ज़रूरी है।",086dc4715dbb43c4f12d98d4aeda08e0c9d05c603002545998e96bbd5c244243,59a3d7ea7cb62035e42f0bd2bbc012a462828d86f009607bcea2b3fe0411926d,draft,,,,
hi,faq.metaTitle,language-and-usability,Alberta ticket service questions | Fabsy,अल्बर्टा टिकट सेवा के सवाल | Fabsy,d997ed0d013711dd9d13ffcecbc0ccd852e3d22797a0ed90706ed3808f6fd338,5fb2ed9e4ed89b42620d0c802778d40a89daf3f483f7f4a28ef0d74f86bd8bc0,draft,,,,
hi,faq.title,language-and-usability,Questions before you start,शुरू करने से पहले के सवाल,9498defd4dde31d53edb329c8d0db6883d63774d2e7e79963add2da52eb8aa4e,6c608643d362cfb84f41a5451701b379aa62fd063650cbf2471984ef02316433,draft,,,,
hi,faq.items.fee.question,legal-adjacent,What does the {{price}} fee cover?,{{price}} के शुल्क में क्या शामिल है?,2e094fcc16eddefb6a19d2f044225fd40fb844c12f450a1c27e7e44ac7d70b9f,d4f71c301c86939b263038daa310aa83e9410f0c62b84adfa0fa890c45a5af77,draft,,,,
hi,faq.items.fee.answer,legal-adjacent,"Eligible pre-trial intake, deadline review, authorization, disclosure requests and tracking, qualified review, a fact-specific prosecutor-review submission, file updates and explanation of a Crown response. Applicable GST is extra; fines and trial work are separate.","योग्य ट्रायल-पूर्व मामले की जानकारी, समय-सीमा की समीक्षा, प्राधिकरण, डिस्क्लोज़र अनुरोध और निगरानी, योग्य समीक्षा, तथ्यों के आधार पर अभियोजक की समीक्षा के लिए आवेदन, फ़ाइल अपडेट और अभियोजन पक्ष के जवाब की व्याख्या। लागू GST अतिरिक्त है; जुर्माने और ट्रायल का काम अलग हैं।",a1dbf2898946b3702690c46c65c273d6c66c36e061b4b3f887a0f8610925f17d,c3c839cd290bda67b0e01c0e23ee285d1b11537a7fe09409bc56477474ab393e,draft,,,,
hi,faq.items.speed.question,legal-adjacent,Will my ticket be resolved in 48 hours?,क्या मेरा टिकट 48 घंटे में निपट जाएगा?,46561c71c1d55265cd7ea1998970eda3466dd45c45771c42452cfdd749a2df71,f426a7ccbb7b07eb30171a23af88e974b3006aee9a2fa2090fc7fdf1874d1cf9,draft,,,,
hi,faq.items.speed.answer,legal-adjacent,"No final-outcome timing is promised. The 48-hour commitment begins only when complete, readable disclosure arrives and is matched to your file. It covers Fabsy's review and next authorized action, not the prosecutor's response time.","अंतिम परिणाम के समय का वादा नहीं है। 48 घंटे की प्रतिबद्धता केवल पूरा, पढ़ने योग्य डिस्क्लोज़र मिलने और आपकी फ़ाइल से मिलान होने के बाद शुरू होती है। यह Fabsy की समीक्षा और अगली अधिकृत कार्रवाई के लिए है, अभियोजक के जवाब के समय के लिए नहीं।",911b892d1c4d702099b7512f0ec5487b789a17087fc88e79146b86b69f707d8c,1104124076027e63894840c569757e3860d1a8dce55a2cbfa30dfb7f9e569cc8,draft,,,,
hi,faq.items.deadline.question,legal-adjacent,Does a disclosure request extend my deadline?,क्या डिस्क्लोज़र माँगने से मेरी समय-सीमा बढ़ती है?,d7ba23f96466138ba0f3cd4f4066d81848d5269e2f4fe50effcc1db0162cb838,9a89f7be96f02e49c08a45a04ea3944a0f533c9b2424dfad985515d84cc8751e,draft,,,,
hi,faq.items.deadline.answer,legal-adjacent,"No. Continue monitoring the dates on your ticket, court notice and portal. A disclosure request does not itself extend a response date, trial date or other deadline.","नहीं। अपने टिकट, अदालत के नोटिस और पोर्टल की तारीखें देखते रहें। केवल डिस्क्लोज़र अनुरोध से जवाब देने, ट्रायल या किसी अन्य काम की समय-सीमा नहीं बढ़ती।",7c36942f46dd03eaf667e50cc8645f98fd071d15cda3819ea5728d814110cf1e,9aecdeae52d9139f1897f8ab6aadc0c7d53ec4c76b7c3b6655e10943cdbf0dda,draft,,,,
hi,faq.items.trial.question,legal-adjacent,Is a trial included?,क्या ट्रायल शामिल है?,51d0d788dc018d786d7b71447316c41838f8655c6ae74e0a42645e921c2607b9,7a004b78e5a1ff49eaa8b36a6411504aefd6aea389da73ef369dff56220da699,draft,,,,
hi,faq.items.trial.answer,legal-adjacent,"No. Trial representation requires separate eligibility review, an agreement and a quote. Appeals, reopenings, government charges and out-of-scope work are also separate.","नहीं। ट्रायल में प्रतिनिधित्व के लिए अलग पात्रता समीक्षा, समझौता और शुल्क का प्रस्ताव आवश्यक है। अपील, दोबारा खोले गए मामले, सरकारी शुल्क और दायरे से बाहर का काम भी अलग हैं।",a8b5ab22febf4f9f40e933978cbaac7f742c0b92d49313db0a7f99b53d8d61dc,dc0404c0e049528ba7f98b5bfd00baf32053c8b93a504af8e73f23845b205b85,draft,,,,
hi,faq.items.approval.question,legal-adjacent,Can Fabsy accept an offer for me?,क्या Fabsy मेरी ओर से प्रस्ताव स्वीकार कर सकती है?,279750ea59b803f41091b4ec26450f03e8e8b50b59c44d5f2ffabae7aadefc08,b181b64f2f8d8c58ba908591ffc65f2504a072ffd56dde323f442f9174c3b392,draft,,,,
hi,faq.items.approval.answer,legal-adjacent,"Only after your case-specific instruction. Fabsy will not accept a Crown offer, enter a guilty plea or finalize a proposed resolution automatically.","केवल इस मामले के लिए आपके विशेष निर्देश के बाद। Fabsy अभियोजन पक्ष का प्रस्ताव स्वीकार नहीं करेगी, दोष स्वीकार करने की दलील दर्ज नहीं करेगी और प्रस्तावित निपटारा अपने-आप अंतिम नहीं करेगी।",028f46cbe8707fcdbe0c14758d720f9eba17c832d4a713b393a5fa17fd840311,0dc5799809887fd8530e50cb96f0514eab4ef014d089c5cf4997fb3ff5055fde,draft,,,,
hi,faq.items.outcome.question,legal-adjacent,Is a withdrawal or reduction promised?,क्या आरोप वापस लेने या कम करने का वादा है?,42eafffad8245a37eb25d6826a395fcbd55634f4dc8b15643553531c77782c77,664553413c6aed3504c666c19fb5167bda82f240baae83012bee48d20c082278,draft,,,,
hi,faq.items.outcome.answer,legal-adjacent,"No. The result depends on the charge, evidence, procedure, prosecutor and court. There is no promise of a withdrawal, reduction, lower fine, fewer demerits or insurance result.","नहीं। परिणाम आरोप, साक्ष्य, प्रक्रिया, अभियोजक और अदालत पर निर्भर करता है। आरोप वापस लेने या कम करने, जुर्माना या डिमेरिट अंक घटाने या बीमे से जुड़े किसी परिणाम का वादा नहीं है।",75463e420a8351295a6f3869dacb56c50a4e19e9021cd688961135403d4ed6de,3f6a0323752117e799e5568d6a28cc9741741700e8eacfc54402b96f259e0f0c,draft,,,,
hi,faq.items.language.question,legal-adjacent,Can I write in my language?,क्या मैं अपनी भाषा में लिख सकता हूँ?,bc3db8223dc10707b55087856212a309db18c3776bff6e4f14656d9351833d76,4838938f204081faebae64592b693a414cb8b2d9d3d3ead1b819bedb31cc899c,draft,,,,
hi,faq.items.language.answer,legal-adjacent,You may write your account in your preferred language. Ask Fabsy to confirm available language assistance before relying on it. A translated website does not mean a speaker of that language is available by phone.,आप अपना बयान अपनी पसंद की भाषा में लिख सकते हैं। भाषा सहायता पर निर्भर होने से पहले Fabsy से उसकी उपलब्धता की पुष्टि कर लें। वेबसाइट का अनुवाद होना यह नहीं दर्शाता कि फोन पर उस भाषा का वक्ता उपलब्ध है।,f1092bc9faf469eb6a0a9849dc2620b192933ec6e6e3d5bf1fecedf7fc96b049,3e37ccd92ed98cef88da9f079630376cf1cb561360901b17221566b25fb56151,draft,,,,
hi,contact.metaTitle,language-and-usability,Contact Fabsy | Alberta ticket help,Fabsy से संपर्क करें | अल्बर्टा टिकट सहायता,ed7a28ef612a5c2c1fe3027668ccada01f32be7af4439ac002dbfc22ed125358,b1fa8ea2ac4831ad253e693367bde4464faaec8a98498a1c0066778ffa944dc8,draft,,,,
hi,contact.title,language-and-usability,Start with a written question,लिखित सवाल से शुरू करें,846798956dfbfb9363b49c6f91ddd0de1b14601e8a6ade3e34f4dd32e27e045f,e171d42b0f71c11db38a66e93b6fc9ed9a539605983859e16caf25a9eb396a0e,draft,,,,
hi,contact.description,language-and-usability,You can email a question in your preferred language. Include your deadline and ask what language assistance is available.,आप अपनी पसंद की भाषा में सवाल ईमेल कर सकते हैं। अपनी समय-सीमा बताएँ और पूछें कि कौन-सी भाषा सहायता उपलब्ध है।,cc096a13093b0c65f1831a8989c079857a0951f390ecbb6079088a4db286b875,7dae61d11889ede6a125a0d919bc34e1a558b831216e5692b26f65c23aef7cc3,draft,,,,
hi,contact.messageLabel,language-and-usability,Your message,आपका संदेश,7a057bd996a32915a171b4811d248b48f0fee7dd5e74f4510c156569ea36b4c5,912f6d80ac252c34f64f39d953470ac11ce5f69d7aa8a789bc0d2b784dec796a,draft,,,,
hi,contact.messageHint,language-and-usability,Write in your preferred language. Do not send card details or unnecessary identity documents.,अपनी पसंद की भाषा में लिखें। कार्ड की जानकारी या अनावश्यक पहचान दस्तावेज़ न भेजें।,11b3d97ead15ab909dd7020a27f92be67e2cfedd9034cc2beca0575ef2ba2227,d2e581c6265b3936961523d9b4e42c9839a495c1cf0d0a4456fe9e02ba8a76c8,draft,,,,
hi,contact.submit,language-and-usability,Send message,संदेश भेजें,93a26b1eaff99b3a84dd80366660991d15703a96514497afd997c12c43000ed7,4df8b278aeeb58fb2530ba6600fc29db57b8bb322c984b3f7c57b82d2461a5db,draft,,,,
hi,contact.availability,legal-adjacent,Language support and response times must be confirmed. WhatsApp and phone service in this language are not currently promised.,भाषा सहायता और जवाब के समय की पुष्टि आवश्यक है। फिलहाल इस भाषा में WhatsApp या फोन सेवा का वादा नहीं किया जाता।,b509a1a34f5e45d302542e4888222f03ebef2e15ba2a58ed146796c66453db68,6fe1a4082f21218384082efd41c70d24bdf3d17d7a15c217b8c683a21e9231a0,draft,,,,
hi,contact.emailCta,language-and-usability,Email {{email}},{{email}} पर ईमेल करें,46d94b216ce8e085d7a796624941d9939fa2c4444c1880cc869d713bc3f3db8a,d9e6d06d3a56a973dd0277364a2893c93cccdaba66f8678f89906458989654a7,draft,,,,
hi,contact.whatsappCta,legal-adjacent,Text us in your language on WhatsApp,WhatsApp पर अपनी भाषा में हमें लिखें,105dd00de557e3661e5a9484f348303cca7177367fd866f009f32d1e5cca6b0c,51444c84c6f7fe11f1ffb4c20d0e36335e16a6ec5b8e09fa25a49e76f7f6fe38,draft,,,,
hi,contact.staffAvailability,legal-adjacent,Ask which language support is available before calling.,फोन करने से पहले पूछें कि कौन-सी भाषा सहायता उपलब्ध है।,26d6efc6d2f4fe35fae8c2ce756511b532ec11a42b5b2c3a490481198d591e70,8d7571d08a57d5845c8fc5b0c2dd79abd83a66928b0d59d7db1a87e8c5cc8036,draft,,,,
hi,contact.whatsappHint,legal-adjacent,Send a written message in your preferred language. Do not send payment-card details.,अपनी पसंद की भाषा में लिखित संदेश भेजें। भुगतान कार्ड की जानकारी न भेजें।,71d9b4e04a11c5b2cfda2da32871b914649e38ae6cfc2adc901a84d8d07e35fd,06218dc9d84703b6d3a1614c63438398b0150a3f75a7b41b27986eb5c8b11533,draft,,,,
hi,intake.title,language-and-usability,Start Rapid Resolution,Rapid Resolution शुरू करें,08d30aec3aca3e8f9399438ce9780f7a03f67583b7fbc31df1de48a958480beb,eeef79c235511dedff27e859c41370234be847209e9cdae7b57a37a9e360bf58,draft,,,,
hi,intake.description,language-and-usability,Enter the details exactly as they appear on your ticket. You may write your account in your preferred language.,जानकारी बिल्कुल उसी तरह भरें जैसे आपके टिकट पर है। आप अपना बयान अपनी पसंद की भाषा में लिख सकते हैं।,895239d7cc03f62b9c38c498def413079949204d7c3abb9cf01ba2f8ef9f6f3f,f1255c4944a844c0ecb4652a71b237b109cd23d39fa943d03395f3a31f54d60e,draft,,,,
hi,intake.steps.ticket,language-and-usability,Ticket details,टिकट की जानकारी,095c5093d6828fd6e732a178cf50a84e0a2fa359c999e38edb8e4ef3c49245cf,1ecdaf8343f349c84ca533720f82bf29501f19c20c311adf9a3851811e607f72,draft,,,,
hi,intake.steps.personal,language-and-usability,Personal information,व्यक्तिगत जानकारी,06a571228fc4b88b951b3df6ec8f1cd70342feafaa6c298aa1d07fe690b2913c,76b1089c879e491aa9612ba23e4012696e2005412cd896c333c9fd1e8d3d5c5a,draft,,,,
hi,intake.steps.account,language-and-usability,Your account,आपका बयान,dbb5f6371b6a2a677f09c24d17fdc581132a41881a818469a92b58588e8764bc,b4f9dd42bc30b85117c1f859fcbf30f6afe3e6feb8691e7ff79a1ab945a3beb8,draft,,,,
hi,intake.steps.consent,language-and-usability,Authorization,प्राधिकरण,ca5839e38a15433e62b39767d6a86eaafba17ea6b3ea61e3b89e2ac46baa874c,f4a227b735adea0e7acdebc049abf5d3f2f3706ec2cfd1d87bbae9fb2dc0469f,draft,,,,
hi,intake.steps.review,language-and-usability,Review,समीक्षा,aff0766a5290e117b8433c351bae7b7b23bed682b2369bd822d88a647cc58512,e56c7addd250ca3e91dbdf35eb1ba20887f10780982845bfd8eb1eda595746c3,draft,,,,
hi,intake.steps.payment,language-and-usability,Payment,भुगतान,7048f38b33f135df36b3d9d382f167d45cfdda857b616899c9d8c9acd2751f64,67601d9014412464daf8d6bc03907e147c73b71ff38e424232793412e3957b6f,draft,,,,
hi,intake.fields.firstName,language-and-usability,First name,पहला नाम,702ef921ed1d89bf63353c899af7e338722a3ef6123d0a98333a162818f85e59,fcb9fb1db89ef96590017aa8933f05fc9afaf7408ad8c2af111f0c678228bd70,draft,,,,
hi,intake.fields.lastName,language-and-usability,Last name,उपनाम,7b4888049459f04adf3d6023c45e8ac8fc80e7ce8dfc643179da25a2c3b05443,2d9d5a21acfbc847f25f862e17554ed852d500ec39898e557d941681c6319adc,draft,,,,
hi,intake.fields.email,language-and-usability,Email address,ईमेल पता,f2488fd4ef4adbc6ac61300083f2c33980e48bb4bbf3c540ad760d61fc36f420,ea954a21741decc9eb3728eabc5b4d26a16ef1e1ceb50521f10a3cd1491f068f,draft,,,,
hi,intake.fields.phone,language-and-usability,Phone number,फोन नंबर,306f1bb20677a622fc38185239e89a940f6c1727e440a2b359d7d0e1bf600644,5e08898c0018e1c644c16b3582edcf1a4de3264b172fd2fda6952b437a1bb9d9,draft,,,,
hi,intake.fields.smsOptIn,legal-adjacent,I agree to receive text updates about my file.,मैं अपनी फ़ाइल के बारे में टेक्स्ट अपडेट पाने के लिए सहमत हूँ।,32bf2bb33aba0f995ccceaad77c8e80f977fdde206ef04cbc3f7dcabe009c198,1c8413caa6bae1a8a2c043b5f1a924781f0a3579c59a3a768b1d98ba05f575e3,draft,,,,
hi,intake.fields.address,language-and-usability,Street address,सड़क का पता,8a386dd14cb9a70f6f2769a7d50dd945fc29bf76fbb219dfa017d1f18739dba0,c1621285686aa14683de57d08d9a64e99cacb76f3f82457415a7cc4aae2f5119,draft,,,,
hi,intake.fields.city,language-and-usability,City,शहर,fc33f73246f48295702f404001e74d56f14d2f82689b2816422dc1a4c2ec4fb2,df0c83099b8001a4118955df492e083fba14fc6ca36119d05930d58755a72306,draft,,,,
hi,intake.fields.province,language-and-usability,Province,प्रांत,abfcecfabeb7545eaf3bc06d4c35204a4ebfd978963d132838d0198638a45b30,0a18b9a1070115bbdb21269d57ad523ef34fbe8e58ece6f281f38230920dff9e,draft,,,,
hi,intake.fields.postalCode,language-and-usability,Postal code,पोस्टल कोड,ae53cea8228bcfc350fef961189a32a592e06ccffa52a8b991f88841cbac8de4,c6c93a9a9f2daec2a1b2d7e63e328de44f3117be5e5bc207bb055ddf6508f9a7,draft,,,,
hi,intake.fields.dateOfBirth,language-and-usability,Date of birth,जन्मतिथि,eb4c4e239122d42d1ca7a7af175d6fe393926cb14aaab56b7ab7fc056b2ccb86,4311f9a0c981f8f9ccb3d11ebcb166853f99afab1f27250a6a1de3335aed285d,draft,,,,
hi,intake.fields.driversLicense,language-and-usability,Driver's licence number,ड्राइविंग लाइसेंस नंबर,7794437f3e0c40324b31fddbae56f957e61eb4176a1d3f66fd4b3ccf8d62a002,916c00e8bb06a79ce26726a15cfcde24c9d86302a1b7a72608d772d9fe24a4f0,draft,,,,
hi,intake.fields.driversLicenseImage,language-and-usability,Driver's licence image,ड्राइविंग लाइसेंस की तस्वीर,2c62301c7c9d0f2c266badff196079163818bd694329f99d907e77aa54eba4a5,baa248aa9b2e30a5f72c36edcaff0ae31530ae202561a99c406aa66d801d7eba,draft,,,,
hi,intake.fields.addressDifferent,language-and-usability,My current address differs from my licence.,मेरा वर्तमान पता लाइसेंस पर दिए पते से अलग है।,9fbf46971f882388a58d6e5099223280287f25336ffa8e36627459f934da6524,43f985c761556cc488b8788301eb5bf0d506c8ae457ad4d1cf478c67c9fd7151,draft,,,,
hi,intake.fields.ticketNumber,language-and-usability,Ticket number,टिकट नंबर,ef4169ff531e73a501177740307b56c6419d4b3251bb040eaf604cf61e40affc,ac904b72bb93b6b7230af901defbc0448dce08668a03b08928928797f4b3dcca,draft,,,,
hi,intake.fields.issueDate,language-and-usability,Issue date,जारी करने की तारीख,f0a6c4753adfbd8c4cacfd961ae4c130c70f3d99142067875fa88cf96484643c,e878b13f9e835e5117e26352f721ebf259d262673ccc25ff9cbac834157f72f0,draft,,,,
hi,intake.fields.location,language-and-usability,Location,स्थान,15b61974b2707a7b3d4201385e0f01f4ff5eb1f17c5639d98788ee5add2025cd,dc3943a966a8597f28861afc5b83ee79ad6d9aa0752fd4b34de4a6bf930b4e2a,draft,,,,
hi,intake.fields.officer,language-and-usability,Officer or enforcement agency,अधिकारी या प्रवर्तन एजेंसी,c6797261f6fd67ca9bab533218d0ddeeec2abfc65cfa92814c20d1d8e733862d,6747fe787f4acd319e5ad6affa5ea77f0ee54d8254f7e8f11b05b77975a3434c,draft,,,,
hi,intake.fields.officerBadge,language-and-usability,Badge number,बैज नंबर,47fac07a03dfec1ce3f1fb5c0cda1537482cdb2ca2958ea61861c3089204dd21,55ce2c9648c6475a170e746a52f99c530ada9511d020388872f88a3f7547e5b5,draft,,,,
hi,intake.fields.offenceSection,language-and-usability,Section,धारा,dfca5da56b8cdb627309e2aa5a45e17b0e3e3e09e729209216b4fb0684ad8bae,6ac075300a800a949961adcc295976cd6e3654a13181d91c44de9cb305696030,draft,,,,
hi,intake.fields.offenceSubSection,language-and-usability,Subsection,उपधारा,b2dc6cc49319261382a14bba1de1fef28aa704eafe953db3966b64150dd76975,1cffbf2d5f3f23b43c7d025b2ddd4d9a839a12984bcad4cff45138c862aab67a,draft,,,,
hi,intake.fields.offenceDescription,language-and-usability,Offence description,उल्लंघन का विवरण,38e13bd99e33af122c00017d85ca807b981cf414a233923de09e38de29792aa0,c61256541488480d2c927d62750d3723b5e0d67ae464ee02363ffd4c088d57d6,draft,,,,
hi,intake.fields.fineAmount,language-and-usability,Fine amount,जुर्माने की राशि,319a81f308c50f9aa9ae07630f465e2bc6042b6f90952329af45b9de082627ff,fce22a8ad799cc7929fa345abe6b728c1dbd907a19a67eb0ef602a08341a6aed,draft,,,,
hi,intake.fields.courtDate,language-and-usability,"Court date, if scheduled","अदालत की तारीख, यदि तय है",7f1b94e6293d5d66b804a2fea0c2663113ec8af24ab509b32effc04a6c300a44,af2167ef57dad7e2e5a8a91d62f9a94be79f4152a72336095258282894b02010,draft,,,,
hi,intake.fields.courtJurisdiction,language-and-usability,Court location,अदालत का स्थान,6f3997bb1a9d1d6bcc648fca4fc9fe18d0b8e5daa1d82ad9bb91d314a901a8a7,bd1255f8581cf2d0fa6ddb9ae2aa26a3fcc283fa865d6af0ead866db3ec31faf,draft,,,,
hi,intake.fields.ticketImage,language-and-usability,Upload your ticket,अपना टिकट अपलोड करें,eff0e03db5d358970b2e3dc119efdb8250d4e70444b01f2437772a21931739d5,88666c72a5363e4c841fe9fb667ad4003d3916eb773666054dbd10b92325259d,draft,,,,
hi,intake.fields.vehicleSeized,language-and-usability,Was your vehicle seized?,क्या आपका वाहन ज़ब्त किया गया था?,fd8c61c2d2890995e17d9cf09814825dfb8c292940e5a372ce25729dd443e1ab,032ae3a7898473a5ac736af0368d977701720fcb08232a1e253ff25f572ed7c5,draft,,,,
hi,intake.fields.pleaType,language-and-usability,Your position on the ticket,टिकट पर आपका पक्ष,20263844dc014587b3501df7f368b32a83b4018c2052fe16da2a4e13092e8442,02bd02f31607b8e1bf25100da2ff9cf8a8f3d82ba32c7d3484da244b43f9f048,draft,,,,
hi,intake.fields.explanation,language-and-usability,Your account of what happened,क्या हुआ था — आपका बयान,660713dc8e71dfe66284d3a7365ae0b172454585ea0fc7b1312e2f8905d23302,bb533d233d3b6d9f824d3811112eee4ac424269d6f0a07b09794f9b96daa987d,draft,,,,
hi,intake.fields.circumstances,language-and-usability,Other relevant circumstances,अन्य संबंधित परिस्थितियाँ,55cc1be2e9b57fb5abdfaf4fc367c48069b7aaf33b3a3aab1355aa4f49e0bc3a,bd60fc277773ada94aeca1871a13584d6fcb6ac24ab3fec97c8afb03c828e807,draft,,,,
hi,intake.fields.witnesses,language-and-usability,Are there witnesses?,क्या कोई गवाह हैं?,31212056af5a538b299814827e1fd4a47621a952be38bcee6d1b36995c142bbc,f9b3278b4ddc89b1b49cad9552fc3083b9259bc7fd0ad6792275624500ecf55c,draft,,,,
hi,intake.fields.witnessDetails,language-and-usability,Witness details,गवाहों की जानकारी,13ef6a4023c2df9fe1b1e7238c0d0903102fce9772d44a275c77579cb8b61733,c8036667061888aef9e5bb57790504621f64caa9ade2f8e8c0fc70f873cfabe3,draft,,,,
hi,intake.fields.evidence,language-and-usability,Do you have additional evidence?,क्या आपके पास अतिरिक्त साक्ष्य हैं?,3f215053acf6bd460ec9a42d1a814bbeaeaaa1e88081369488459cbcbacc1601,d7f7fd662c71fa31226f776f6e91179f52b3d88f5d0063ffaa8fabcda6cc7477,draft,,,,
hi,intake.fields.evidenceDetails,language-and-usability,Evidence details,साक्ष्यों का विवरण,feb7d9dd3db683c01ac5379e4d60940db131271540ffa497af32c51c6ab72f46,bb11216057267a10e1029603bb6f326df59529ae508fef555025844ad537d9c8,draft,,,,
hi,intake.fields.priorTickets,language-and-usability,Previous tickets,पिछले टिकट,e8e17ca1038c6a9f0c4c372eaa84b6d7c6f33bd9a399c81fd0991494f640563d,cd0a73f2bfe797aa377722634421a1aaf8b19c4f642366f497b4a5802f5c1adf,draft,,,,
hi,intake.fields.insuranceCompany,language-and-usability,Insurance company,बीमा कंपनी,74a674f9bd2c7d69bec1ea58e6c17086dd80a3daf50d7da9d0fcc3d3e62752aa,105e906f71d57aab58080c68ac42328ae83cfe0e32fd38413ceab46f6e7e4a66,draft,,,,
hi,intake.fields.vehicleDetails,language-and-usability,Vehicle details,वाहन की जानकारी,c4a848179b5905c630a264ee8f81f5fa1e69cf04a5d13ef36d7b6977391af77a,1888365a610370f8350daf6d7d69b45fcff48e37b95624365c0d16b77a9a69d2,draft,,,,
hi,intake.fields.additionalNotes,language-and-usability,Additional notes,अतिरिक्त टिप्पणियाँ,5871e1abaa639712e7e0107d9d5f6b14793cbd1c696b14f3eb6cc22be96cbd29,33d31202a17952e00a2492c5ba5a5fa613c4ff517f51ae3684d7da2ed83fb36d,draft,,,,
hi,intake.fields.preferredLanguage,language-and-usability,Preferred written language,लिखित बातचीत के लिए पसंदीदा भाषा,19a143b46379d7d132cc69d0bc9d26938f5324c6c871aa5dd2615a20e2d15f89,8e8931ad9971ec6948ae797ecd51d6b534186c7cee57fb30d05b7698d47be3d9,draft,,,,
hi,intake.fields.digitalSignature,language-and-usability,Digital signature: type your full legal name,डिजिटल हस्ताक्षर: अपना पूरा कानूनी नाम लिखें,cb72c11a93258cbd5798c4b5cb8806f213dcab63b6f575589e35f9043c6e60a0,99a0d25b1dafed5696fa57e5731ad206fa5da408746cb1247749dff122497723,draft,,,,
hi,intake.validation.required,language-and-usability,Complete this required field.,यह ज़रूरी खाँचा भरें।,c87f8ba5fa65dcdabe6111e13c857ee4c54038ecf14d3ed3bef856c6eaaeb919,f9802def7c1e6bdbfad4f507e808ec067fef7d25f785fda02ea45036220f1af2,draft,,,,
hi,intake.validation.email,language-and-usability,Enter a valid email address.,सही ईमेल पता भरें।,8a966af884a06484aad2032a003c8bb514b24890ef0e2e917a8e0a4df0858def,e3196cc1826d9531f882df28400474cb17583bc297ce1eee69cc1a81431c8a75,draft,,,,
hi,intake.validation.phone,language-and-usability,Enter a valid phone number.,सही फोन नंबर भरें।,90eeb8ff8c3a02124a44cfff39e4057d677b1ce7df90355b2ef8a4cfd141c972,bb4d5c89a5d03c204a4d5a46c8ce2618d8db39bf943685d91b94993742f70926,draft,,,,
hi,intake.validation.date,language-and-usability,Enter a valid date.,सही तारीख भरें।,2102f47f88cd1261dd3e241b122f6c10ead63f172ed8410ca9a4b82ced0ad27b,2ff0cdd2a42e88ebdaa9b6d66b10239f8d20da079efaf5e5b2f09ced87d4a14e,draft,,,,
hi,intake.validation.amount,language-and-usability,Enter a valid fine amount.,जुर्माने की सही राशि भरें।,f53b059015a1ecf51c630a781476e04fda8e006a21528725d150cf54936503a7,d34efcf1658afb8db47d6af8e5175fe6a69fd309e1751146f9a6fee5d53d25d5,draft,,,,
hi,intake.validation.ticketImage,language-and-usability,Upload a readable image of your ticket.,अपने टिकट की पढ़ने योग्य तस्वीर अपलोड करें।,cbab99efafa989eef75848f0aa27eb1113669e68ae689c42e3f47fa7f4a65eef,a50984e2c2604ba67e344a06f84fef27230c846b6854e27bad5dbe1dd82f51a7,draft,,,,
hi,intake.validation.signature,language-and-usability,Type your full legal name to sign.,हस्ताक्षर करने के लिए अपना पूरा कानूनी नाम लिखें।,8dfef8bbad08c50a13d5764ece818bc41c1c03c0056d61395ec90cfedd370752,19ea31acd606654e69dbfb81d2823fd155ab1588a8853f630ce5f0f4942ba26f,draft,,,,
hi,intake.validation.consent,language-and-usability,Read and accept the authorization before continuing.,आगे बढ़ने से पहले प्राधिकरण पढ़ें और स्वीकार करें।,64992837e3cbb842a96069e90d5afcf1c30e0de8f3dc102e4b47e22669e44d80,05846b044e9151870e839f150c90f9bbf72f85e571536ad171871fe6807c01c9,draft,,,,
hi,intake.validation.terms,language-and-usability,Accept the Terms of Service and Privacy Policy before payment.,भुगतान से पहले सेवा की शर्तें और गोपनीयता नीति स्वीकार करें।,6be1bb8ed081551458613c3b21a70c4dc6d0d2284b02796dd791657c26846ec9,2a4c26889a6590eba3b35805024ba4f80f905defddf75cd8697fceaee1cb9e02,draft,,,,
hi,intake.validation.submit,language-and-usability,We could not submit your details. Please try again.,आपकी जानकारी जमा नहीं हो सकी। दोबारा कोशिश करें।,1ea4214151d8b0d47d2e2455f1fc32d3a9b89392678aed48cba4e132f825d07d,671cab8b4709d92aea76680471f944a54d2bb19e936e1cbd087055ac9318e65b,draft,,,,
hi,intake.validation.scanReview,language-and-usability,Check the extracted details and correct any mistakes.,निकाली गई जानकारी जाँचें और गलतियाँ सुधारें।,aa29d7896884f145e3532e13b8706a1ca7dfa90b3db5ce24498c0cf7b40ef0e7,9c6f9aaee20abd22c0798a5a9c1d73c5dd105e042873e97c91b804739cb5019d,draft,,,,
hi,intake.validation.scanFailed,language-and-usability,We could not read this document. Enter the details manually.,हम यह दस्तावेज़ नहीं पढ़ सके। जानकारी खुद भरें।,c9207721ea3aa80ed6d603c0943b3e83a3ea1cfee62976d46c0333478e7ddfc8,c4e4b6a05a0e4b6c662aabd6a52462c712cb04faa9e3e1aa3c17a545111da5e5,draft,,,,
hi,intake.validation.fileFormat,language-and-usability,"Choose a PDF, JPG, PNG, WebP, HEIC or HEIF file no larger than 10 MB.","PDF, JPG, PNG, WebP, HEIC या HEIF फ़ाइल चुनें जिसका आकार 10 MB से अधिक न हो।",55a8fe3740ea49d7c0984eb5ca2e232c87823187c7d79e0b5501211edf2a1a4d,e90c7f9a8ba723f9e7d57bb08a3c5b5b39bf025549c050e070208e87963b2037,draft,,,,
hi,intake.validation.consentCharacter,language-and-usability,"We could not create a readable consent document from one or more characters. Contact Fabsy before paying, and keep your original name and details unchanged.",एक या अधिक अक्षरों के कारण हम पढ़ने योग्य सहमति दस्तावेज़ नहीं बना सके। भुगतान से पहले Fabsy से संपर्क करें और अपना मूल नाम व जानकारी बिना बदले रखें।,0912a89086b65918f080acbf74cae4d1dcc19184a3094420ac470d13d26dfa03,55393948fea27ec57f713a2cb49502cab5f2c8baeb269eb7f3afc81e00cf869a,draft,,,,
hi,intake.validation.length,language-and-usability,This entry is too long for this form. Contact Fabsy if you need to keep the full text.,"यह जानकारी इस फॉर्म के लिए बहुत लंबी है। यदि पूरा पाठ रखना ज़रूरी है, तो Fabsy से संपर्क करें।",4ff0e8bf7eaffbd31881ac3310bce4f31694d2d5db4d645717d0739abc826ecc,c131e9e1b8a7b043f4dcb38d3d0b4f172f9d7aa586bfa24c5cf780eb30b9242d,draft,,,,
hi,intake.consent.title,legal-adjacent,Digital authorization for Rapid Resolution,Rapid Resolution के लिए डिजिटल प्राधिकरण,f0ee4c044fcc5a96fe09de7b7eb0618575cb6e84f5b435b702e0290b2219a6fe,432b169d81d7aa31d83077f113d60dfeee3034cadba46264025b815254239599,draft,,,,
hi,intake.consent.scope,legal-adjacent,"I authorize Fabsy and its agents, where permitted, to request, receive and review disclosure; use the Traffic Tickets Digital Service; communicate with the court, prosecutor and relevant government offices; prepare and submit a fact-specific prosecutor-review request based on my instructions and record; and explain any Crown response, charge, fine and demerit consequences.","मैं Fabsy और उसके एजेंटों को, जहाँ अनुमति हो, डिस्क्लोज़र माँगने, पाने और समीक्षा करने; Traffic Tickets Digital Service का उपयोग करने; अदालत, अभियोजक और संबंधित सरकारी कार्यालयों से संवाद करने; मेरे निर्देश और रिकॉर्ड के आधार पर तथ्य-विशिष्ट अभियोजक समीक्षा अनुरोध तैयार और जमा करने; तथा अभियोजन पक्ष के जवाब, आरोप, जुर्माने और डिमेरिट प्रभावों को समझाने का अधिकार देता/देती हूँ।",1202c0fd0ddb5b3ac55f7276c4ffeb1108e8c78b5a8588ee8e826204b6e988ae,dade4c65dc274ec5c764843b38e188bbcc752f537ab9549d42ce617601dd23c0,draft,,,,
hi,intake.consent.approval,legal-adjacent,Fabsy may take a final resolution step only after my express case-specific instruction. This authorization does not permit automatic acceptance of a Crown offer or a guilty plea.,Fabsy अंतिम निपटारे का कदम केवल इस मामले के लिए मेरे स्पष्ट निर्देश के बाद ले सकती है। यह प्राधिकरण अभियोजन पक्ष का प्रस्ताव अपने-आप स्वीकार करने या दोष स्वीकार करने की दलील दर्ज करने की अनुमति नहीं देता।,2ecf63ee79415741a6a57dbc262dcb9392f63c4c92a13288d4e540edca0d8c70,13ce3f5ff7d5ba983051d5a082aca1d81b6836a801f358087afde3ff7770cad2,draft,,,,
hi,intake.consent.exclusions,legal-adjacent,"Contested trials, appeals, reopenings, Immediate Roadside Sanctions and Notices of Administrative Penalty are excluded. Trial work requires a separate agreement and fee. A prescribed Government of Alberta consent form may also be required.","विवादित ट्रायल, अपील, मामलों को दोबारा खोलना, Immediate Roadside Sanctions और Notices of Administrative Penalty शामिल नहीं हैं। ट्रायल के काम के लिए अलग समझौता और शुल्क आवश्यक है। अल्बर्टा सरकार का निर्धारित सहमति फॉर्म भी आवश्यक हो सकता है।",38fc50f62258406a9979f9f8bcfa3ce35117a6528468eb275b8547c7da5b2432,06b8407eab2c730ffdcfb555daf10d1a7d512b6826737380c12708025c0d8341,draft,,,,
hi,intake.consent.fee,legal-adjacent,"I voluntarily retain Fabsy for the limited pre-trial service at {{price}} CAD plus applicable GST. Government fines and excluded work are separate. I understand the scope, the 48-hour condition and that no result is promised.","मैं अपनी इच्छा से Fabsy की सीमित ट्रायल-पूर्व सेवा {{price}} CAD और लागू GST अतिरिक्त पर लेता/लेती हूँ। सरकारी जुर्माने और बाहर रखा गया काम अलग हैं। मैं दायरा, 48 घंटे की शर्त और किसी परिणाम का वादा न होना समझता/समझती हूँ।",fec627441a81201a3cb16c94ef7afd437001637e227ff1aa652ce85589633020,61699f156c8856dd3d9dce763fb8d76538e04b6f38fb6e69f4fd01f03f8d1c2e,draft,,,,
hi,intake.consent.data,legal-adjacent,"I consent to collection and processing of my information to deliver the service, technology-assisted document extraction and analysis with qualified review, secure record storage, communications about my case by email, phone and text and necessary sharing with courts and authorities. I will provide accurate, complete information. I may request access or withdraw data consent by contacting privacy@fabsy.ca.","मैं सेवा के लिए अपनी जानकारी के संग्रह और प्रसंस्करण, योग्य समीक्षा के साथ तकनीक-सहायक दस्तावेज़ निष्कर्षण और विश्लेषण, सुरक्षित रिकॉर्ड भंडारण, मेरे मामले के बारे में ईमेल, फोन और टेक्स्ट संदेशों के माध्यम से संवाद और अदालतों व अधिकारियों के साथ आवश्यक जानकारी साझा करने के लिए सहमति देता/देती हूँ। मैं सही और पूरी जानकारी दूँगा/दूँगी। privacy@fabsy.ca पर संपर्क करके मैं जानकारी तक पहुँच माँग सकता/सकती हूँ या डेटा संबंधी सहमति वापस ले सकता/सकती हूँ।",b2dbaeecfd372235b431fbdf407bb74f7b72b4e3c70a282e7b27bdee4a23850e,c3ff6351365cbc9f3853d9249b4b9a3eb54c0da5dbfdbd02da0262dfc11a18f3,draft,,,,
hi,intake.consent.withdrawal,legal-adjacent,I may withdraw this authorization by written notice. Otherwise it remains valid until the matter is resolved or withdrawn. Withdrawal does not automatically cancel fees for work already performed.,मैं लिखित सूचना देकर यह प्राधिकरण वापस ले सकता/सकती हूँ। अन्यथा यह मामला निपटने या वापस लिए जाने तक मान्य रहता है। प्राधिकरण वापस लेने से पहले किए गए काम का शुल्क अपने-आप रद्द नहीं होता।,cc52b38b01e587d99204841cb457093134e48e9c800a46ef7f7f81cb8eb4b69c,ad2d48d182f9a5403594d67693d3ccf984728783605e0f6408ed12025fb6259e,draft,,,,
hi,intake.consent.confirm,legal-adjacent,I am the person named above and am authorized to enter this agreement. I have read and understood this authorization and agree to the limited service. My digital signature has the same legal effect as a handwritten signature.,मैं वही व्यक्ति हूँ जिसका नाम ऊपर दिया गया है। मुझे यह समझौता करने का अधिकार है। मैंने यह प्राधिकरण पढ़ा और समझा है और सीमित सेवा से सहमत हूँ। मेरे डिजिटल हस्ताक्षर का कानूनी प्रभाव हस्तलिखित हस्ताक्षर जैसा ही है।,2a3806e043e60b690bd438ad4068c0d0878a5a78d6adcfaa5384f489ee565f80,50bc0236bcd46f7c207eb810344e256828e3a537f8910388cde6edf10a5d3577,draft,,,,
hi,intake.review.title,language-and-usability,Review your details,अपनी जानकारी जाँचें,66b425144eb3f3dab95d612792e47d5b26a6a20366e4dd6be73424d791e9849d,345621a76188ea3478e06b5a6fe1cdc7f6a12aebac1022bd906b7f830ab2bd81,draft,,,,
hi,intake.review.description,language-and-usability,"Check your ticket, contact information and authorization before continuing to secure payment.","सुरक्षित भुगतान के लिए आगे बढ़ने से पहले अपना टिकट, संपर्क जानकारी और प्राधिकरण जाँचें।",9a4027e80e369feef378021b2ba9d493756a50d169641ad3836a949510e9e56f,bac2228fe909c0560b4516a570e3907462b1325b68fd7b5d0a5f3779f56ce3fe,draft,,,,
hi,intake.review.edit,language-and-usability,Edit details,जानकारी बदलें,fd9c61ac500e51185a5844b7f373df989d56c8e19246f3a34700aadc853e93b2,463568b16fca08de0f013ff67a849de85876e6163200cf92ffb0250c992f3f5e,draft,,,,
hi,intake.review.languageNote,legal-adjacent,"Your original written account must be kept with any English translation for review. Do not change names, dates or ticket numbers when translating.","समीक्षा के लिए आपका मूल लिखित बयान किसी भी अंग्रेज़ी अनुवाद के साथ सुरक्षित रखा जाना चाहिए। अनुवाद करते समय नाम, तारीखें या टिकट नंबर न बदलें।",0231f65bd7e507dac8cfbb533f22f69707b4d657a38fd94bd70627b954bf5939,53f60e70359d4f059ad843d6155dd92dd1fb66d115e0e00648d22bd279973e19,draft,,,,
hi,intake.scanTicket,language-and-usability,Read details from the ticket,टिकट से जानकारी पढ़ें,08e18be2fc56346667d4b424e1db8ab3f7fcc079353293a764f79fadd1cb8b57,e3d465d97d3a7ee49f3391a8647896d3ddd7d913f9d2884ed77432e7b836a7c7,draft,,,,
hi,checkout.title,legal-adjacent,Rapid Resolution checkout,Rapid Resolution का भुगतान,5b0cd954ae99a3454cf067a0f42019e539b56c44cb212f8915acb1dfd24a9d34,0b57f01972821e728c6996548bf00ff018a04cc988d04735f37974a31abafabc,draft,,,,
hi,checkout.service,legal-adjacent,Service,सेवा,d677190e0a9990e7d5fa9e4c1bbde44271fb8959c4acb6d43e02ed991128b4bf,fb4ca50ac572ec26c334e05637a8e7c72e5aa2a4fdfdc203b9b6b3970419d39f,draft,,,,
hi,checkout.subtotal,legal-adjacent,Subtotal,उप-योग,8c0f2cb34079ede4634166168f5a77303f49b9dd7f60607ba9c8793cc397c0b7,081e78e405239582f43e6b60844a8e78aa8346afc4ee1deeda578989c17569f3,draft,,,,
hi,checkout.gst,legal-adjacent,Applicable GST,लागू GST,e30a5f8704c94d87e904ca56c807ae07b4e2dcb7568546d6aee87b1ee9f5bf9e,950448ae9ded33be98e5b361a391a7729f07a8570a5e63648caa51f07bfc76ac,draft,,,,
hi,checkout.total,legal-adjacent,Total,कुल,c9b3c38247f744e17dd26fda097d6a9ba9332586b6bdaa038bf8f313a863f2b8,b54378b361a0a616e885e5b32acf2574347bb0301188990c450236b80b722817,draft,,,,
hi,checkout.pay,legal-adjacent,Continue to secure payment,सुरक्षित भुगतान की ओर बढ़ें,3be16c5137c2af58aeba28345f78f3591d20bf1cf14759682e034ed61b0a3c11,514c899016614d656093bb97a24bbe0225af9a3a627ccb38d649e28cb221b4e0,draft,,,,
hi,checkout.processing,legal-adjacent,Opening secure checkout…,सुरक्षित भुगतान पृष्ठ खुल रहा है…,8d15b0fbf84af9300248813d13bff12a4b9239d3f577b80c4d877737f630caa3,95bd7ae8e11c9fb4904f212cc211a8d2a10a113cbcb0419b690ddd86530581ab,draft,,,,
hi,checkout.paymentFailed,legal-adjacent,Secure checkout is unavailable. Please try again.,सुरक्षित भुगतान अभी उपलब्ध नहीं है। दोबारा कोशिश करें।,8927b21e3b94e4e0877f8ede511182519d310e359a7e8cb41f808b53fe9e4b0e,1c5dc9cfeb54e682b2d1e39aced5e4ebf0845e20f023d778a03a2c942a1d4dff,draft,,,,
hi,checkout.scope,legal-adjacent,"{{price}} CAD plus applicable GST for eligible pre-trial matters. The full subtotal and tax are shown by Stripe before payment. Fines, trial representation and excluded services are separate.","योग्य ट्रायल-पूर्व मामलों के लिए {{price}} CAD और लागू GST अतिरिक्त। Stripe भुगतान से पहले पूरा उप-योग और कर दिखाता है। जुर्माने, ट्रायल में प्रतिनिधित्व और बाहर रखी गई सेवाएँ अलग हैं।",f530b81a65b98750914aabacb427b0f8df9fef72e02f7d0590fad1298e2c7bca,0b465e15d6b11e03fec0b88ab0b2840f4f61a8feb0d40af68fd31e8ea1143cc9,draft,,,,
hi,checkout.termsAcceptance,legal-adjacent,"I have read and agree to the English Terms of Purchase, Terms of Service and Privacy Policy. The English terms control. Payment does not authorize automatic acceptance of an offer.","मैंने अंग्रेज़ी खरीद की शर्तें, सेवा की शर्तें और गोपनीयता नीति पढ़ी हैं और उनसे सहमत हूँ। अंग्रेज़ी शर्तें मान्य होंगी। भुगतान किसी प्रस्ताव को अपने-आप स्वीकार करने का अधिकार नहीं देता।",5461e54162c8fe969787fb762a8e7e98b878ee77a7255edea8f1f89c56fde771,4fdc97eea5aa08a267da7b31713284150d5c04ec2b19dcff85c2772b3ea328af,draft,,,,
hi,terms.metaTitle,legal-adjacent,Terms of Service | Fabsy,सेवा की शर्तें | Fabsy,fad1699d34bbc659429acd94d1df3e0c1eba156eba6861e97f6115f3fc038dfe,fb2029846fd16382be3a0cea70498aff8637d77b4ae796fbf3476fbed2d9a526,draft,,,,
hi,terms.title,legal-adjacent,Terms of Service,सेवा की शर्तें,4afa55bf7aec7ddc5dfb904271f881be278e7629ce258675bf4b62f460017abb,2b53e6ee95fe4a44655e19bba49ab98eb5e2c40f3afc80b96a0ce77dd41a29ec,draft,,,,
hi,terms.intro,legal-adjacent,Read these terms with the English Terms of Service before authorizing or purchasing a service. This localized presentation follows the current English service terms; it does not create a different service agreement.,किसी सेवा का अधिकार देने या खरीदने से पहले ये शर्तें अंग्रेज़ी सेवा की शर्तों के साथ पढ़ें। यह अनुवादित प्रस्तुति मौजूदा अंग्रेज़ी शर्तों के अनुसार है; इससे कोई अलग सेवा समझौता नहीं बनता।,8dba9f80c3d7715d0a05b31263525d129195fe3d72e286fd88f9cb4d70cdc16c,b0bc1e50a13b3ddcb9f1ce9a1c132d2384700c9c65f0e438c27a009fda597188,draft,,,,
hi,terms.englishControls,legal-adjacent,The English Terms of Service control if a translation differs. Statutory rights are not limited. Ask for clarification before consenting if you do not understand a term.,अनुवाद में अंतर होने पर अंग्रेज़ी सेवा की शर्तें मान्य होंगी। वैधानिक अधिकार सीमित नहीं होते। कोई शर्त समझ न आए तो सहमति देने से पहले स्पष्टीकरण माँगें।,b286dd322f20f189149053c4a0f1032e504650e268579d00ad73c2aec53bb49f,e40664ee83eef5ed83435291be2780a200f111139545ec536e6c7a4548c2788d,draft,,,,
hi,terms.sections.service.title,legal-adjacent,1. Service description,1. सेवा का विवरण,ae3ed7912bd66abcfd3935478a3cab544ac3b36ec23ed770c329de1cb09629a5,70df98eda3a36fbabd1f6129c2627c376f07bb9ceaa7ddf682e33306de346eda,draft,,,,
hi,terms.sections.service.body,legal-adjacent,"Fabsy Traffic Ticket Services is an Alberta traffic ticket agent service, not a law firm. Paid services are Rapid Resolution for eligible pre-trial matters and the Insurance Impact & Renewal Planning Report. Work may include secure intake, eligibility and deadline review, digital authorization, disclosure requests and tracking, technology-assisted analysis with qualified review, authorized fact-specific prosecutor-review submissions, file notifications, Crown-response explanations and client-directed decisions. Optional reports use client records and approved public sources. Contested trials, appeals, reopenings, Immediate Roadside Sanctions, Notices of Administrative Penalty, government fines and work outside the permitted scope are excluded from Rapid Resolution.","Fabsy Traffic Ticket Services अल्बर्टा में ट्रैफ़िक टिकट एजेंट सेवा है, लॉ फर्म नहीं। सशुल्क सेवाएँ योग्य ट्रायल-पूर्व मामलों के लिए Rapid Resolution और Insurance Impact & Renewal Planning Report हैं। काम में सुरक्षित जानकारी लेना, पात्रता और समय-सीमा की समीक्षा, डिजिटल प्राधिकरण, डिस्क्लोज़र अनुरोध और निगरानी, तकनीक-सहायक विश्लेषण और योग्य समीक्षा, अधिकृत तथ्य-आधारित अभियोजक समीक्षा आवेदन, फ़ाइल सूचनाएँ, अभियोजन पक्ष के जवाब की व्याख्या और ग्राहक के निर्देश पर निर्णय शामिल हो सकते हैं। वैकल्पिक रिपोर्ट ग्राहक के रिकॉर्ड और स्वीकृत सार्वजनिक स्रोतों का उपयोग करती हैं। विवादित ट्रायल, अपील, मामलों को दोबारा खोलना, Immediate Roadside Sanctions, Notices of Administrative Penalty, सरकारी जुर्माने और अनुमत दायरे से बाहर का काम Rapid Resolution में शामिल नहीं हैं।",80ab55d9fbbf0db6e47a90d9444fca1f0c50516895253436134648ee08c772f4,8397b3a71034f94c874069d6b70841e572361e7296e9441dfdf078eb6f606a3c,draft,,,,
hi,terms.sections.practice.title,legal-adjacent,2. Limits on agent practice,2. एजेंट सेवा की सीमाएँ,fa582796c619d20d79641252ea3b07bfc08ceaa6b2467852e6b806214e918573,005b8f86955fd69b466af50751a6de181618bf415288c286bc215aaae5289a58,draft,,,,
hi,terms.sections.practice.body,legal-adjacent,"Fabsy representatives do not provide legal advice or practise law, identify themselves as lawyers or Fabsy as a law firm, accept matters outside the permitted agent scope, or promise particular results.","Fabsy के प्रतिनिधि कानूनी सलाह नहीं देते या वकालत नहीं करते, खुद को वकील या Fabsy को लॉ फर्म नहीं बताते, अनुमत एजेंट दायरे से बाहर के मामले नहीं लेते और विशेष परिणामों का वादा नहीं करते।",b6e38db74c36fb335b4c8ea7f1cc691f97ce59392b9581cad985f344fb8fbb86,53472b4023035e696368fb632a493c36515e79844a5acc28f1dcadd75e0b1b32,draft,,,,
hi,terms.sections.eligibility.title,legal-adjacent,3. Service availability,3. सेवा की उपलब्धता,3aaff24cf37b03e9b1dc2f8ec04b3413135432ba2cf9c775ec72cb9db9f58d69,06b80f4d7364b5d09deef6419eb322c4cb73423447b0a6a3245f2b80f018c42a,draft,,,,
hi,terms.sections.eligibility.body,legal-adjacent,"Availability depends on the charge, procedure, deadline, court location, portal requirements and whether paid agent services are permitted and accepted by Fabsy. Matters outside the scope may be declined or referred elsewhere.","उपलब्धता आरोप, प्रक्रिया, समय-सीमा, अदालत के स्थान, पोर्टल की आवश्यकताओं और इस बात पर निर्भर करती है कि सशुल्क एजेंट सेवाओं की अनुमति है और Fabsy उन्हें स्वीकार करती है। दायरे से बाहर के मामले अस्वीकार किए या अन्य सेवा प्रदाता को भेजे जा सकते हैं।",2914e62aec1e16a541a60bf76d9dd7c6efbd2e57707b20f23ac58a2cc7a6325c,893120b43e983c9d7e31f3c7cdaea6b7c862465e45c14462d2ee8536723fc72c,draft,,,,
hi,terms.sections.pricing.title,legal-adjacent,4. Pricing,4. कीमतें,decbdb9ba4c99187050551e881142e6412c1f397d37d7b9e0ba0bf238f89eea0,a6794896f6bc9e3add76573d8b8997ffec1d46ee7c8fcd3fe73652704823970c,draft,,,,
hi,terms.sections.pricing.body,legal-adjacent,"Rapid Resolution costs {{price}} CAD plus applicable GST for eligible Alberta pre-trial matters. The standalone Insurance Impact & Renewal Planning Report costs {{reportPrice}} CAD plus applicable GST. Both together cost {{bundlePrice}} CAD plus applicable GST. Trial representation, government fines and out-of-scope matters are separate.","अल्बर्टा के योग्य ट्रायल-पूर्व मामलों के लिए Rapid Resolution की कीमत {{price}} CAD और लागू GST अतिरिक्त है। अलग Insurance Impact & Renewal Planning Report की कीमत {{reportPrice}} CAD और लागू GST अतिरिक्त है। दोनों साथ में {{bundlePrice}} CAD और लागू GST अतिरिक्त हैं। ट्रायल में प्रतिनिधित्व, सरकारी जुर्माने और दायरे से बाहर के मामले अलग हैं।",f70805a5b0df5f030bf3eb4ceb75e75085744ec4d324a45a9081bd70a049f0ae,36bc7e29953f4ec03d85591d7d4de2f296f4a250a65859f1dcd90651a2dfc9b3,draft,,,,
hi,terms.sections.payment.title,legal-adjacent,5. Fees and payment,5. शुल्क और भुगतान,2e694810eb6779267f5f5d9f81c1cded58ff093dd93867c944bb808f3538048c,dab738023821f0bee3b3d96828e0771a21e3b6c2777e05004f704be2a6d1910d,draft,,,,
hi,terms.sections.payment.body,legal-adjacent,"All fees are in Canadian dollars. Court costs, fines and other charges beyond Fabsy's control remain your responsibility. The complete subtotal and tax are displayed before payment through Stripe.","सभी शुल्क कैनेडियन डॉलर में हैं। अदालत के खर्च, जुर्माने और Fabsy के नियंत्रण से बाहर अन्य शुल्क आपकी ज़िम्मेदारी हैं। Stripe के माध्यम से भुगतान से पहले पूरा उप-योग और कर दिखाया जाता है।",f75ef3e968fefa334460fc34ddb9816f00098d02a9efa21e0918a7e61d21f213,f9155f705d498e495e22396b806503e51f21ef90bdd5999388c37dda3efbd640,draft,,,,
hi,terms.sections.rapid.title,legal-adjacent,5A. Rapid Resolution,5A. Rapid Resolution,0fd98907037ef381a36e6a5d851232c335a80d9e035f702c6ed2f3db4f5efe4f,0fd98907037ef381a36e6a5d851232c335a80d9e035f702c6ed2f3db4f5efe4f,draft,,,,
hi,terms.sections.rapid.body,legal-adjacent,"Service starts only after intake, authorization and payment are complete and Fabsy accepts the matter. Where authorized and operationally available, Fabsy requests and reviews disclosure. A disclosure request does not extend a response date, trial date or other deadline. You must monitor every deadline and attend personally if required. The 48-hour commitment begins only when complete, readable disclosure is received and matched to your file; it covers Fabsy's review and preparation or submission of the next authorized action, not Crown response time or final-outcome timing. Fabsy will not accept a Crown offer, enter a guilty plea or finalize a resolution without your case-specific instruction. Trial work requires separate eligibility review, an agreement and a quote.","सेवा केवल जानकारी, प्राधिकरण और भुगतान पूरे होने तथा Fabsy द्वारा मामला स्वीकार करने के बाद शुरू होती है। जहाँ अधिकृत और संचालन की दृष्टि से उपलब्ध हो, Fabsy डिस्क्लोज़र माँगती और उसकी समीक्षा करती है। डिस्क्लोज़र अनुरोध से जवाब की तारीख, ट्रायल की तारीख या अन्य समय-सीमा नहीं बढ़ती। हर समय-सीमा की निगरानी करना और आवश्यकता होने पर खुद उपस्थित होना आपका दायित्व है। 48 घंटे की प्रतिबद्धता केवल पूरा, पढ़ने योग्य डिस्क्लोज़र मिलने और आपकी फ़ाइल से मिलान होने के बाद शुरू होती है; इसमें Fabsy की समीक्षा और अगली अधिकृत कार्रवाई की तैयारी या जमा करना शामिल है, अभियोजन पक्ष के जवाब या अंतिम परिणाम का समय नहीं। Fabsy आपके इस मामले के विशेष निर्देश के बिना अभियोजन पक्ष का प्रस्ताव स्वीकार नहीं करेगी, दोष स्वीकार करने की दलील दर्ज नहीं करेगी और निपटारा अंतिम नहीं करेगी। ट्रायल के काम के लिए अलग पात्रता समीक्षा, समझौता और शुल्क प्रस्ताव आवश्यक हैं।",f2c6952f5978566d6947bb6932b4ea8bd844f6a025c4b89d041253ed1d6663a0,4a7ce66d1a5671eca6e425c41d770f78ae960868d841893ff3893bb391b70d0f,draft,,,,
hi,terms.sections.report.title,legal-adjacent,5B. Insurance planning report,5B. बीमा योजना रिपोर्ट,a5fa3dcaf259d5022a9f09be8ddd8dc8e8b99814128622297afc5ea2cc66f94f,8139ff54e5e9855377488879bc7fe2e832b2a670a5c64221db039f9194e927d7,draft,,,,
hi,terms.sections.report.body,legal-adjacent,"This is a one-time consumer research and planning product. Driver abstracts, broker services, insurer quotes and other third-party records cost extra. You must provide accurate ticket, driving-record, policy, renewal and rating information. Scenarios and ranges use approved public information and supplied records; they are not insurer quotes. Sources and questions are planning aids, not recommendations to buy, cancel, renew or change coverage. Fabsy is not an insurance agent or broker and does not sell, quote or place insurance, contact insurers, submit applications or negotiate renewals. No eligibility, savings or premium result is promised. Insurer-specific advice and quotes must come from a licensed broker or insurer.","यह एक बार का उपभोक्ता अनुसंधान और योजना उत्पाद है। ड्राइवर एब्स्ट्रैक्ट, ब्रोकर सेवा, बीमाकर्ता के कोट और तीसरे पक्ष के अन्य रिकॉर्ड की लागत अलग है। आपको टिकट, ड्राइविंग रिकॉर्ड, पॉलिसी, नवीनीकरण और रेटिंग की सही जानकारी देनी होगी। संभावित स्थितियाँ और अनुमानित सीमाएँ स्वीकृत सार्वजनिक जानकारी और दिए गए रिकॉर्ड पर आधारित हैं; ये बीमाकर्ता के कोट नहीं हैं। स्रोत और सवाल योजना बनाने में मदद के लिए हैं, कवरेज खरीदने, रद्द करने, नवीनीकरण करने या बदलने की सिफारिश नहीं हैं। Fabsy बीमा एजेंट या ब्रोकर नहीं है और बीमा बेचती, कोट देती या करवाती नहीं है; बीमाकर्ताओं से संपर्क, आवेदन जमा या नवीनीकरण पर बातचीत नहीं करती। पात्रता, बचत या प्रीमियम के परिणाम का वादा नहीं है। किसी बीमाकर्ता के बारे में विशिष्ट सलाह और कोट लाइसेंसधारी ब्रोकर या बीमाकर्ता से ही लेना होगा।",594a81baaaf84b8443587307f5e4bcf51f4748ce1fb76bb6d7d806d908e9780f,ffb2d5ba79b36803d4ab720d8b7e0f2a85fe9fa58d653fef0f9e596a50b40870,draft,,,,
hi,terms.sections.responsibilities.title,legal-adjacent,6. Your responsibilities,6. आपकी ज़िम्मेदारियाँ,a3465cface275a56c51638482bc858a30844638adfaa501467c42dc8e9c901ea,ff638504b1d9f5338dd5d0ff66c28bf4908f81721333e3eeab29bcd0e14da74d,draft,,,,
hi,terms.sections.responsibilities.body,legal-adjacent,"Provide accurate and complete ticket information, respond promptly to requests, review every Crown response and give clear instructions before an offer expires, attend court if required, and pay applicable fees and court costs. Fabsy provides agent representation services, not legal advice.","टिकट की सही और पूरी जानकारी दें, अनुरोधों का तुरंत जवाब दें, अभियोजन पक्ष का हर जवाब पढ़ें और प्रस्ताव की अवधि समाप्त होने से पहले स्पष्ट निर्देश दें, आवश्यक होने पर अदालत में उपस्थित हों और लागू शुल्क तथा अदालत के खर्च चुकाएँ। Fabsy एजेंट प्रतिनिधित्व सेवा देती है, कानूनी सलाह नहीं।",5c670d4908bf383d264e559ad85083b77acb4f0171c22bbcbb71570a4032dbb7,e958fecf982e1c7d59fa47b7a5b102704534ca6f73468bd86a58231c6013e5ff,draft,,,,
hi,terms.sections.outcomes.title,legal-adjacent,7. No promised result,7. परिणाम का कोई वादा नहीं,a3a926bab4323511c56c1af9029f0a7c03aff0852d06448a3806c2fdd88f6156,83c8e886a1006fb9bbcab9723fc426c08a0fb65587ea6155e69c73e122ad7dbc,draft,,,,
hi,terms.sections.outcomes.body,legal-adjacent,"Results depend on the charge, evidence, procedure, prosecutor and court. No withdrawal, charge reduction, lower fine, fewer demerits, premium savings, insurer eligibility or other result is promised. The 48-hour commitment is not a promise of an outcome.","परिणाम आरोप, साक्ष्य, प्रक्रिया, अभियोजक और अदालत पर निर्भर करते हैं। आरोप वापस लेने या घटाने, कम जुर्माने, कम डिमेरिट अंकों, प्रीमियम की बचत, बीमे की पात्रता या किसी अन्य परिणाम का वादा नहीं है। 48 घंटे की प्रतिबद्धता परिणाम का वादा नहीं है।",c4eb3442999d61b73836ce50d53a96874dde7746872021f5e9a138535d778233,41bd30bb81437d7d18718aa33de365d6e08e4360fa71008dae4ddbc6971ef76c,draft,,,,
hi,terms.sections.privacy.title,legal-adjacent,8. Confidentiality,8. गोपनीयता,c65a06ec8307b9e7a634470fe15431562a3cadfb965fca6e96fd2092308a62cc,90b6f0901284683a1b8af45bb5e8cbecde1460fdefec5ff028d7c0ebb00a2725,draft,,,,
hi,terms.sections.privacy.body,legal-adjacent,Fabsy protects client information through internal privacy practices and applicable privacy obligations. Information may be disclosed as needed for court proceedings or as required by law.,Fabsy आंतरिक गोपनीयता प्रक्रियाओं और लागू गोपनीयता दायित्वों के माध्यम से ग्राहक की जानकारी की रक्षा करती है। अदालत की कार्यवाही के लिए आवश्यक होने या कानून के अनुसार जानकारी साझा की जा सकती है।,f70937eb9d555f6db5bf5c8f356faca6d09c0ca189efe4ee8aced5ca760e7f82,b3f9232583dc7082373c20542d74f587c502ecd51f6626a2e0b05b78a4651daf,draft,,,,
hi,terms.sections.liability.title,legal-adjacent,9. Limitation of liability,9. देयता की सीमा,9337d08809a90abe4243d51ad27431a14e12bd3832378cd42cdcd3f2cb9c5551,4c22a1f03ade47692c25bf9323274b5c78df7e5c73d6f090bb4e35e57eee21b0,draft,,,,
hi,terms.sections.liability.body,legal-adjacent,"Fabsy's liability is limited to the service fees paid. Fabsy is not liable for indirect, consequential or punitive damages arising from its representation services.","Fabsy की देयता भुगतान किए गए सेवा शुल्क तक सीमित है। अपनी प्रतिनिधित्व सेवाओं से उत्पन्न अप्रत्यक्ष, परिणामी या दंडात्मक क्षतिपूर्ति के लिए Fabsy ज़िम्मेदार नहीं है।",41b9a1f37c6bac5159093868d80a9d250fb2950a35ed24ced8e4737055da371c,649b4cc7bd5aaf78bb95cd6918f2fd2f36df456db3dcd19af84085fb23ee4187,draft,,,,
hi,terms.sections.cancellation.title,legal-adjacent,"10. Cancellation, refunds and termination","10. रद्द करना, रिफंड और समाप्ति",bc6ef9c1a8edfee61854104ab5848935c11bdb650ca79cb0f2b346d1e62c744c,2d0cd9bc07abafe3d29d2c424e75dec3096e33226b8c79f12d5e6c2df1e90fa0,draft,,,,
hi,terms.sections.cancellation.body,legal-adjacent,"Either party may terminate by mutual agreement, for non-payment, failure to provide information or cooperation, or if representation becomes impossible or impractical. Contact Fabsy promptly to request cancellation. Refund eligibility depends on work already performed, third-party charges, checkout disclosures and applicable law. If Fabsy declines an otherwise complete paid matter before substantive work begins, the applicable service fee will be refunded. Statutory cancellation rights are not limited.","दोनों में से कोई भी पक्ष आपसी सहमति से, भुगतान न होने, जानकारी या सहयोग न मिलने, या प्रतिनिधित्व असंभव अथवा अव्यावहारिक होने पर समझौता समाप्त कर सकता है। रद्द करने का अनुरोध करने के लिए Fabsy से तुरंत संपर्क करें। रिफंड की पात्रता पहले किए गए काम, तीसरे पक्ष के शुल्क, भुगतान के समय दिए गए खुलासों और लागू कानून पर निर्भर है। यदि Fabsy वास्तविक काम शुरू होने से पहले ऐसे भुगतान किए गए मामले को अस्वीकार करती है जो अन्यथा पूरा है, तो लागू सेवा शुल्क वापस किया जाएगा। रद्द करने के वैधानिक अधिकार सीमित नहीं होते।",2a41007ad8a3189e647b3129bc2fc8fade10783c76ceff5b9770318a563c4146,b5adfbbace646b9ce13d88ec78f18dca5a5b114a5d5947545f111a2c6c494336,draft,,,,
hi,terms.sections.website.title,legal-adjacent,11. Website use,11. वेबसाइट का उपयोग,704221660aa1bb4a1062b3f7669d42dc25a621cef6f1073d5e8ea4955f74ce60,d40245946a2e900872387fe81e16b93106cb06be7d811a86dd29079eaa758c4b,draft,,,,
hi,terms.sections.website.body,legal-adjacent,"Using the website constitutes acceptance of the terms. Do not use it unlawfully, attempt unauthorized access, interfere with functionality or transmit harmful or malicious code.","वेबसाइट का उपयोग शर्तों की स्वीकृति माना जाता है। इसे गैरकानूनी उद्देश्यों के लिए इस्तेमाल न करें, बिना अनुमति पहुँचने का प्रयास न करें, इसकी कार्यक्षमता में बाधा न डालें और हानिकारक या दुर्भावनापूर्ण कोड न भेजें।",928da5701d6b7a8903c3fb02a483f8b5bb098367440619eec7d5a53fced17396,12516ceac13102511d2159f5509794087ea06c4a3a1d7472d896911daefa78d1,draft,,,,
hi,terms.sections.law.title,legal-adjacent,12. Governing law,12. लागू कानून,170a2ace2b0a2b6551dc1f2bcebf316b07764b2032ceb53dd926df55b24faab5,53ad00f136a0781358944b7142d4e6ba5cff434f2519342dd97f19dfe0558184,draft,,,,
hi,terms.sections.law.body,legal-adjacent,"The terms are governed by the laws of Alberta, Canada. Disputes are subject to the jurisdiction of Alberta courts.","ये शर्तें अल्बर्टा, कनाडा के कानूनों के अधीन हैं। विवाद अल्बर्टा की अदालतों के अधिकार क्षेत्र में होंगे।",c4a83ac8eac414943386132c511049cbf5ef7b55a777011e0645d03c5ea1f123,2b913dabedd5fa290614320e8dd7e9d26724bdcbf0714c83d6c274002d6ea721,draft,,,,
hi,terms.sections.changes.title,legal-adjacent,13. Changes to terms,13. शर्तों में बदलाव,468441d305c9aafa292d779084cc5f0f142c0d248f6e750fa5c15f25f6dacce5,5320fa5e3e528d29dc229adf33534a3513cf761240640d84d695b71e858d0fcb,draft,,,,
hi,terms.sections.changes.body,legal-adjacent,Fabsy may modify the terms. Changes are posted on the English terms page with an updated revision date. Continued use of services after changes constitutes acceptance of the modified terms.,Fabsy शर्तें बदल सकती है। बदलाव अंग्रेज़ी शर्तों के पृष्ठ पर अद्यतन संशोधन तारीख के साथ प्रकाशित किए जाते हैं। बदलाव के बाद सेवाओं का उपयोग जारी रखना संशोधित शर्तों की स्वीकृति माना जाता है।,014eeae0c6a1769b52acf304f1198e4f24fd16847dd609b4ebb52c2a7b7605f5,0a6752b4bbfb8058c7cbcc80ab1ca10285107d65c4979e358a649b40a1e4f759,draft,,,,
hi,terms.sections.contact.title,legal-adjacent,14. Contact,14. संपर्क,d0a4f85743f6462c7faedd5114f5f5b3c1b9cd3a2c2b5d478721b7443b96debc,b457736d86cfb04da1298b07442ab4751ae348e0be26aaea545c7a58559e6b17,draft,,,,
hi,terms.sections.contact.body,legal-adjacent,"For questions, contact Fabsy Traffic Ticket Services at {{email}} or (825) 793-2279. Service area: Alberta.",सवालों के लिए Fabsy Traffic Ticket Services से {{email}} या (825) 793-2279 पर संपर्क करें। सेवा क्षेत्र: अल्बर्टा।,cfc287b18c0ec870f57711adf094062adc5d1a2e45daaa4646b30b15dd95486a,8a5d169bbf8b9f3a732a0e043dbe55f3e0057d25f797c22a8f181e04c2d87746,draft,,,,
hi,notifications.received.subject,legal-adjacent,Fabsy: ticket details received,Fabsy: टिकट की जानकारी मिल गई है,d1e61d9125361379189ac73db81b8c8637dc287b96a84cef35e0dbee15a7937c,622f389bc104f60a8051cdcf24dd1f065866385e5827b500bae80af37e8aaf03,draft,,,,
hi,notifications.received.body,legal-adjacent,"Hello {{name}}, we received the details for file {{reference}}. Receipt does not mean your matter has been accepted or a deadline extended. View your file: {{url}}","नमस्ते {{name}}, हमें फ़ाइल {{reference}} की जानकारी मिल गई है। जानकारी मिलने का अर्थ मामला स्वीकार होना या समय-सीमा बढ़ना नहीं है। अपनी फ़ाइल देखें: {{url}}",b872aa6a6a63a2e2562d8634d090efca4922b020bee14bb1d813153d1c5d7812,14e63317bb406b8fac7dbc0aa7abca90b82d7d1a3f435021de94f24a0a18228b,draft,,,,
hi,notifications.disclosure.subject,legal-adjacent,Fabsy: disclosure received,Fabsy: डिस्क्लोज़र मिल गया है,0d74f55c02db02cf394be0ac2f96c4d64b7c81aedb7cec0f3e61e0e76e82406a,003cb45d7065718e9fa3d872de7ba3e267352aad00091db7a5c7f5b3791e3f9f,draft,,,,
hi,notifications.disclosure.body,legal-adjacent,"Hello {{name}}, disclosure has arrived for file {{reference}}. The 48-hour review and action commitment starts only after the disclosure is confirmed complete, readable and matched to your file. View the update: {{url}}","नमस्ते {{name}}, फ़ाइल {{reference}} का डिस्क्लोज़र मिल गया है। 48 घंटे की समीक्षा और कार्रवाई की प्रतिबद्धता केवल डिस्क्लोज़र के पूरा, पढ़ने योग्य और आपकी फ़ाइल से मेल खाने की पुष्टि के बाद शुरू होती है। अपडेट देखें: {{url}}",3b3d647e2d22b86f50edb38c70bf0ee0689babe69d3c20cd37f506e5c5233841,fbd2daa88ef2a0fe188649db86be0daa8b0e0e546972318467e736b6c021e75c,draft,,,,
hi,notifications.update.subject,legal-adjacent,Fabsy: an update to your file,Fabsy: आपकी फ़ाइल में अपडेट,3673fe8c12c7e8d8e77aef08c7c59abec0f0b5600fca4b10623f49442fc1a59f,90b6a9195f4bf91d333a42aed5fe32cea49b51d90177a847265b2ad49e44b0c8,draft,,,,
hi,notifications.update.body,legal-adjacent,"Hello {{name}}, there is an update to file {{reference}}. Read the details and any deadlines in your secure file: {{url}}","नमस्ते {{name}}, फ़ाइल {{reference}} में एक अपडेट है। अपनी सुरक्षित फ़ाइल में विवरण और सभी समय-सीमाएँ पढ़ें: {{url}}",15cb5857455619a78dc88a517393125ad559f35d89dac9c3d06ae2bdc31245e9,f858f7857869bc49a7128705e0bf16e0445d4868644f451059008f2108d27924,draft,,,,
hi,notifications.decision.subject,legal-adjacent,Fabsy: your instruction is needed,Fabsy: आपके निर्देश की आवश्यकता है,3c7032fd8ec5a47d589abb3b6258ce4ced40f8f77df62807b772f4ba697c2ba6,ba374fe46e70548cb20e6711e6acb8736c6b3f93cbb3de36fd10d5deb0827404,draft,,,,
hi,notifications.decision.body,legal-adjacent,"Hello {{name}}, a response is available for file {{reference}}. Review the proposal and any expiry date, then give your case-specific instruction. Fabsy will not accept an offer automatically. Review: {{url}}","नमस्ते {{name}}, फ़ाइल {{reference}} के लिए जवाब उपलब्ध है। प्रस्ताव और उसकी समाप्ति तारीख पढ़ें, फिर इस मामले के लिए विशेष निर्देश दें। Fabsy कोई प्रस्ताव अपने-आप स्वीकार नहीं करेगी। समीक्षा करें: {{url}}",1b59661ccdfbb79e3feab0824b27b9ec6e28147eea1ea6ab63784cbc049663cf,76bf62b383d15fa732dd5104ff40a51ec56859cd32a71a80fe1d70aef19d0bc3,draft,,,,
hi,notifications.payment.subject,legal-adjacent,Fabsy: payment received,Fabsy: भुगतान मिल गया है,3eaabf16bcdf502b132e6f4e2d4d7f8829c993f4866b4d68950bf3ce40e6338a,0044d91aa68c352e0450432e8c525c97044b8c1f2fe77a6b63e7e18c5d8f85dc,draft,,,,
hi,notifications.payment.body,legal-adjacent,"Hello {{name}}, payment of {{total}} CAD was received for file {{reference}}. Payment does not promise an outcome or extend a deadline. View your receipt and next steps: {{url}}","नमस्ते {{name}}, फ़ाइल {{reference}} के लिए {{total}} CAD का भुगतान मिल गया है। भुगतान किसी परिणाम का वादा नहीं करता और समय-सीमा नहीं बढ़ाता। रसीद और अगले कदम देखें: {{url}}",12929594db3e2f51d259ac2172dce3e7a07f060b06899c886bcbf1ae906d81b5,fc14d6d48a37809008e1ef124a6a60f3fa22f13d03a3771de60588be2c2c106f,draft,,,,
hi,notifications.disclaimer,legal-adjacent,"Fabsy is a traffic ticket agent service, not a law firm. The English service terms control. Do not send payment-card details by email or text.","Fabsy ट्रैफ़िक टिकट एजेंट सेवा है, लॉ फर्म नहीं। अंग्रेज़ी सेवा की शर्तें मान्य होंगी। भुगतान कार्ड की जानकारी ईमेल या टेक्स्ट से न भेजें।",d8eddbce3a3f38a99165544f5ac0723f7e52781be28721113bbe7a461331aba8,15dde483e27b9932a5926029e2025d0a2bedcd3d66f279609d0bf4c13b841b57,draft,,,,
es,nav.home,language-and-usability,Home,Inicio,3a78695388b38b5cceefaf6796b0137877514593543b91af2752d5a17e3d736c,58fcc9468fe1f60716a71caef50fce70a6d2d46f7a2c0d0f45f1f76dc7779625,draft,,,,
es,nav.rapid,language-and-usability,Rapid Resolution,Rapid Resolution,b187f5b3ecddd0a9de94688e0f3df7ba1699c3912b8450524631dea23e33887e,b187f5b3ecddd0a9de94688e0f3df7ba1699c3912b8450524631dea23e33887e,draft,,,,
es,nav.howItWorks,language-and-usability,How it works,Cómo funciona,9c870aa6e5e93270170d5a81277ad3e623afe8d4efd186d3e28f3d2b646d52e6,7229dd01bd789d8d7a5d61949ade19536cc3006f25c13adbabdd2fc6c940acce,draft,,,,
es,nav.faq,language-and-usability,FAQ,Preguntas frecuentes,dbc468a14b601d5d9240aeb72b9fcd2f8aed2f4e30932876edf8d16ec313846b,a3f351ce05807683563d43891b3e9d1d0c8ca20b647ad50ade5240f8d458b1c6,draft,,,,
es,nav.contact,language-and-usability,Contact,Contacto,2b5c3d26721ae9c350cf3009318b626f0fc8a90b4a2ac0ca8099c05aa849282e,771b96b0812dd393ffeac789c2b8da1b78c20530a7365dd8181b1e3580db063f,draft,,,,
es,nav.terms,language-and-usability,Terms of Service,Condiciones del servicio,4afa55bf7aec7ddc5dfb904271f881be278e7629ce258675bf4b62f460017abb,7eeb6a147462a446b2126f400a108ef9f818379db91deffd854adcceb60dde2d,draft,,,,
es,nav.start,language-and-usability,Start with your ticket,Empieza con tu infracción,2c56895797789029dd67000776843b675c64f2a21d8d7feeeb49189266d6df43,9fa364d94f7ad6066e922ad4902df2146721809ca53afd180fbbd5307bdcaf6b,draft,,,,
es,nav.menu,language-and-usability,Open navigation,Abrir navegación,0ed77fd2619ba8ab3e1cce72c8e61d887d551ca1220164b88ab1aa66bba7177d,3b1e8affeb8721066f326f6c1f56bc773cac928bd539749c4f0aaa08138937a4,draft,,,,
es,common.brand,language-and-usability,Fabsy,Fabsy,1e32a2d78338c8f9aee12cf16a9075ef30f914394bae9f2817d8e8b5cd768837,1e32a2d78338c8f9aee12cf16a9075ef30f914394bae9f2817d8e8b5cd768837,draft,,,,
es,common.serviceName,language-and-usability,Rapid Resolution,Rapid Resolution,b187f5b3ecddd0a9de94688e0f3df7ba1699c3912b8450524631dea23e33887e,b187f5b3ecddd0a9de94688e0f3df7ba1699c3912b8450524631dea23e33887e,draft,,,,
es,common.back,language-and-usability,Back,Atrás,76900f1bfd16c8d4dd3d25e6f46638d7165aee23883ccea6bfe071c514421769,f9618693ab0e05f9bd60a900dbf997964c56e815b35b7278b6afc4c372aea511,draft,,,,
es,common.next,language-and-usability,Continue,Continuar,31fbef162594de01bab0cd525c51f74de7bcb15063029fa1a54b2cf5944c80d8,63e2bbaf1c924391bad24220f9b09f898e1dd6e96af1899449193886c642e496,draft,,,,
es,common.close,language-and-usability,Close,Cerrar,7d9eb7acb13e24625c404401d8e88b2350e32162455885f18276cf802f7701ed,aeccae342e4bd0a70ded84675569da91c5efb3894e35929cafd851cda763a6aa,draft,,,,
es,common.loading,language-and-usability,Loading…,Cargando…,ba3bbbe10d8bef66441c88536ce7b8e724e2829b59a3da658654f4961cd61ae5,205443ee88568e8c8320035b2a829e1c1862a66aafbf4f9e940f6278e190187c,draft,,,,
es,common.yes,language-and-usability,Yes,Sí,85a39ab345d672ff8ca9b9c6876f3adcacf45ee7c1e2dbd2408fd338bd55e07e,739215889580345e7630a71acd2863cd8ffd6db4bca79a39d1a276b8b3bcec6a,draft,,,,
es,common.no,language-and-usability,No,No,1ea442a134b2a184bd5d40104401f2a37fbc09ccf3f4bc9da161c6099be3691d,1ea442a134b2a184bd5d40104401f2a37fbc09ccf3f4bc9da161c6099be3691d,draft,,,,
es,common.optional,language-and-usability,Optional,Opcional,59be71333c960fd08e7e4fe9862206d9355f0a9884121a5b50ef8b36efdfe4cf,a6e63474985fa1909ca3889c9d0f3e3ffa43fa08e424c3aa4ba4b9ec12d5a53f,draft,,,,
es,common.required,language-and-usability,Required,Obligatorio,4850b174b713d88cfc63de107830d5388929020e78abc91fc19bba7a6821625f,0304bdb3a0d93208c4cde9a2ff937ca789f2a9f4c03e3556436129acb45a792a,draft,,,,
es,common.english,language-and-usability,English,Inglés,ba118bf7fc9c1aedc1edb28a0aa86e0b43b681f222af6616e13c43be87815b06,48b09788c72372202a30ed764b7a4fe4e279430251522f7a03d1f120f93d519b,draft,,,,
es,common.priceLine,legal-adjacent,{{price}} CAD plus applicable GST,{{price}} CAD más el GST aplicable,944ee0c680a2fab96ebfad0f8002d76974d5e8a314ab34fc3d459516f936e422,7cf92677162348a2352b07f6fd3144b89b17f2b29c31874fb12611db7b6d944f,draft,,,,
es,common.notLawFirm,legal-adjacent,"Fabsy is a traffic ticket agent service, not a law firm. We do not provide legal advice.",Fabsy ofrece representación mediante agentes para infracciones de tránsito; no es un despacho de abogados. No brindamos asesoría jurídica.,0038e2676c3303c1e1680137d0ae376f010b28637f0c3ab1fda6c269fface64f,bc157d38d979ea14dcb46dd56ca808f8ac5ad1536cb58bcca50b0c395e3a5beb,draft,,,,
es,common.noOutcomePromise,legal-adjacent,"No withdrawal, reduction, lower fine, fewer demerits or insurance result is promised.","No se promete retirar o reducir el cargo, bajar la multa, disminuir los puntos de penalización ni obtener ningún resultado en el seguro.",bbdc59a6e89ef90092c7f36df4ddc513b1892ead98e5c5cf630f5affbd905b28,7cf6e7750405f6947a25e3cacdd766485090d59e210de6c504741cf5d8c1b849,draft,,,,
es,common.noSuccessFee,legal-adjacent,One flat service fee. No percentage-based success fee.,Una tarifa fija por el servicio. Sin honorarios de éxito calculados como porcentaje.,fad1ff1a6d818abbee8094929d2561b28b1dc184f1af5d913b80fda3984342bf,4ded70d627aeb983824f4acc7c8097d3a72f440a73e99a0ec9cb5e4e3d2e0ff3,draft,,,,
es,common.clientDecision,legal-adjacent,You direct whether to accept any proposed resolution. Nothing is accepted automatically.,Tú indicas si se acepta alguna resolución propuesta. Nada se acepta automáticamente.,a2032b3ed93526db2ceabe8ba7e1aaf23a454430a59c140a7a83a87dbb2ff226,949b3a7c85b6e5df62ebd96b6f3a6b44fc4a2c3380c085d2e612e0ddf5e9fd86,draft,,,,
es,common.notFound,language-and-usability,This page is not available in this language.,Esta página no está disponible en este idioma.,b138a234004a23fb897689d56e62d134a8e7bf08c02730c98b47d1fa1882c040,05b203427a2bcc50c8aaeb4e38aebdf625cf6069118de5813f3226383e499713,draft,,,,
es,common.returnHome,language-and-usability,Return to home,Volver al inicio,ca3f1411b47186b1f3255b617eb90b06dba50bc8879ea1f47589959487726ebc,3906c387259fafc4003807694b0fcfa7ba670df028e7be356f33554cb17f3f00,draft,,,,
es,language.selector,language-and-usability,Choose your language,Elige tu idioma,8e2d0664dbbb529de872582461068f7f7f752fc226a03a1b8439a4299dbf5e74,2023f3c3f62654b1ea358830646cc6670d19133082d1479374a8265b8950f07f,draft,,,,
es,language.offer,language-and-usability,Prefer to read this page in {{language}}?,¿Prefieres leer esta página en {{language}}?,b62bed8d395e57be40b8c98546974430879d5e9dfb6e87570f301eaf0c2ac1a8,783293211943cb708f280c7d847af45d3d191e55e16df60995ed273cb2f731ea,draft,,,,
es,language.switch,language-and-usability,Read in {{language}},Leer en {{language}},3a7b883abdecb5e82c05a6ca7f3c904948b56fa5a22e80204a5e5de8e47eb039,ff1e6d38bcd82911dd4df1a33696dddb0a523a8905b9486b6bb629cc9a2c5914,draft,,,,
es,language.dismiss,language-and-usability,Keep my current language,Mantener mi idioma actual,66cb3639efa97ec8cc387646bd21fa8eccc22d0166b93d8d0c979e52f31d54ae,595bf67430d8a18b93ecc96d84e09bf9239b06cd1f15e75e89d7bc32b3cc568b,draft,,,,
es,language.draftTitle,legal-adjacent,Translation preview — review pending,Vista previa de traducción — pendiente de revisión,51b60d5d973f27b433f3f034155a5368e67b106e02e99f39e69dbed802cb04ed,1b538bc04e835abb1dd6c7f7e746e9e347e06416f6b299519d4a7b70f3a340d3,draft,,,,
es,language.draftBody,legal-adjacent,"This translation is a draft and has not been approved by a native reviewer. Before purchasing or giving consent, read the English terms or contact Fabsy for clarification.","Esta traducción es un borrador y aún no ha sido aprobada por una persona revisora nativa. Antes de comprar o dar tu consentimiento, lee las condiciones en inglés o contacta a Fabsy para aclarar tus dudas.",aed054645990dcfb2b9067e55ec188dfe0051561571515142ac1fd3d87deeae9,b03f4e61cc251cf3bc60527cc1baad21a58efe0280d363ed33801e041d14703c,draft,,,,
es,language.englishControls,legal-adjacent,The English terms control if the translation differs. This draft does not change the English agreement or limit rights under applicable law.,"Si hay diferencias en la traducción, prevalecen las condiciones en inglés. Este borrador no modifica el acuerdo en inglés ni limita los derechos conforme a la legislación aplicable.",47d88a952adea0d705eeb834ade632a89f240c4ef8419186921e70ce329ffa47,cdd0ef792ec51a116b0855bdd5cf816bc69f7ed259530e8bb5f25b904a847e3a,draft,,,,
es,language.readEnglish,language-and-usability,Read the English version,Leer la versión en inglés,971012a5337e5192d5ca9b242712d22c57e69d6f8b5f8ca5d44de236c3b0336e,d9edcbdb463803a7450620f9e52c0a01b2889cd97573799600cde1ea06d2ba1a,draft,,,,
es,language.paymentBlocked,legal-adjacent,Purchasing and authorization in this language are not available until translation review and language support are confirmed. You may continue in English.,La compra y la autorización en este idioma no estarán disponibles hasta confirmar la revisión de la traducción y el soporte en el idioma. Puedes continuar en inglés.,18d90a7cee31fa2d70ab23127cfb3ce6a9a431f4aa9f2768996014b4c390750f,1aede968bd75f99f54f46cffc0c024ed915a93d866a441668d6da887f9b309bd,draft,,,,
es,language.continueEnglish,language-and-usability,Continue in English,Continuar en inglés,dda43c1f791aa01cc7d30787034952cc7eeea541b26d103f771b0a5778bef510,2862599c46219c80e10dc11a6aa983f615c3fd70c1de7d183aed3d83feb69c75,draft,,,,
es,home.metaTitle,language-and-usability,Alberta traffic ticket help | Fabsy,Ayuda con infracciones de tránsito en Alberta | Fabsy,a933288a0f0dbbfdf1a8aa6ec0178b9d655fddc614361a828e7ca594437267c1,15f6b23c217bd262119d8a17c05ac8b15e19de325e8308f258a1e98d58b69cb7,draft,,,,
es,home.metaDescription,language-and-usability,"Understand Fabsy's Alberta pre-trial ticket service, flat fee, disclosure review and client-directed decisions in your language.","Conoce el servicio de Fabsy previo al juicio en Alberta: tarifa fija, revisión de pruebas y decisiones bajo instrucciones del cliente.",4af70e47d06aec85c528b9302e3cf7f2abe842754382d09c05ddcc66ab7f3adc,2dabb32621eb56dba8938daee31334b1b9a7adf2f30ee28f096ef9310e342c75,draft,,,,
es,home.eyebrow,language-and-usability,Alberta traffic ticket help,Ayuda con infracciones de tránsito en Alberta,d5730f2b069da1d051ced1960fab0c3aca338e66dc7126e897f027008db5ad2b,8fdfc2357dfda807d29add332bb3f1c1e78ca1a27f55f9322e94d12f059f0a24,draft,,,,
es,home.title,language-and-usability,Understand your ticket. Choose your next step.,Entiende tu infracción. Elige tu siguiente paso.,a58931b49428bdcbf5192c3aa5ff9714d379dd5598ae0bb76679f96415df5f74,b244a657a012b5ae7101ee388a21660d47534b252b195fc747d4ca4feabd1dd2,draft,,,,
es,home.description,language-and-usability,"Rapid Resolution brings ticket intake, disclosure, review and updates together for eligible Alberta pre-trial matters.","Rapid Resolution reúne la recepción de datos de la infracción, el acceso a pruebas, su revisión y las actualizaciones para asuntos elegibles previos al juicio en Alberta.",665888e5795174342a12d1026c5928f6f58586c7a5343d1b0dd819557665e129,91c885f929c4025324034422e20aa43ad813c15e6f06ae2fef0dd84c7b0c41e9,draft,,,,
es,home.primaryCta,language-and-usability,Start with your ticket,Empieza con tu infracción,2c56895797789029dd67000776843b675c64f2a21d8d7feeeb49189266d6df43,9fa364d94f7ad6066e922ad4902df2146721809ca53afd180fbbd5307bdcaf6b,draft,,,,
es,home.secondaryCta,language-and-usability,See how it works,Conoce cómo funciona,a105ad29235aa71ee321d02ba00ee1cf7e9273406367343fdf9a721daa38419e,7779e7acb1af2d4404187e942ee63e7aeb2f80489b9c691e4c771b05fff3f570,draft,,,,
es,home.educationTitle,legal-adjacent,Received a ticket? You may have options.,¿Recibiste una infracción? Puede haber opciones.,87ca40f52f2ca6cbfe6bb2f359d58a36762968b23740c3802d61dcfccfb96359,cf51b011971df8ae3363dd0f3adc05a0c481b68d7ba7c49ae1787e228e75de8b,draft,,,,
es,home.educationBody,legal-adjacent,"An Alberta traffic ticket may be disputed. Whether an agent can help depends on the charge, procedure, deadline and court requirements. You may still have to attend personally if required.","Una infracción de tránsito en Alberta puede impugnarse. La posibilidad de recibir ayuda de un agente depende del cargo, el procedimiento, el plazo y los requisitos del tribunal. Es posible que debas comparecer personalmente si se exige.",6dd739ee7087a3787cde95ebfc3039b69c6b4ca1a983145bf3ec1bab1d3f204e,063ca4e50ce849484fb2e6202b516708d79b1be1d45ea9af263825b918c1e26d,draft,,,,
es,home.scope,legal-adjacent,"Eligible pre-trial matters only. Trial representation, government fines and work outside the accepted scope are separate.","Solo para asuntos elegibles previos al juicio. La representación en juicio, las multas gubernamentales y el trabajo fuera del alcance aceptado son independientes.",aba56c8bc6b001bf680db994ca3565ce679fa12c724b6274d10981555f549170,95c05f8bc90fb09d7c69502c130c3418f3ff466d049e998a3fdac952e69f5f09,draft,,,,
es,rapid.metaTitle,language-and-usability,Rapid Resolution | Alberta ticket help | Fabsy,Rapid Resolution | Ayuda con infracciones en Alberta | Fabsy,15d50e2ad66f464b564fbfa7a42df04643f8826078e7f98f3dd7488255bde663,b86d96cfaf610f9106e0609962eb8fb14f24f9abc1aa6c1e2f61157849ca6ec7,draft,,,,
es,rapid.metaDescription,language-and-usability,"Secure ticket intake, disclosure requests, qualified review and prosecutor-review submissions for eligible Alberta pre-trial tickets.","Recepción segura, solicitud de pruebas, revisión calificada y solicitudes ante la fiscalía para asuntos elegibles antes del juicio en Alberta.",2fea531cdd6be1899a5464c8ba270a7ac308bbc389fe4c906c8a4bed4c27351c,fcb9abfdd849477d02cf2c859444170c9b4b7a85ea942fda5024d306f1637307,draft,,,,
es,rapid.eyebrow,language-and-usability,Alberta pre-trial ticket resolution,Gestión de infracciones en Alberta antes del juicio,53e3aee58095e335a6619f34d0a619e3f69f3927dbf0eeec50718b916fffb411,f6c0ebe8913af3bb838c0590c54492df18c003b5fcff03d72ad80ec47caec73b,draft,,,,
es,rapid.title,language-and-usability,"Your ticket, moving forward.",El siguiente paso para tu infracción.,fa9903b72e9a7cd46ef15a5942f3a1b03c4775159261391c5f5656d4b8f3770f,41edba41c506540cf5083d4e1ba184a4fd7d456205cd880f908514b257b00d16,draft,,,,
es,rapid.description,language-and-usability,"One secure online process for intake, authorization, disclosure, review and your decision about any available Crown response.","Un proceso seguro en línea para recibir datos, obtener autorización, solicitar pruebas, revisarlas y recoger tu decisión sobre cualquier respuesta disponible de la fiscalía.",73146d7052a0d3c05c01983c80b951c019cb8b91d3f2f19087f35311796f0f4b,c34ad8c406db0faf651e65d9636a9df2a15b253c01d5cba7773f0d18a7eea526,draft,,,,
es,rapid.priceLabel,language-and-usability,Flat pre-trial service fee,Tarifa fija del servicio previo al juicio,245b584da8e4b0a84436c89e613981c2d9cdfc0b407002ba7454ca9c84001f8f,29f9fd76be8be68876e01da59dead73241b79d84cff146bd8ec7193283f671a3,draft,,,,
es,rapid.includedTitle,language-and-usability,What is included,Qué incluye,06cec1523c69f02c94d6f022bbc8c2fdfeaa8254779e81b94154843cbc546e39,34842893a7ee5d1b78d8b7b14082b33275eb5a2667d8ed9efb163ddc15fee00d,draft,,,,
es,rapid.excludedTitle,language-and-usability,What is separate or excluded,Qué es independiente o queda excluido,4df6a50399117a7c9c7ecb41541e9d436a7d0bf18e1741e09234996ed09a5df0,52c58f503044d393e3cd85331ac4a2d87360c2af7e7ba4269990fdb59b2ae370,draft,,,,
es,rapid.included.intake,legal-adjacent,Secure digital ticket intake,Recepción digital segura de la infracción,c6b27be55d9e6247a6dfb27d677ab01c4d5f9908df044dd9e99bfc99ddca6e1f,e5d07f87994ef2b3ae4170399178fd7b58d9e6d7b6d09900d9dd66eed8003f46,draft,,,,
es,rapid.included.eligibility,legal-adjacent,Eligibility and deadline review,Revisión de elegibilidad y plazos,c9784f804994a42cac2c9d750fec26ad2f3dfbb6b9e9ffb24ca1f38308afc146,7fe48ac7fc38ffca5cfb9a4e02d1d6c1ca3a07770c7c473b8d7ac442664d4b55,draft,,,,
es,rapid.included.authorization,legal-adjacent,Digital consent and authorization,Consentimiento y autorización digitales,605e3a25894b7773b01999f86a2dcbc22117d42a5dd2047d6a33d44b4ede28a2,719f644df063697c2194be67a444bab2b73ec8cc503b8a76dba4e6cb36e987fd,draft,,,,
es,rapid.included.disclosure,legal-adjacent,Disclosure request and document tracking,Solicitud de acceso a las pruebas de la fiscalía y seguimiento de documentos,609c2d0df430b8de1a6edf96d66d2072721eb0b9adccc8a1813d1a82e183d57e,14b0f59ce9c559ad1b040c41a9c39ddcf385307502e5f88c17d048b7ee6a1279,draft,,,,
es,rapid.included.analysis,legal-adjacent,Technology-assisted disclosure analysis with qualified review,Análisis de pruebas asistido por tecnología con revisión calificada,7d836f2f04ca3a4c070843e4a6fbd4848c6c4ea8465a315821845259cd0b5045,b0e6b2545ea63dd35cd801c806dacc6577515bcd2eba87655ee766a9e650a44e,draft,,,,
es,rapid.included.submission,legal-adjacent,Fact-specific prosecutor-review submission,Solicitud de revisión ante la fiscalía basada en los hechos del caso,0f3c9165b7ce359eb91b4e3c31246d4d920dec5374fb301255672e9bca188adc,641b711b1db55c12c7118847d51218caeca09fb9019287321bc581f93cd5efeb,draft,,,,
es,rapid.included.updates,legal-adjacent,File-change notifications,Avisos de cambios en el expediente,27fd0a60b3cb5fc595c43726f2016a27b2f933baafc5fe7d214a9f9089ac1dc3,bde94d974e78b29c42169eb12d4a7003fd38bfd1b363136089b57e460b05c741,draft,,,,
es,rapid.included.explanation,legal-adjacent,Plain-language comparison of the original ticket and any Crown response,Comparación clara de la infracción original y cualquier respuesta de la fiscalía,a1fdff3ef43ee56dfc38e640c9465fe9455e11b24df2c9ecb44ad91364233fbe,c29f2d671b0367bb9ba7a307856f31ef262cadafcc9dad03b65018c623785419,draft,,,,
es,rapid.included.decision,legal-adjacent,Client-directed acceptance of an available pre-trial resolution,"Aceptación de una resolución previa al juicio disponible, según instrucciones del cliente",86db57c76017c8d499abb4f5ab64e47326b13801ab2dfff7d5af3d82e3c037e5,90191447dbc51dca89cbc92c3203dcb738f6d1794102db83493f76c861c6e5ed,draft,,,,
es,rapid.excluded.trial,legal-adjacent,Trial representation,Representación en juicio,51803b529e779f10e892df8e12cc17455e2197c39e2dcc31d5fb2eb6acc65018,206b6c69db62ea83259a51160cbc35748e24c683665d37b71b2f8abf9c5e5b47,draft,,,,
es,rapid.excluded.appeals,legal-adjacent,"Appeals, reopenings and extraordinary applications","Apelaciones, reaperturas y solicitudes extraordinarias",f058b085e86c6e97ecf21b7c1df5f72d53374e5a8f0eec523d575c98fc8a884c,10bd80f1d877d03f0ce5e9645641852a151b2ac9c5a720f94a560859e5e69118,draft,,,,
es,rapid.excluded.sanctions,legal-adjacent,Immediate Roadside Sanctions and Notices of Administrative Penalty,Immediate Roadside Sanctions y Notices of Administrative Penalty,94859cc2759883e240ac79c273f5a9d81334ad4a780946043ad39adf38303cb5,bd8b7c2d9965e209ef77eeea95a3fb0a5c2bdd8b139b8a3e5fc0f5f996ebe1e7,draft,,,,
es,rapid.excluded.fines,legal-adjacent,"Government fines, court charges and third-party fees","Multas gubernamentales, tasas judiciales y cargos de terceros",36083c69d74cce5e98485c542ba4b739b5a73def3df0f6bc73bffc1f010eede9,7d0a5f7c8ba7eaca1e5ecc4395f1834adc04d88950f430d446d8b42dfe2a5e8c,draft,,,,
es,rapid.excluded.scope,legal-adjacent,Matters outside Fabsy's permitted or accepted agent scope,Asuntos fuera del alcance de representación permitido o aceptado por Fabsy,9a3b6384ab4d65bffa580caaf4d4df67ffb45689b8649ecdbe15d66ec3f0b23c,bd01d067f78e9b0cfe680cf83167227bb72fd565a1d03ffdf8163edb2060c94b,draft,,,,
es,rapid.speedTitle,legal-adjacent,Complete disclosure received. Next authorized action within 48 hours.,Pruebas completas recibidas. Siguiente actuación autorizada en 48 horas.,5ae7e05f7eebba8e4d137d094e3352c816d4a87b00ced36971c6b3bf26c41a9f,a0d4719bccc4ba9ebee117e57cbd6414c3d4d1b9f6023a96f6e379c67ff29f73,draft,,,,
es,rapid.speedBody,legal-adjacent,"Complete, readable disclosure is reviewed and the next authorized prosecutor step is prepared or submitted within 48 hours after it is received and matched to your file.","La documentación probatoria completa y legible se revisa, y el siguiente paso autorizado ante la fiscalía se prepara o presenta en un plazo de 48 horas desde su recepción y vinculación con tu expediente.",e433f693afca98ff0dca76217786aeea27c5eaa97df530026d18c940dc8e1b73,ea22340c2cd956c34e4b6040049e6402aec7dbf48fb90cd8a8643e8a451ecdbc,draft,,,,
es,rapid.speedDisclaimer,legal-adjacent,"The clock starts only after complete, readable disclosure is received and matched to your file. It does not cover Crown response time or the date of a final outcome.",El plazo comienza solo al recibir la documentación probatoria completa y legible y vincularla con tu expediente. No incluye el tiempo de respuesta de la fiscalía ni la fecha del resultado final.,5f8cd44bc69192540e120e489ec0fa48b62591254066fecc46d35422fe29b1e0,54ec347d6b7f295671694fae4234fc706d0587ec5e2a14fec3147289dab37187,draft,,,,
es,process.metaTitle,language-and-usability,How Rapid Resolution works | Fabsy,Cómo funciona Rapid Resolution | Fabsy,b9ec79b1fa6e78e005ba4a44ccd238f372750ce62b73403fdb64d637504885d6,ab28a746517381cade1d6a825821229a4ef694cf829807de5ad8b46409a5cfca,draft,,,,
es,process.title,language-and-usability,From your ticket to your decision,De tu infracción a tu decisión,9e1627be95b19beddbf51e60565ebe8bd67da6dc1fa0e67b614bf14b460d1128,0d1211a845780c2fee27217219db6d49b65dc0a3ce377ee9c06db5bb3d9f8d90,draft,,,,
es,process.description,language-and-usability,"Your ticket, authorization, evidence and updates stay connected to the same file.","Tu infracción, autorización, pruebas y actualizaciones permanecen vinculadas al mismo expediente.",44750c6c1f7b95af59f5b35c4b7edf2049c60d23a4e868a1f81ca8fdf6025c12,b4dd3c47cfc7370f086bbd83c33d075c70aa9cd1c134ba635624af828e0d4fe1,draft,,,,
es,process.steps.intake.title,language-and-usability,Share your ticket,Comparte tu infracción,06896a89f5fb6a637c0f84a7f5de7901e175193f57d1736c6313126cce35ddf7,44422267d9757a639b8e2e0126aac6b5fe71571989e1b026b8d8bfd11f98cc95,draft,,,,
es,process.steps.intake.body,language-and-usability,"Upload a readable ticket and provide your details. Fabsy reviews eligibility and deadlines; service starts after intake, authorization, payment and acceptance.","Sube una imagen legible de la infracción y proporciona tus datos. Fabsy revisa la elegibilidad y los plazos; el servicio comienza tras completar los datos, la autorización y el pago, y aceptar el asunto.",92e48be7b63cac262e7c353174f9b98e635effeb0016246fb8c7da628c488007,ad346cd48be4d9b28325fd3a64419dbe4cee4c2deb2efb075c17f2c8ddd38d4d,draft,,,,
es,process.steps.disclosure.title,language-and-usability,Disclosure is requested,Se solicitan las pruebas,76367739dcf81b07c4d024e0036af905c2bb1c04b7a1f2321cdbbcd3cf1f0982,66bf366d21f25e39f1c91fe4dce42d6f4b001744f5582a1e4f2ab39ca97e744c,draft,,,,
es,process.steps.disclosure.body,language-and-usability,"Where authorized and available, Fabsy requests the prosecution's evidence and tracks documents. A request does not extend any deadline.","Cuando está autorizado y disponible, Fabsy solicita las pruebas de la fiscalía y hace seguimiento de los documentos. La solicitud no amplía ningún plazo.",66118a2bc4f77aecd89a833c77225622f9d4ce17752175d17842ee06381e303a,b31c8f1d3c7041f4d504dafd8b8fb818c379127a424708daeee760cbe49751bb,draft,,,,
es,process.steps.review.title,language-and-usability,Evidence is reviewed,Se revisan las pruebas,9f844b9afec9fd194c3ad12c5eac9790e73b4a1266efb1299344a335c584b7be,ee3b11c4288ff04f9d086aa8c79536e9bd2818702c9df88a591503e2a4a7babc,draft,,,,
es,process.steps.review.body,language-and-usability,"Technology-assisted analysis and qualified review examine the evidence, procedure and available pre-trial options.","El análisis asistido por tecnología y la revisión calificada examinan las pruebas, el procedimiento y las opciones disponibles antes del juicio.",92bb246b305af86054b886ddbd3e00b67e1df61e3cd591a083fe7965e562c9ad,219300980f21e9ff03c2ab8d023e2e588c54bfe8433403a7f4d80dfbe71b428a,draft,,,,
es,process.steps.action.title,language-and-usability,The next step is prepared,Se prepara el siguiente paso,43f4bdd56d945293669bac4c01fde42bdc43eede7bf2320362372e22157e0f8b,ac6f884bd9adb8b93c1c5dd3f9baace64fb45eb9e0288e15b065d2f0d5fb37a5,draft,,,,
es,process.steps.action.body,language-and-usability,"Within 48 hours of complete, readable disclosure being received and matched to the file, Fabsy reviews it and prepares or submits the next authorized prosecutor step.","En las 48 horas posteriores a recibir la documentación probatoria completa y legible y vincularla con el expediente, Fabsy la revisa y prepara o presenta el siguiente paso autorizado ante la fiscalía.",82a3dd182bc216afd91f1accd4970cf935321f56fbd7ba9bd566cdc38806afe8,2c80aef6e3cd9f2716e4ac7a3d08173ab9444df0da03797e6be72c6a67e1a7a5,draft,,,,
es,process.steps.decision.title,language-and-usability,You give the instruction,Tú das las instrucciones,2b2934d5506b185ef9dbdebcda6e7d52377650a875842adaa465ce42b46ba473,b359954f0156f09105cde9c482d67ce8b43785717d46827cbb2d29389cfa2cd8,draft,,,,
es,process.steps.decision.body,language-and-usability,Fabsy explains any Crown response. Only you direct whether an available resolution should be accepted; trial work requires a separate agreement.,Fabsy explica cualquier respuesta de la fiscalía. Solo tú indicas si debe aceptarse una resolución disponible; el trabajo de juicio requiere otro acuerdo.,086dc4715dbb43c4f12d98d4aeda08e0c9d05c603002545998e96bbd5c244243,147274032bc361f990de583e803a3f72fec440d86d127886697348d30e2cd837,draft,,,,
es,faq.metaTitle,language-and-usability,Alberta ticket service questions | Fabsy,Preguntas sobre infracciones en Alberta | Fabsy,d997ed0d013711dd9d13ffcecbc0ccd852e3d22797a0ed90706ed3808f6fd338,169061740aec55536f898eddc55405de247c40e4993c618f7103973e1b502c11,draft,,,,
es,faq.title,language-and-usability,Questions before you start,Preguntas antes de empezar,9498defd4dde31d53edb329c8d0db6883d63774d2e7e79963add2da52eb8aa4e,25cd3e305577dcc3b7b6279342d004d04e9f5d38de19a18101de805ac5343bfc,draft,,,,
es,faq.items.fee.question,legal-adjacent,What does the {{price}} fee cover?,¿Qué cubre la tarifa de {{price}}?,2e094fcc16eddefb6a19d2f044225fd40fb844c12f450a1c27e7e44ac7d70b9f,420d07d36ce42fa15f7bcc87e3a9fda31419a8b6bd089eb332ebfb90a94f29a9,draft,,,,
es,faq.items.fee.answer,legal-adjacent,"Eligible pre-trial intake, deadline review, authorization, disclosure requests and tracking, qualified review, a fact-specific prosecutor-review submission, file updates and explanation of a Crown response. Applicable GST is extra; fines and trial work are separate.","La recepción de datos de un asunto elegible previo al juicio, revisión de plazos, autorización, solicitud y seguimiento de pruebas, revisión calificada, solicitud de revisión ante la fiscalía basada en los hechos, actualizaciones y explicación de una respuesta de la fiscalía. El GST aplicable es adicional; las multas y el trabajo de juicio son independientes.",a1dbf2898946b3702690c46c65c273d6c66c36e061b4b3f887a0f8610925f17d,2ce05f33178e3a58c45ba1f5772e827649991843f8198ba59bdab4d5fbf3215e,draft,,,,
es,faq.items.speed.question,legal-adjacent,Will my ticket be resolved in 48 hours?,¿Mi infracción se resolverá en 48 horas?,46561c71c1d55265cd7ea1998970eda3466dd45c45771c42452cfdd749a2df71,330fb66ea179a7b4a7ed40182f585c3961ab61df88741712799db867752fa622,draft,,,,
es,faq.items.speed.answer,legal-adjacent,"No final-outcome timing is promised. The 48-hour commitment begins only when complete, readable disclosure arrives and is matched to your file. It covers Fabsy's review and next authorized action, not the prosecutor's response time.","No se promete un plazo para el resultado final. El compromiso de 48 horas comienza solo al recibir las pruebas completas y legibles y vincularlas con tu expediente. Cubre la revisión de Fabsy y su siguiente actuación autorizada, no el tiempo de respuesta de la fiscalía.",911b892d1c4d702099b7512f0ec5487b789a17087fc88e79146b86b69f707d8c,01a585f122ca9066f3e5b74ec729a9a7e0365ab0fab4f0bca888bcfa312c1bea,draft,,,,
es,faq.items.deadline.question,legal-adjacent,Does a disclosure request extend my deadline?,¿Solicitar las pruebas amplía mi plazo?,d7ba23f96466138ba0f3cd4f4066d81848d5269e2f4fe50effcc1db0162cb838,d7f75797f8c75950824911309913f34bd8bab9ef103c2aab796a53931e24bc97,draft,,,,
es,faq.items.deadline.answer,legal-adjacent,"No. Continue monitoring the dates on your ticket, court notice and portal. A disclosure request does not itself extend a response date, trial date or other deadline.","No. Sigue controlando las fechas indicadas en la infracción, la notificación judicial y el portal. Solicitar pruebas no amplía por sí solo la fecha de respuesta, la del juicio ni ningún otro plazo.",7c36942f46dd03eaf667e50cc8645f98fd071d15cda3819ea5728d814110cf1e,bcf44b6ab4ef086513ca34e3fa7fcaf58df5af4ea0e23e2f60744d03817c0ba0,draft,,,,
es,faq.items.trial.question,legal-adjacent,Is a trial included?,¿Se incluye el juicio?,51d0d788dc018d786d7b71447316c41838f8655c6ae74e0a42645e921c2607b9,e416c66db1931bd432f0fad19a57e84828d0fa5c39d05dd5a9580a884cb0e668,draft,,,,
es,faq.items.trial.answer,legal-adjacent,"No. Trial representation requires separate eligibility review, an agreement and a quote. Appeals, reopenings, government charges and out-of-scope work are also separate.","No. La representación en juicio requiere otra revisión de elegibilidad, otro acuerdo y otra cotización. Las apelaciones, reaperturas, tasas gubernamentales y el trabajo fuera del alcance también son independientes.",a8b5ab22febf4f9f40e933978cbaac7f742c0b92d49313db0a7f99b53d8d61dc,a3b7b672f46067fa110cb185642021aa40431c80ef59b683ade069192a30a2f2,draft,,,,
es,faq.items.approval.question,legal-adjacent,Can Fabsy accept an offer for me?,¿Fabsy puede aceptar una propuesta por mí?,279750ea59b803f41091b4ec26450f03e8e8b50b59c44d5f2ffabae7aadefc08,e821426dac2184254d62f7b4455ee74c8de210bf5174cd0c6f3eb54aa2e30687,draft,,,,
es,faq.items.approval.answer,legal-adjacent,"Only after your case-specific instruction. Fabsy will not accept a Crown offer, enter a guilty plea or finalize a proposed resolution automatically.","Solo después de tus instrucciones específicas para el caso. Fabsy no aceptará automáticamente una propuesta de la fiscalía, presentará una declaración de culpabilidad ni formalizará una resolución propuesta.",028f46cbe8707fcdbe0c14758d720f9eba17c832d4a713b393a5fa17fd840311,da5eb231e11368618304a716ae624bbed65992ff8059b6843b00a2147a4e50e0,draft,,,,
es,faq.items.outcome.question,legal-adjacent,Is a withdrawal or reduction promised?,¿Se promete retirar o reducir el cargo?,42eafffad8245a37eb25d6826a395fcbd55634f4dc8b15643553531c77782c77,975fb8c14e539431e5b939c9e2dd66f0e9c419ea18fc751821e1679b4d2e7e0b,draft,,,,
es,faq.items.outcome.answer,legal-adjacent,"No. The result depends on the charge, evidence, procedure, prosecutor and court. There is no promise of a withdrawal, reduction, lower fine, fewer demerits or insurance result.","No. El resultado depende del cargo, las pruebas, el procedimiento, la fiscalía y el tribunal. No se promete retirar o reducir el cargo, bajar la multa, disminuir los puntos de penalización ni ningún resultado en el seguro.",75463e420a8351295a6f3869dacb56c50a4e19e9021cd688961135403d4ed6de,c97268822a61eeae143cc20c7feb3e5eb7d071d64f5aa33416d69bd32f14c43c,draft,,,,
es,faq.items.language.question,legal-adjacent,Can I write in my language?,¿Puedo escribir en mi idioma?,bc3db8223dc10707b55087856212a309db18c3776bff6e4f14656d9351833d76,261b2a6f28e3eeda146d45ee9495cf02ceaf9c6203127913d88acf6ff48f8dc4,draft,,,,
es,faq.items.language.answer,legal-adjacent,You may write your account in your preferred language. Ask Fabsy to confirm available language assistance before relying on it. A translated website does not mean a speaker of that language is available by phone.,"Puedes escribir tu relato en el idioma que prefieras. Antes de depender de la asistencia lingüística, pide a Fabsy que confirme su disponibilidad. Un sitio traducido no significa que haya una persona que hable ese idioma disponible por teléfono.",f1092bc9faf469eb6a0a9849dc2620b192933ec6e6e3d5bf1fecedf7fc96b049,d28be5ebee233dc4ecc438b9a6879ee3308d0e0efaea0f96918df86005e35162,draft,,,,
es,contact.metaTitle,language-and-usability,Contact Fabsy | Alberta ticket help,Contacta a Fabsy | Ayuda con infracciones en Alberta,ed7a28ef612a5c2c1fe3027668ccada01f32be7af4439ac002dbfc22ed125358,902856f2ae4cd5241406571122bc413a8f0549154b687ed9cb86b5ecd4c750fb,draft,,,,
es,contact.title,language-and-usability,Start with a written question,Empieza con una pregunta por escrito,846798956dfbfb9363b49c6f91ddd0de1b14601e8a6ade3e34f4dd32e27e045f,5eba9e0c469b891e0d33af44f4cfad31f3cb56d2c67785ee55511096cdda07ca,draft,,,,
es,contact.description,language-and-usability,You can email a question in your preferred language. Include your deadline and ask what language assistance is available.,Puedes enviar una pregunta por correo electrónico en el idioma que prefieras. Incluye tu plazo y pregunta qué asistencia lingüística está disponible.,cc096a13093b0c65f1831a8989c079857a0951f390ecbb6079088a4db286b875,96a0ad0f6aab17fae27ebb6aa6663ea047a569223f8d5751f8357d91a43b9ba3,draft,,,,
es,contact.messageLabel,language-and-usability,Your message,Tu mensaje,7a057bd996a32915a171b4811d248b48f0fee7dd5e74f4510c156569ea36b4c5,c35ce8f329c93131eda827c9e86d5e6d3ef33839284fb6aa0d30faf0e795aefe,draft,,,,
es,contact.messageHint,language-and-usability,Write in your preferred language. Do not send card details or unnecessary identity documents.,Escribe en tu idioma preferido. No envíes datos de tarjetas ni documentos de identidad innecesarios.,11b3d97ead15ab909dd7020a27f92be67e2cfedd9034cc2beca0575ef2ba2227,d0cf758d0955bdc5f0e6176cd0f051e5f36e2f84665c9769bfa2a2fd98cd66d4,draft,,,,
es,contact.submit,language-and-usability,Send message,Enviar mensaje,93a26b1eaff99b3a84dd80366660991d15703a96514497afd997c12c43000ed7,8d31f3bd957cbea1cbd095e7c3c438b13865af5d5903c37fd1068205f3eeabc8,draft,,,,
es,contact.availability,legal-adjacent,Language support and response times must be confirmed. WhatsApp and phone service in this language are not currently promised.,Deben confirmarse la asistencia lingüística y los tiempos de respuesta. Actualmente no se promete atención por WhatsApp ni por teléfono en este idioma.,b509a1a34f5e45d302542e4888222f03ebef2e15ba2a58ed146796c66453db68,e34183fa4f15f0cf3d39d217e1a1463c7702e2c3c608ac9fd5cb814e9a8e3e75,draft,,,,
es,contact.emailCta,language-and-usability,Email {{email}},Escribir a {{email}},46d94b216ce8e085d7a796624941d9939fa2c4444c1880cc869d713bc3f3db8a,845a068f830a406f749fdc54c9b285b8401260e8facc603473a431eea02fa385,draft,,,,
es,contact.whatsappCta,legal-adjacent,Text us in your language on WhatsApp,Escríbenos en tu idioma por WhatsApp,105dd00de557e3661e5a9484f348303cca7177367fd866f009f32d1e5cca6b0c,d2b33cf791a3b70107a13ca0ca1fd6926a4622b0ada391a0473994490414ac88,draft,,,,
es,contact.staffAvailability,legal-adjacent,Ask which language support is available before calling.,"Antes de llamar, pregunta qué asistencia lingüística está disponible.",26d6efc6d2f4fe35fae8c2ce756511b532ec11a42b5b2c3a490481198d591e70,f8caeabc31f64d13c8046632ba8a82adb410d83e2ba03f61b5163026810b1702,draft,,,,
es,contact.whatsappHint,legal-adjacent,Send a written message in your preferred language. Do not send payment-card details.,Envía un mensaje escrito en tu idioma preferido. No envíes datos de tarjetas de pago.,71d9b4e04a11c5b2cfda2da32871b914649e38ae6cfc2adc901a84d8d07e35fd,7bacc96391d9356894487d17323090a635c9116886735bb7683fad4ced3e0bcd,draft,,,,
es,intake.title,language-and-usability,Start Rapid Resolution,Comenzar Rapid Resolution,08d30aec3aca3e8f9399438ce9780f7a03f67583b7fbc31df1de48a958480beb,c24b88b8e541fe39a966a711843a836e42a89370aef879a458db8a66b3e2c7c9,draft,,,,
es,intake.description,language-and-usability,Enter the details exactly as they appear on your ticket. You may write your account in your preferred language.,Introduce los datos exactamente como aparecen en tu infracción. Puedes escribir tu relato en el idioma que prefieras.,895239d7cc03f62b9c38c498def413079949204d7c3abb9cf01ba2f8ef9f6f3f,176744485c1ffff2bcc9684806471991eb5a9eff70f4ac289da8a1efb21df25c,draft,,,,
es,intake.steps.ticket,language-and-usability,Ticket details,Datos de la infracción,095c5093d6828fd6e732a178cf50a84e0a2fa359c999e38edb8e4ef3c49245cf,efc0cf7d069e2c803708616f91dd926bc470a97568603481cf413fda52343b38,draft,,,,
es,intake.steps.personal,language-and-usability,Personal information,Información personal,06a571228fc4b88b951b3df6ec8f1cd70342feafaa6c298aa1d07fe690b2913c,bbab89a13e210415651d1a8964533efeeaf79887d2a2664d982842bb26c55f50,draft,,,,
es,intake.steps.account,language-and-usability,Your account,Tu relato,dbb5f6371b6a2a677f09c24d17fdc581132a41881a818469a92b58588e8764bc,9b162d9ecccc988736354bf298cb7ca041e7372f2df1b40e9cb009ec8330d68b,draft,,,,
es,intake.steps.consent,language-and-usability,Authorization,Autorización,ca5839e38a15433e62b39767d6a86eaafba17ea6b3ea61e3b89e2ac46baa874c,2eebb782edaae70d41d71e18130bc328ad3e2a3e487f10609b93ce412d84132e,draft,,,,
es,intake.steps.review,language-and-usability,Review,Revisión,aff0766a5290e117b8433c351bae7b7b23bed682b2369bd822d88a647cc58512,cb4847c8e99ce6ecdbb44af985a294680f4659fbe3d947dc14ee078c43ccdcd1,draft,,,,
es,intake.steps.payment,language-and-usability,Payment,Pago,7048f38b33f135df36b3d9d382f167d45cfdda857b616899c9d8c9acd2751f64,94a22a6dcc078b9a7cad3fb68674056a403d0fe5af6ec7ab699cc8d7a114923a,draft,,,,
es,intake.fields.firstName,language-and-usability,First name,Nombre,702ef921ed1d89bf63353c899af7e338722a3ef6123d0a98333a162818f85e59,562bb15757a8b593d6fdc812b0767c0e198bf7d8e19157933110de09c9db9012,draft,,,,
es,intake.fields.lastName,language-and-usability,Last name,Apellido,7b4888049459f04adf3d6023c45e8ac8fc80e7ce8dfc643179da25a2c3b05443,48df1eddcfa0db6804d70c5947ac8c1ba5131a10f538f534d3e1d10057eefae4,draft,,,,
es,intake.fields.email,language-and-usability,Email address,Correo electrónico,f2488fd4ef4adbc6ac61300083f2c33980e48bb4bbf3c540ad760d61fc36f420,ec64dc30a483cdcfaf24992c5aaec20a4ae391af91ada725f886fc3270b669ac,draft,,,,
es,intake.fields.phone,language-and-usability,Phone number,Número de teléfono,306f1bb20677a622fc38185239e89a940f6c1727e440a2b359d7d0e1bf600644,a9b92f403f810fcf1992979e7002f0ca8b65dcdd3a56da8d9f9ff1c45509056f,draft,,,,
es,intake.fields.smsOptIn,legal-adjacent,I agree to receive text updates about my file.,Acepto recibir actualizaciones por mensaje de texto sobre mi expediente.,32bf2bb33aba0f995ccceaad77c8e80f977fdde206ef04cbc3f7dcabe009c198,742c2182d03b7d4242e1a4a6462ff5054d5631e91d688b14360ee1ca19309cf9,draft,,,,
es,intake.fields.address,language-and-usability,Street address,Dirección,8a386dd14cb9a70f6f2769a7d50dd945fc29bf76fbb219dfa017d1f18739dba0,2af66cb65da840672830392da1e623d91afd07dee77991ba475de20a70610e67,draft,,,,
es,intake.fields.city,language-and-usability,City,Ciudad,fc33f73246f48295702f404001e74d56f14d2f82689b2816422dc1a4c2ec4fb2,efcbd8e9deb9012e57279aa436c8ccc53cd559c4b50007cd38c46f4ddb08db62,draft,,,,
es,intake.fields.province,language-and-usability,Province,Provincia,abfcecfabeb7545eaf3bc06d4c35204a4ebfd978963d132838d0198638a45b30,6855312790378f6e1046a9200e8c11fc954b847fd3f95cbe4ddf8920f280d39f,draft,,,,
es,intake.fields.postalCode,language-and-usability,Postal code,Código postal,ae53cea8228bcfc350fef961189a32a592e06ccffa52a8b991f88841cbac8de4,df82d9dc6b7c759da90cc318c4ff0a39d93a8625341a6389448d15acfa468a7d,draft,,,,
es,intake.fields.dateOfBirth,language-and-usability,Date of birth,Fecha de nacimiento,eb4c4e239122d42d1ca7a7af175d6fe393926cb14aaab56b7ab7fc056b2ccb86,363aece88d7e04fa6b1bf5b819c21ab9c81fbc2640c6c07cb9c9bc33630191d5,draft,,,,
es,intake.fields.driversLicense,language-and-usability,Driver's licence number,Número de licencia de conducir,7794437f3e0c40324b31fddbae56f957e61eb4176a1d3f66fd4b3ccf8d62a002,f193c2a2e06282f72cb89ad0b7f2390d4725a938928ea1cd4e6c17fd1f73933b,draft,,,,
es,intake.fields.driversLicenseImage,language-and-usability,Driver's licence image,Imagen de la licencia de conducir,2c62301c7c9d0f2c266badff196079163818bd694329f99d907e77aa54eba4a5,3107d2e748610aa2b2c8351a1eb28df5833047607c656c90a6b67bc42ae0c192,draft,,,,
es,intake.fields.addressDifferent,language-and-usability,My current address differs from my licence.,Mi dirección actual es distinta de la que figura en mi licencia.,9fbf46971f882388a58d6e5099223280287f25336ffa8e36627459f934da6524,13f22ccaf2d904932723a3a221e2dd7410a288bac5b7931f4df59014725db5b9,draft,,,,
es,intake.fields.ticketNumber,language-and-usability,Ticket number,Número de infracción,ef4169ff531e73a501177740307b56c6419d4b3251bb040eaf604cf61e40affc,17d1f359c8451bc6e3fc828b9e959af4cf31ed13bece83c4e1e30e4f5b34fdfe,draft,,,,
es,intake.fields.issueDate,language-and-usability,Issue date,Fecha de emisión,f0a6c4753adfbd8c4cacfd961ae4c130c70f3d99142067875fa88cf96484643c,912bbf22a7a318a03dca2a2ab6a207c90480d8f6d71d9fa69ab7daaa68f3e1bd,draft,,,,
es,intake.fields.location,language-and-usability,Location,Lugar,15b61974b2707a7b3d4201385e0f01f4ff5eb1f17c5639d98788ee5add2025cd,750d2f83769a4050804f1c347ac53d0cb6f61ae0cdc9ed431a74d8b2f35f6cc5,draft,,,,
es,intake.fields.officer,language-and-usability,Officer or enforcement agency,Agente o autoridad emisora,c6797261f6fd67ca9bab533218d0ddeeec2abfc65cfa92814c20d1d8e733862d,437b49d25b81471a7d736af8f5099692543f4c8d5be4e09d70ab0a93a39c75c9,draft,,,,
es,intake.fields.officerBadge,language-and-usability,Badge number,Número de placa del agente,47fac07a03dfec1ce3f1fb5c0cda1537482cdb2ca2958ea61861c3089204dd21,0bfa5e775329df614aca5dc64b30270a29fd2b827ac92e3f2651f820544fe24e,draft,,,,
es,intake.fields.offenceSection,language-and-usability,Section,Artículo,dfca5da56b8cdb627309e2aa5a45e17b0e3e3e09e729209216b4fb0684ad8bae,b0d6ba2fe42b0002145d77abbcbae9701976f43c7b79318e41e7b440eddcaaa0,draft,,,,
es,intake.fields.offenceSubSection,language-and-usability,Subsection,Apartado,b2dc6cc49319261382a14bba1de1fef28aa704eafe953db3966b64150dd76975,cb326ead8d50c2d2bc6b7e3c2a45ed9116da9027311abf96b1f83db3fdd318ca,draft,,,,
es,intake.fields.offenceDescription,language-and-usability,Offence description,Descripción de la infracción,38e13bd99e33af122c00017d85ca807b981cf414a233923de09e38de29792aa0,27628ecda783cd752990a3d26788e554344e48d5c53a6f3398201945118c887f,draft,,,,
es,intake.fields.fineAmount,language-and-usability,Fine amount,Importe de la multa,319a81f308c50f9aa9ae07630f465e2bc6042b6f90952329af45b9de082627ff,769c27ec8917b368a5f3902f5f46e6cccc08c57d36d1a02e0dfabd596c401f67,draft,,,,
es,intake.fields.courtDate,language-and-usability,"Court date, if scheduled","Fecha judicial, si está programada",7f1b94e6293d5d66b804a2fea0c2663113ec8af24ab509b32effc04a6c300a44,3b4e8cf8a03ff8f1ba9993114a194c67bd18a592a0981c18cc71b67a17f5a680,draft,,,,
es,intake.fields.courtJurisdiction,language-and-usability,Court location,Ubicación del tribunal,6f3997bb1a9d1d6bcc648fca4fc9fe18d0b8e5daa1d82ad9bb91d314a901a8a7,60f8cacbd07199cd547720480d1bb6dd83cd6e75780358568681888694b9d5a1,draft,,,,
es,intake.fields.ticketImage,language-and-usability,Upload your ticket,Sube tu infracción,eff0e03db5d358970b2e3dc119efdb8250d4e70444b01f2437772a21931739d5,7bf09eae363d5eacd213c7a3a024368624542aeaf596404c8d10137a91fc96a6,draft,,,,
es,intake.fields.vehicleSeized,language-and-usability,Was your vehicle seized?,¿Se incautó tu vehículo?,fd8c61c2d2890995e17d9cf09814825dfb8c292940e5a372ce25729dd443e1ab,fc959c0687fbe2590c16fba14c426f2d741d66148b7e18dc7019d773da8c3cd9,draft,,,,
es,intake.fields.pleaType,language-and-usability,Your position on the ticket,Tu postura sobre la infracción,20263844dc014587b3501df7f368b32a83b4018c2052fe16da2a4e13092e8442,84804c3ca22d32c275cbbff579bdbf09beac69df759ec7c9a3e33745e62a3443,draft,,,,
es,intake.fields.explanation,language-and-usability,Your account of what happened,Tu relato de lo ocurrido,660713dc8e71dfe66284d3a7365ae0b172454585ea0fc7b1312e2f8905d23302,9037ce37f97e93361bce469ae5628fc1ca6ed381fd331010aff8bebdd15518a3,draft,,,,
es,intake.fields.circumstances,language-and-usability,Other relevant circumstances,Otras circunstancias relevantes,55cc1be2e9b57fb5abdfaf4fc367c48069b7aaf33b3a3aab1355aa4f49e0bc3a,2010bc6e5a915e0118cb27376e81a473b15c52d468a5381dd24d7339f6cec564,draft,,,,
es,intake.fields.witnesses,language-and-usability,Are there witnesses?,¿Hay testigos?,31212056af5a538b299814827e1fd4a47621a952be38bcee6d1b36995c142bbc,662ed4fd36ac0da5d3a7cade3881fb9b289e8c248a79e7426c4fb633c08677f3,draft,,,,
es,intake.fields.witnessDetails,language-and-usability,Witness details,Datos de los testigos,13ef6a4023c2df9fe1b1e7238c0d0903102fce9772d44a275c77579cb8b61733,4414060f72b39a5f635f4ad6e0d3d8e8af531d346bb65f3335f819619a22c511,draft,,,,
es,intake.fields.evidence,language-and-usability,Do you have additional evidence?,¿Tienes pruebas adicionales?,3f215053acf6bd460ec9a42d1a814bbeaeaaa1e88081369488459cbcbacc1601,48584f5dc98eca6067babc3f6a2bd04e7389126b613826388c7ff76cea525155,draft,,,,
es,intake.fields.evidenceDetails,language-and-usability,Evidence details,Detalles de las pruebas,feb7d9dd3db683c01ac5379e4d60940db131271540ffa497af32c51c6ab72f46,eb0db228951073385aee63a508f9edd3e5afad33f9c0f5a559e45d6c1ab1dfbb,draft,,,,
es,intake.fields.priorTickets,language-and-usability,Previous tickets,Infracciones anteriores,e8e17ca1038c6a9f0c4c372eaa84b6d7c6f33bd9a399c81fd0991494f640563d,e76975550cc467539b6a4c68f4a204cba955c27993bb50ed971ff799fc8aecf3,draft,,,,
es,intake.fields.insuranceCompany,language-and-usability,Insurance company,Compañía de seguros,74a674f9bd2c7d69bec1ea58e6c17086dd80a3daf50d7da9d0fcc3d3e62752aa,1f704462db3d12fb032084d562390338556651b9caae3626ce88345efeae1585,draft,,,,
es,intake.fields.vehicleDetails,language-and-usability,Vehicle details,Datos del vehículo,c4a848179b5905c630a264ee8f81f5fa1e69cf04a5d13ef36d7b6977391af77a,54afe62b491ae6587e938534b0f900a14252cb4605c49cf1f1565b63ea7c040a,draft,,,,
es,intake.fields.additionalNotes,language-and-usability,Additional notes,Notas adicionales,5871e1abaa639712e7e0107d9d5f6b14793cbd1c696b14f3eb6cc22be96cbd29,71e32ea60fe6f9df831d551942f9bb8dff258d0a121c9462d8362a108ecf985a,draft,,,,
es,intake.fields.preferredLanguage,language-and-usability,Preferred written language,Idioma preferido para la comunicación escrita,19a143b46379d7d132cc69d0bc9d26938f5324c6c871aa5dd2615a20e2d15f89,c00aaf4cf1cbfb9eeb0e407e7784e9a01e64aaf26eba2e2e9c72b9e33581c6bb,draft,,,,
es,intake.fields.digitalSignature,language-and-usability,Digital signature: type your full legal name,Firma digital: escribe tu nombre legal completo,cb72c11a93258cbd5798c4b5cb8806f213dcab63b6f575589e35f9043c6e60a0,853ee8f2a83bc143e9c9c7bdb116e94a0dd42e504ad80a0670359720fab4b666,draft,,,,
es,intake.validation.required,language-and-usability,Complete this required field.,Completa este campo obligatorio.,c87f8ba5fa65dcdabe6111e13c857ee4c54038ecf14d3ed3bef856c6eaaeb919,687083be5e18b94892239f5d12486557cfde3327948ebba7455f80a2e2535c2f,draft,,,,
es,intake.validation.email,language-and-usability,Enter a valid email address.,Introduce un correo electrónico válido.,8a966af884a06484aad2032a003c8bb514b24890ef0e2e917a8e0a4df0858def,3d3b8c808d78197199f83a51a22a852932b542546f708323045ac821c58a61f2,draft,,,,
es,intake.validation.phone,language-and-usability,Enter a valid phone number.,Introduce un número de teléfono válido.,90eeb8ff8c3a02124a44cfff39e4057d677b1ce7df90355b2ef8a4cfd141c972,eca3e3e5b87277fc2032cd83a67558f7ef91bc19dc0e69455794ff9a9c61ed3d,draft,,,,
es,intake.validation.date,language-and-usability,Enter a valid date.,Introduce una fecha válida.,2102f47f88cd1261dd3e241b122f6c10ead63f172ed8410ca9a4b82ced0ad27b,f6d1994d5aab42d83968849dad31026a499504870cfd1447e38e0567b3f4c893,draft,,,,
es,intake.validation.amount,language-and-usability,Enter a valid fine amount.,Introduce un importe de multa válido.,f53b059015a1ecf51c630a781476e04fda8e006a21528725d150cf54936503a7,7d975f5bb8bf0a174f28e2fdb2152b1873368e3343d9377c6e2b6c0bc698ded2,draft,,,,
es,intake.validation.ticketImage,language-and-usability,Upload a readable image of your ticket.,Sube una imagen legible de tu infracción.,cbab99efafa989eef75848f0aa27eb1113669e68ae689c42e3f47fa7f4a65eef,8660d79719fecf2a2a979b51a100837bab2599f9e558c08f75fca729cd3b6d7d,draft,,,,
es,intake.validation.signature,language-and-usability,Type your full legal name to sign.,Escribe tu nombre legal completo para firmar.,8dfef8bbad08c50a13d5764ece818bc41c1c03c0056d61395ec90cfedd370752,8d409143460f9f2bc2c5f6e27cbd870bcd6e2c64b1ab78ff2f5f7afca3696dc7,draft,,,,
es,intake.validation.consent,language-and-usability,Read and accept the authorization before continuing.,Lee y acepta la autorización antes de continuar.,64992837e3cbb842a96069e90d5afcf1c30e0de8f3dc102e4b47e22669e44d80,003cb139886985746d568531b630fdcb3acca0399df2551b87f03e96018911fc,draft,,,,
es,intake.validation.terms,language-and-usability,Accept the Terms of Service and Privacy Policy before payment.,Acepta las Condiciones del Servicio y la Política de Privacidad antes de pagar.,6be1bb8ed081551458613c3b21a70c4dc6d0d2284b02796dd791657c26846ec9,84755535f7ec7ae2090bc29e298cd4472d34fe081c11ba18fd8286690da50501,draft,,,,
es,intake.validation.submit,language-and-usability,We could not submit your details. Please try again.,No pudimos enviar tus datos. Inténtalo de nuevo.,1ea4214151d8b0d47d2e2455f1fc32d3a9b89392678aed48cba4e132f825d07d,b4725dea3a12b3fff598cc2ecbb21a0acfd5e5cea6d3f1399d2971bcebc9e87f,draft,,,,
es,intake.validation.scanReview,language-and-usability,Check the extracted details and correct any mistakes.,Comprueba los datos extraídos y corrige cualquier error.,aa29d7896884f145e3532e13b8706a1ca7dfa90b3db5ce24498c0cf7b40ef0e7,d138ca0bbd572addfe6c545db3b6bd0425aa5a3dc32ed26792f9d39b1da6ba2e,draft,,,,
es,intake.validation.scanFailed,language-and-usability,We could not read this document. Enter the details manually.,No pudimos leer este documento. Introduce los datos manualmente.,c9207721ea3aa80ed6d603c0943b3e83a3ea1cfee62976d46c0333478e7ddfc8,673099345c127d8bf7409d40a6183696e1f1865283bffbca67a1752752a0f1ce,draft,,,,
es,intake.validation.fileFormat,language-and-usability,"Choose a PDF, JPG, PNG, WebP, HEIC or HEIF file no larger than 10 MB.","Elige un archivo PDF, JPG, PNG, WebP, HEIC o HEIF de hasta 10 MB.",55a8fe3740ea49d7c0984eb5ca2e232c87823187c7d79e0b5501211edf2a1a4d,8d402f38eb8ef736ff638a027d9d4333c9f5a4f1c6121f5948e4c2e87b2db642,draft,,,,
es,intake.validation.consentCharacter,language-and-usability,"We could not create a readable consent document from one or more characters. Contact Fabsy before paying, and keep your original name and details unchanged.",No pudimos crear un documento de consentimiento legible debido a uno o más caracteres. Contacta a Fabsy antes de pagar y conserva tu nombre y tus datos originales sin modificarlos.,0912a89086b65918f080acbf74cae4d1dcc19184a3094420ac470d13d26dfa03,8f74fd50a6544cf2e0016af08695df849f2a19d4126adee712973e399876f6dc,draft,,,,
es,intake.validation.length,language-and-usability,This entry is too long for this form. Contact Fabsy if you need to keep the full text.,Este texto es demasiado largo para este formulario. Contacta a Fabsy si necesitas conservar el texto completo.,4ff0e8bf7eaffbd31881ac3310bce4f31694d2d5db4d645717d0739abc826ecc,42a27c01388234df9075e75ee0862471ef951ff478cfa0a435c02b8199a50b0b,draft,,,,
es,intake.consent.title,legal-adjacent,Digital authorization for Rapid Resolution,Autorización digital para Rapid Resolution,f0ee4c044fcc5a96fe09de7b7eb0618575cb6e84f5b435b702e0290b2219a6fe,5121b8b6595af5b1dffb08e7fe273bda33fd963d63e5dba5db121ac3a45067d9,draft,,,,
es,intake.consent.scope,legal-adjacent,"I authorize Fabsy and its agents, where permitted, to request, receive and review disclosure; use the Traffic Tickets Digital Service; communicate with the court, prosecutor and relevant government offices; prepare and submit a fact-specific prosecutor-review request based on my instructions and record; and explain any Crown response, charge, fine and demerit consequences.","Autorizo a Fabsy y a sus agentes, cuando esté permitido, a solicitar, recibir y revisar las pruebas; utilizar Traffic Tickets Digital Service; comunicarse con el tribunal, la fiscalía y las oficinas gubernamentales pertinentes; preparar y presentar una solicitud de revisión ante la fiscalía basada en los hechos, mis instrucciones y el expediente; y explicar cualquier respuesta de la fiscalía, el cargo, la multa y las consecuencias en puntos de penalización.",1202c0fd0ddb5b3ac55f7276c4ffeb1108e8c78b5a8588ee8e826204b6e988ae,377abde74f7fbf89de05d97bf1a8c4b827a4ddb646da9bc722a2d2a5bfbe88ce,draft,,,,
es,intake.consent.approval,legal-adjacent,Fabsy may take a final resolution step only after my express case-specific instruction. This authorization does not permit automatic acceptance of a Crown offer or a guilty plea.,Fabsy solo puede dar el paso final de resolución después de recibir mis instrucciones expresas y específicas para el caso. Esta autorización no permite aceptar automáticamente una propuesta de la fiscalía ni presentar una declaración de culpabilidad.,2ecf63ee79415741a6a57dbc262dcb9392f63c4c92a13288d4e540edca0d8c70,a09c7eb6ba9edd2018791e590b1694dbca309f27e6702456960ae4d84aa94e9d,draft,,,,
es,intake.consent.exclusions,legal-adjacent,"Contested trials, appeals, reopenings, Immediate Roadside Sanctions and Notices of Administrative Penalty are excluded. Trial work requires a separate agreement and fee. A prescribed Government of Alberta consent form may also be required.","Se excluyen los juicios controvertidos, apelaciones, reaperturas, Immediate Roadside Sanctions y Notices of Administrative Penalty. El trabajo de juicio requiere otro acuerdo y otra tarifa. También puede exigirse el formulario de consentimiento prescrito por el Gobierno de Alberta.",38fc50f62258406a9979f9f8bcfa3ce35117a6528468eb275b8547c7da5b2432,72397e730e4171b9875a68389b29a8acdec82e850e3de3afdfbdf8d87dc760ab,draft,,,,
es,intake.consent.fee,legal-adjacent,"I voluntarily retain Fabsy for the limited pre-trial service at {{price}} CAD plus applicable GST. Government fines and excluded work are separate. I understand the scope, the 48-hour condition and that no result is promised.","Contrato voluntariamente a Fabsy para el servicio limitado previo al juicio por {{price}} CAD más el GST aplicable. Las multas gubernamentales y los trabajos excluidos son independientes. Entiendo el alcance, la condición de las 48 horas y que no se promete ningún resultado.",fec627441a81201a3cb16c94ef7afd437001637e227ff1aa652ce85589633020,23585436adce561ad5abebdb77dd26f7eb6da923e22d418f74da9d7dbfd490c3,draft,,,,
es,intake.consent.data,legal-adjacent,"I consent to collection and processing of my information to deliver the service, technology-assisted document extraction and analysis with qualified review, secure record storage, communications about my case by email, phone and text and necessary sharing with courts and authorities. I will provide accurate, complete information. I may request access or withdraw data consent by contacting privacy@fabsy.ca.","Consiento la recopilación y el tratamiento de mis datos para prestar el servicio, la extracción y el análisis de documentos asistidos por tecnología con revisión calificada, el almacenamiento seguro de registros, las comunicaciones sobre mi caso por correo electrónico, teléfono y mensajes de texto y el intercambio necesario con tribunales y autoridades. Proporcionaré información precisa y completa. Puedo solicitar acceso o retirar el consentimiento sobre mis datos escribiendo a privacy@fabsy.ca.",b2dbaeecfd372235b431fbdf407bb74f7b72b4e3c70a282e7b27bdee4a23850e,e19f3ff8e5142c61fcda6c41e20e5f357e7b29d23e43b61aad1c12a5521c6cf7,draft,,,,
es,intake.consent.withdrawal,legal-adjacent,I may withdraw this authorization by written notice. Otherwise it remains valid until the matter is resolved or withdrawn. Withdrawal does not automatically cancel fees for work already performed.,"Puedo retirar esta autorización mediante aviso escrito. De lo contrario, seguirá vigente hasta que el asunto se resuelva o se retire. La retirada no cancela automáticamente los honorarios por el trabajo ya realizado.",cc52b38b01e587d99204841cb457093134e48e9c800a46ef7f7f81cb8eb4b69c,3d7ca8197fefddc74fb6ec66d7713fdfc414f8d1e4ba329e068971b530ca2403,draft,,,,
es,intake.consent.confirm,legal-adjacent,I am the person named above and am authorized to enter this agreement. I have read and understood this authorization and agree to the limited service. My digital signature has the same legal effect as a handwritten signature.,Soy la persona cuyo nombre figura arriba y tengo facultad para celebrar este acuerdo. He leído y entendido esta autorización y acepto el servicio limitado. Mi firma digital tiene el mismo efecto jurídico que una firma manuscrita.,2a3806e043e60b690bd438ad4068c0d0878a5a78d6adcfaa5384f489ee565f80,98242c882893efa640ba2ee98b4e6e1662e948aa31f4b5c5eced9a551bd61542,draft,,,,
es,intake.review.title,language-and-usability,Review your details,Revisa tus datos,66b425144eb3f3dab95d612792e47d5b26a6a20366e4dd6be73424d791e9849d,653e4f8cb2767d44e253feed0c9e695641d3a9500f832611b85ace25e20224ea,draft,,,,
es,intake.review.description,language-and-usability,"Check your ticket, contact information and authorization before continuing to secure payment.","Comprueba la infracción, los datos de contacto y la autorización antes de continuar al pago seguro.",9a4027e80e369feef378021b2ba9d493756a50d169641ad3836a949510e9e56f,dab70685367d9e822e164ad49e9f6a75ec7a409c310d90817a1fbd31f1c00231,draft,,,,
es,intake.review.edit,language-and-usability,Edit details,Editar datos,fd9c61ac500e51185a5844b7f373df989d56c8e19246f3a34700aadc853e93b2,cbd7fb026da8244ceac6e4d0415a94deb3b283570a7da6dac16a5e942217eb7d,draft,,,,
es,intake.review.languageNote,legal-adjacent,"Your original written account must be kept with any English translation for review. Do not change names, dates or ticket numbers when translating.","Tu relato escrito original debe conservarse junto con cualquier traducción al inglés para su revisión. No cambies nombres, fechas ni números de infracción al traducir.",0231f65bd7e507dac8cfbb533f22f69707b4d657a38fd94bd70627b954bf5939,29f79d0cd18e8bd88e25b6355758842e226d2673d4c99357f785e8eab9df4b76,draft,,,,
es,intake.scanTicket,language-and-usability,Read details from the ticket,Leer los datos de la infracción,08e18be2fc56346667d4b424e1db8ab3f7fcc079353293a764f79fadd1cb8b57,59935951d85d7376272f2b55f708cfc2d7f03772956e3191166cf737701684a2,draft,,,,
es,checkout.title,legal-adjacent,Rapid Resolution checkout,Pago de Rapid Resolution,5b0cd954ae99a3454cf067a0f42019e539b56c44cb212f8915acb1dfd24a9d34,6c2c60989be6ba7b897ed2e735c3ba34261062bc53a0d21fecdac5059b274690,draft,,,,
es,checkout.service,legal-adjacent,Service,Servicio,d677190e0a9990e7d5fa9e4c1bbde44271fb8959c4acb6d43e02ed991128b4bf,1efa3b455a06245ebf5ff2d9b81d7da6d5bf0e6c7abe7b0db58b8054c060fac6,draft,,,,
es,checkout.subtotal,legal-adjacent,Subtotal,Subtotal,8c0f2cb34079ede4634166168f5a77303f49b9dd7f60607ba9c8793cc397c0b7,8c0f2cb34079ede4634166168f5a77303f49b9dd7f60607ba9c8793cc397c0b7,draft,,,,
es,checkout.gst,legal-adjacent,Applicable GST,GST aplicable,e30a5f8704c94d87e904ca56c807ae07b4e2dcb7568546d6aee87b1ee9f5bf9e,f4ee38f2327791e3e6edf629774b642f6b397efa48b7f05d86926a4a39c5d97d,draft,,,,
es,checkout.total,legal-adjacent,Total,Total,c9b3c38247f744e17dd26fda097d6a9ba9332586b6bdaa038bf8f313a863f2b8,c9b3c38247f744e17dd26fda097d6a9ba9332586b6bdaa038bf8f313a863f2b8,draft,,,,
es,checkout.pay,legal-adjacent,Continue to secure payment,Continuar al pago seguro,3be16c5137c2af58aeba28345f78f3591d20bf1cf14759682e034ed61b0a3c11,f903ae55e2c365b8de5d0fbb9ff2a1618697c208f8c0a1a9eb8376ec3ef042c5,draft,,,,
es,checkout.processing,legal-adjacent,Opening secure checkout…,Abriendo el pago seguro…,8d15b0fbf84af9300248813d13bff12a4b9239d3f577b80c4d877737f630caa3,0588a64ada876064fbf423a4d2be9c438c743d0f3e95f82382500e980160ecdb,draft,,,,
es,checkout.paymentFailed,legal-adjacent,Secure checkout is unavailable. Please try again.,El pago seguro no está disponible. Inténtalo de nuevo.,8927b21e3b94e4e0877f8ede511182519d310e359a7e8cb41f808b53fe9e4b0e,f4fc1fbff778d89d7334dfd3fd680a779b23e032271b30e5daf2d3d546a3be6e,draft,,,,
es,checkout.scope,legal-adjacent,"{{price}} CAD plus applicable GST for eligible pre-trial matters. The full subtotal and tax are shown by Stripe before payment. Fines, trial representation and excluded services are separate.","{{price}} CAD más el GST aplicable para asuntos elegibles previos al juicio. Stripe muestra el subtotal y los impuestos completos antes del pago. Las multas, la representación en juicio y los servicios excluidos son independientes.",f530b81a65b98750914aabacb427b0f8df9fef72e02f7d0590fad1298e2c7bca,0d904d0c3b61a6207d0b64fe53ec3c13d5f8e99449e5773d5fcf9153854aeae8,draft,,,,
es,checkout.termsAcceptance,legal-adjacent,"I have read and agree to the English Terms of Purchase, Terms of Service and Privacy Policy. The English terms control. Payment does not authorize automatic acceptance of an offer.","He leído y acepto las Condiciones de Compra, las Condiciones del Servicio y la Política de Privacidad en inglés. Prevalecen las condiciones en inglés. El pago no autoriza la aceptación automática de ninguna propuesta.",5461e54162c8fe969787fb762a8e7e98b878ee77a7255edea8f1f89c56fde771,e4e09aabb0f4b0da6bed7c05421aff049f202b3e0a7fa3f505c517c8f4bf165d,draft,,,,
es,terms.metaTitle,legal-adjacent,Terms of Service | Fabsy,Condiciones del servicio | Fabsy,fad1699d34bbc659429acd94d1df3e0c1eba156eba6861e97f6115f3fc038dfe,e7562f3bd949f51158e09fec13cb0f90224bdd4cb22c5b32fdc65a62c7312ddf,draft,,,,
es,terms.title,legal-adjacent,Terms of Service,Condiciones del servicio,4afa55bf7aec7ddc5dfb904271f881be278e7629ce258675bf4b62f460017abb,7eeb6a147462a446b2126f400a108ef9f818379db91deffd854adcceb60dde2d,draft,,,,
es,terms.intro,legal-adjacent,Read these terms with the English Terms of Service before authorizing or purchasing a service. This localized presentation follows the current English service terms; it does not create a different service agreement.,Lee estas condiciones junto con las Condiciones del Servicio en inglés antes de autorizar o comprar un servicio. Esta versión localizada sigue las condiciones vigentes en inglés; no crea un acuerdo de servicio diferente.,8dba9f80c3d7715d0a05b31263525d129195fe3d72e286fd88f9cb4d70cdc16c,0967332ef3f2d76a11912bb60a22df5b43f46a4f0e76abc51b7476591e8cef53,draft,,,,
es,terms.englishControls,legal-adjacent,The English Terms of Service control if a translation differs. Statutory rights are not limited. Ask for clarification before consenting if you do not understand a term.,"Si la traducción difiere, prevalecen las Condiciones del Servicio en inglés. No se limitan los derechos establecidos por ley. Pide aclaraciones antes de consentir si no entiendes alguna condición.",b286dd322f20f189149053c4a0f1032e504650e268579d00ad73c2aec53bb49f,976491235626523d84c4da810ea52313a0366440e11ae9f4183791201998a9a7,draft,,,,
es,terms.sections.service.title,legal-adjacent,1. Service description,1. Descripción del servicio,ae3ed7912bd66abcfd3935478a3cab544ac3b36ec23ed770c329de1cb09629a5,bc950d83f6ad87597d5010103f73776ddbe52d80e466331763ba891a9261c3f1,draft,,,,
es,terms.sections.service.body,legal-adjacent,"Fabsy Traffic Ticket Services is an Alberta traffic ticket agent service, not a law firm. Paid services are Rapid Resolution for eligible pre-trial matters and the Insurance Impact & Renewal Planning Report. Work may include secure intake, eligibility and deadline review, digital authorization, disclosure requests and tracking, technology-assisted analysis with qualified review, authorized fact-specific prosecutor-review submissions, file notifications, Crown-response explanations and client-directed decisions. Optional reports use client records and approved public sources. Contested trials, appeals, reopenings, Immediate Roadside Sanctions, Notices of Administrative Penalty, government fines and work outside the permitted scope are excluded from Rapid Resolution.","Fabsy Traffic Ticket Services presta servicios de representación mediante agentes para infracciones de tránsito en Alberta; no es un despacho de abogados. Los servicios de pago son Rapid Resolution para asuntos elegibles previos al juicio y el Insurance Impact & Renewal Planning Report. El trabajo puede incluir recepción segura de datos, revisión de elegibilidad y plazos, autorización digital, solicitud y seguimiento de pruebas, análisis asistido por tecnología con revisión calificada, solicitudes autorizadas de revisión ante la fiscalía basadas en los hechos, avisos del expediente, explicación de respuestas y decisiones según instrucciones del cliente. Los informes opcionales utilizan registros del cliente y fuentes públicas aprobadas. Rapid Resolution excluye los juicios controvertidos, apelaciones, reaperturas, Immediate Roadside Sanctions, Notices of Administrative Penalty, multas gubernamentales y trabajo fuera del alcance permitido.",80ab55d9fbbf0db6e47a90d9444fca1f0c50516895253436134648ee08c772f4,083996cd8c7354fb06553101a6b0e1b35d9b2c5a771100a2c8dada47fba2bb98,draft,,,,
es,terms.sections.practice.title,legal-adjacent,2. Limits on agent practice,2. Límites de la representación mediante agentes,fa582796c619d20d79641252ea3b07bfc08ceaa6b2467852e6b806214e918573,cad2e966e519647d76f595c190635dc082b0683b8b7a8a0e78236680d4fac658,draft,,,,
es,terms.sections.practice.body,legal-adjacent,"Fabsy representatives do not provide legal advice or practise law, identify themselves as lawyers or Fabsy as a law firm, accept matters outside the permitted agent scope, or promise particular results.","Los representantes de Fabsy no brindan asesoría jurídica ni ejercen la abogacía, no se identifican como abogados ni presentan a Fabsy como despacho de abogados, no aceptan asuntos fuera del alcance permitido para agentes y no prometen resultados concretos.",b6e38db74c36fb335b4c8ea7f1cc691f97ce59392b9581cad985f344fb8fbb86,ea3c7c28dfa6dbaa244865a81f21ac748f08bfbd5a53dbd60e8303bb4adef405,draft,,,,
es,terms.sections.eligibility.title,legal-adjacent,3. Service availability,3. Disponibilidad del servicio,3aaff24cf37b03e9b1dc2f8ec04b3413135432ba2cf9c775ec72cb9db9f58d69,69c4b7ada8bc84a0c8af97008301d0ffb826edc026676f0e33077ba4f4dae2b6,draft,,,,
es,terms.sections.eligibility.body,legal-adjacent,"Availability depends on the charge, procedure, deadline, court location, portal requirements and whether paid agent services are permitted and accepted by Fabsy. Matters outside the scope may be declined or referred elsewhere.","La disponibilidad depende del cargo, el procedimiento, el plazo, la ubicación del tribunal, los requisitos del portal y de que los servicios remunerados de agentes estén permitidos y sean aceptados por Fabsy. Los asuntos fuera del alcance pueden rechazarse o remitirse a otro proveedor.",2914e62aec1e16a541a60bf76d9dd7c6efbd2e57707b20f23ac58a2cc7a6325c,72292b12a09c0ac38c2edd50d44ef58581a0cbe113e8480fa6a0bbabb655484e,draft,,,,
es,terms.sections.pricing.title,legal-adjacent,4. Pricing,4. Precios,decbdb9ba4c99187050551e881142e6412c1f397d37d7b9e0ba0bf238f89eea0,c3b1ba201acfe8117bb671d1f67d549510305a2aa790c6d7160b56ad2b16be5f,draft,,,,
es,terms.sections.pricing.body,legal-adjacent,"Rapid Resolution costs {{price}} CAD plus applicable GST for eligible Alberta pre-trial matters. The standalone Insurance Impact & Renewal Planning Report costs {{reportPrice}} CAD plus applicable GST. Both together cost {{bundlePrice}} CAD plus applicable GST. Trial representation, government fines and out-of-scope matters are separate.","Rapid Resolution cuesta {{price}} CAD más el GST aplicable para asuntos elegibles previos al juicio en Alberta. El Insurance Impact & Renewal Planning Report por separado cuesta {{reportPrice}} CAD más el GST aplicable. Ambos juntos cuestan {{bundlePrice}} CAD más el GST aplicable. La representación en juicio, las multas gubernamentales y los asuntos fuera del alcance son independientes.",f70805a5b0df5f030bf3eb4ceb75e75085744ec4d324a45a9081bd70a049f0ae,da46dc7c2decbc0419fc9f48114ab830c478832879101daf8b23ae01fa05dc5c,draft,,,,
es,terms.sections.payment.title,legal-adjacent,5. Fees and payment,5. Honorarios y pago,2e694810eb6779267f5f5d9f81c1cded58ff093dd93867c944bb808f3538048c,cec07bd2841e52186aeebd813ff4485b1c9413f28182ee194ed4cbc272acda29,draft,,,,
es,terms.sections.payment.body,legal-adjacent,"All fees are in Canadian dollars. Court costs, fines and other charges beyond Fabsy's control remain your responsibility. The complete subtotal and tax are displayed before payment through Stripe.","Todas las tarifas se expresan en dólares canadienses. Los costos judiciales, multas y otros cargos fuera del control de Fabsy siguen siendo tu responsabilidad. El subtotal y los impuestos completos se muestran antes de pagar mediante Stripe.",f75ef3e968fefa334460fc34ddb9816f00098d02a9efa21e0918a7e61d21f213,6abc611727424c7ef08a99598815f61e44402b7412dd56c14554c95231f1d4b3,draft,,,,
es,terms.sections.rapid.title,legal-adjacent,5A. Rapid Resolution,5A. Rapid Resolution,0fd98907037ef381a36e6a5d851232c335a80d9e035f702c6ed2f3db4f5efe4f,0fd98907037ef381a36e6a5d851232c335a80d9e035f702c6ed2f3db4f5efe4f,draft,,,,
es,terms.sections.rapid.body,legal-adjacent,"Service starts only after intake, authorization and payment are complete and Fabsy accepts the matter. Where authorized and operationally available, Fabsy requests and reviews disclosure. A disclosure request does not extend a response date, trial date or other deadline. You must monitor every deadline and attend personally if required. The 48-hour commitment begins only when complete, readable disclosure is received and matched to your file; it covers Fabsy's review and preparation or submission of the next authorized action, not Crown response time or final-outcome timing. Fabsy will not accept a Crown offer, enter a guilty plea or finalize a resolution without your case-specific instruction. Trial work requires separate eligibility review, an agreement and a quote.","El servicio comienza solo cuando los datos, la autorización y el pago están completos y Fabsy acepta el asunto. Cuando está autorizado y es operativamente posible, Fabsy solicita y revisa las pruebas. Una solicitud de pruebas no amplía la fecha de respuesta, la del juicio ni ningún otro plazo. Debes controlar todos los plazos y comparecer personalmente si se exige. El compromiso de 48 horas comienza solo cuando la documentación probatoria completa y legible se recibe y se vincula a tu expediente; cubre la revisión de Fabsy y la preparación o presentación de su siguiente actuación autorizada, no el tiempo de respuesta de la fiscalía ni el del resultado final. Fabsy no aceptará una propuesta de la fiscalía, presentará una declaración de culpabilidad ni formalizará una resolución sin tus instrucciones específicas para el caso. El trabajo de juicio requiere otra revisión de elegibilidad, otro acuerdo y otra cotización.",f2c6952f5978566d6947bb6932b4ea8bd844f6a025c4b89d041253ed1d6663a0,a9e1c9ec520a1104635b6f41c17f4dec6b60886b90d3b816f86ae42e7b5c5df4,draft,,,,
es,terms.sections.report.title,legal-adjacent,5B. Insurance planning report,5B. Informe de planificación del seguro,a5fa3dcaf259d5022a9f09be8ddd8dc8e8b99814128622297afc5ea2cc66f94f,38b0c5358992990daa0777593c36ffd49f534202b85e7403315aebf97a71476c,draft,,,,
es,terms.sections.report.body,legal-adjacent,"This is a one-time consumer research and planning product. Driver abstracts, broker services, insurer quotes and other third-party records cost extra. You must provide accurate ticket, driving-record, policy, renewal and rating information. Scenarios and ranges use approved public information and supplied records; they are not insurer quotes. Sources and questions are planning aids, not recommendations to buy, cancel, renew or change coverage. Fabsy is not an insurance agent or broker and does not sell, quote or place insurance, contact insurers, submit applications or negotiate renewals. No eligibility, savings or premium result is promised. Insurer-specific advice and quotes must come from a licensed broker or insurer.","Es un producto único de investigación y planificación para consumidores. Los registros de conducción, servicios de corredor, cotizaciones de aseguradoras y otros documentos de terceros tienen costos independientes. Debes proporcionar información precisa sobre la infracción, historial de conducción, póliza, renovación y datos de tarificación. Los escenarios e intervalos se basan en información pública aprobada y registros proporcionados; no son cotizaciones de aseguradoras. Las fuentes y preguntas son ayudas de planificación, no recomendaciones para comprar, cancelar, renovar o cambiar la cobertura. Fabsy no es agente ni corredor de seguros y no vende, cotiza ni coloca seguros, contacta aseguradoras, presenta solicitudes ni negocia renovaciones. No se promete elegibilidad, ahorro ni un resultado en las primas. La asesoría y las cotizaciones específicas de una aseguradora deben proceder de un corredor autorizado o de la aseguradora.",594a81baaaf84b8443587307f5e4bcf51f4748ce1fb76bb6d7d806d908e9780f,287420b699412a7970aa52134eb8c3a5b34bb1951bd0709fc09d0b60d8846d7e,draft,,,,
es,terms.sections.responsibilities.title,legal-adjacent,6. Your responsibilities,6. Tus responsabilidades,a3465cface275a56c51638482bc858a30844638adfaa501467c42dc8e9c901ea,c68ae85c4c5a25b1ff4a2cd60f2b50d21ccc8746f77c704cea47060ef688295c,draft,,,,
es,terms.sections.responsibilities.body,legal-adjacent,"Provide accurate and complete ticket information, respond promptly to requests, review every Crown response and give clear instructions before an offer expires, attend court if required, and pay applicable fees and court costs. Fabsy provides agent representation services, not legal advice.","Proporciona información precisa y completa sobre la infracción, responde con prontitud a las solicitudes, revisa cada respuesta de la fiscalía y da instrucciones claras antes de que venza una propuesta, comparece ante el tribunal cuando se exija y paga las tarifas y los costos judiciales aplicables. Fabsy presta servicios de representación mediante agentes, no asesoría jurídica.",5c670d4908bf383d264e559ad85083b77acb4f0171c22bbcbb71570a4032dbb7,61c53cfe276bd910690ee6b102301754a0a48f04f6b6012adba87299ccd4e915,draft,,,,
es,terms.sections.outcomes.title,legal-adjacent,7. No promised result,7. No se promete ningún resultado,a3a926bab4323511c56c1af9029f0a7c03aff0852d06448a3806c2fdd88f6156,63bb5e09541f2eaa87549d9b5ee93139c0e3a74645bf3572b803acc2ec9f74ae,draft,,,,
es,terms.sections.outcomes.body,legal-adjacent,"Results depend on the charge, evidence, procedure, prosecutor and court. No withdrawal, charge reduction, lower fine, fewer demerits, premium savings, insurer eligibility or other result is promised. The 48-hour commitment is not a promise of an outcome.","Los resultados dependen del cargo, las pruebas, el procedimiento, la fiscalía y el tribunal. No se promete retirar o reducir el cargo, bajar la multa, disminuir los puntos de penalización, ahorrar en primas, obtener elegibilidad para un seguro ni ningún otro resultado. El compromiso de 48 horas no es una promesa de resultado.",c4eb3442999d61b73836ce50d53a96874dde7746872021f5e9a138535d778233,c3c4f32f744d2383f8ccc4f164e737cf907317c234115eed691248ae3bfd0d96,draft,,,,
es,terms.sections.privacy.title,legal-adjacent,8. Confidentiality,8. Confidencialidad,c65a06ec8307b9e7a634470fe15431562a3cadfb965fca6e96fd2092308a62cc,c4052d3930c3a74787a7261933a945942c2a38a5d7cfa73f07cce938aaaac961,draft,,,,
es,terms.sections.privacy.body,legal-adjacent,Fabsy protects client information through internal privacy practices and applicable privacy obligations. Information may be disclosed as needed for court proceedings or as required by law.,Fabsy protege la información del cliente mediante prácticas internas de privacidad y las obligaciones de privacidad aplicables. La información puede divulgarse según sea necesario para los procedimientos judiciales o cuando lo exija la ley.,f70937eb9d555f6db5bf5c8f356faca6d09c0ca189efe4ee8aced5ca760e7f82,0922d1b181d5c9512be69a7c76499622e65f944bddf22b6b7d81b05ef6a30cb9,draft,,,,
es,terms.sections.liability.title,legal-adjacent,9. Limitation of liability,9. Limitación de responsabilidad,9337d08809a90abe4243d51ad27431a14e12bd3832378cd42cdcd3f2cb9c5551,3ca3b79c4d01daee0ddd7aa9c7a44b4e8dec77107478e58b3b7fb6a2c8c5510c,draft,,,,
es,terms.sections.liability.body,legal-adjacent,"Fabsy's liability is limited to the service fees paid. Fabsy is not liable for indirect, consequential or punitive damages arising from its representation services.","La responsabilidad de Fabsy se limita a los honorarios pagados por el servicio. Fabsy no responde por daños indirectos, consecuenciales ni punitivos derivados de sus servicios de representación.",41b9a1f37c6bac5159093868d80a9d250fb2950a35ed24ced8e4737055da371c,4a587e3c62808ecdd62e56d7d7e88b9c90e7ef08913bb623672df9a05258f5d4,draft,,,,
es,terms.sections.cancellation.title,legal-adjacent,"10. Cancellation, refunds and termination","10. Cancelación, reembolsos y terminación",bc6ef9c1a8edfee61854104ab5848935c11bdb650ca79cb0f2b346d1e62c744c,fadf90794be2e7483e005e6a6d3cd6498fa26620b5eeb7f97de2c14cf2de1772,draft,,,,
es,terms.sections.cancellation.body,legal-adjacent,"Either party may terminate by mutual agreement, for non-payment, failure to provide information or cooperation, or if representation becomes impossible or impractical. Contact Fabsy promptly to request cancellation. Refund eligibility depends on work already performed, third-party charges, checkout disclosures and applicable law. If Fabsy declines an otherwise complete paid matter before substantive work begins, the applicable service fee will be refunded. Statutory cancellation rights are not limited.","Cualquiera de las partes puede terminar el acuerdo por consentimiento mutuo, falta de pago, falta de información o cooperación, o si la representación se vuelve imposible o impracticable. Contacta a Fabsy con prontitud para solicitar la cancelación. La elegibilidad para reembolso depende del trabajo realizado, los cargos de terceros, la información revelada al pagar y la legislación aplicable. Si Fabsy rechaza un asunto pagado y completo en los demás aspectos antes de comenzar el trabajo sustancial, reembolsará la tarifa de servicio correspondiente. No se limitan los derechos legales de cancelación.",2a41007ad8a3189e647b3129bc2fc8fade10783c76ceff5b9770318a563c4146,dfc306d1d491b023100cdc6ef1d9227f086d20cf74cb029d073030df97e9d69a,draft,,,,
es,terms.sections.website.title,legal-adjacent,11. Website use,11. Uso del sitio web,704221660aa1bb4a1062b3f7669d42dc25a621cef6f1073d5e8ea4955f74ce60,659896bac9776b62bbbea45666f7e34d15f2ddb1b86eeb5881ea9570829d0e27,draft,,,,
es,terms.sections.website.body,legal-adjacent,"Using the website constitutes acceptance of the terms. Do not use it unlawfully, attempt unauthorized access, interfere with functionality or transmit harmful or malicious code.","El uso del sitio constituye aceptación de las condiciones. No lo uses con fines ilícitos, intentes accesos no autorizados, interfieras con su funcionamiento ni transmitas código dañino o malicioso.",928da5701d6b7a8903c3fb02a483f8b5bb098367440619eec7d5a53fced17396,2c4df72873ffd57bd7186d943c249bd8bbf8c4d9ef2805c7eab91a2f071a6b9e,draft,,,,
es,terms.sections.law.title,legal-adjacent,12. Governing law,12. Legislación aplicable,170a2ace2b0a2b6551dc1f2bcebf316b07764b2032ceb53dd926df55b24faab5,acf9890dc379ec5313debccda9e0f91882603097238afd666855ce2b5948687a,draft,,,,
es,terms.sections.law.body,legal-adjacent,"The terms are governed by the laws of Alberta, Canada. Disputes are subject to the jurisdiction of Alberta courts.","Las condiciones se rigen por las leyes de Alberta, Canadá. Los conflictos quedan sujetos a la jurisdicción de los tribunales de Alberta.",c4a83ac8eac414943386132c511049cbf5ef7b55a777011e0645d03c5ea1f123,5f683a96f7bc5b01897e1b877235a993448391ff97cb8dec64809db9ea7c199f,draft,,,,
es,terms.sections.changes.title,legal-adjacent,13. Changes to terms,13. Cambios en las condiciones,468441d305c9aafa292d779084cc5f0f142c0d248f6e750fa5c15f25f6dacce5,f95136d5fbd866f98599ae24bf7791a4e768c767b008e611720593d72328f16f,draft,,,,
es,terms.sections.changes.body,legal-adjacent,Fabsy may modify the terms. Changes are posted on the English terms page with an updated revision date. Continued use of services after changes constitutes acceptance of the modified terms.,Fabsy puede modificar las condiciones. Los cambios se publican en la página de condiciones en inglés con una fecha de revisión actualizada. Seguir utilizando los servicios después de los cambios constituye aceptación de las condiciones modificadas.,014eeae0c6a1769b52acf304f1198e4f24fd16847dd609b4ebb52c2a7b7605f5,7a21c8247c50dfe2e8a945d15fcc05cd66983ddcdf6be0b2654202468907e1c2,draft,,,,
es,terms.sections.contact.title,legal-adjacent,14. Contact,14. Contacto,d0a4f85743f6462c7faedd5114f5f5b3c1b9cd3a2c2b5d478721b7443b96debc,425c8ce8c4face732c99748cb1df12400f4961cb206478164fdb792fa2c3e29c,draft,,,,
es,terms.sections.contact.body,legal-adjacent,"For questions, contact Fabsy Traffic Ticket Services at {{email}} or (825) 793-2279. Service area: Alberta.","Para consultas, contacta a Fabsy Traffic Ticket Services en {{email}} o al (825) 793-2279. Área de servicio: Alberta.",cfc287b18c0ec870f57711adf094062adc5d1a2e45daaa4646b30b15dd95486a,d61f5ec73c7f25498efcdbd8ce7e37a97359de58e3ca5fb315edf42511bd6c51,draft,,,,
es,notifications.received.subject,legal-adjacent,Fabsy: ticket details received,Fabsy: recibimos los datos de tu infracción,d1e61d9125361379189ac73db81b8c8637dc287b96a84cef35e0dbee15a7937c,ed94d84be67048956d91456454683cbf95000ff492521eeee6c173403b647f4a,draft,,,,
es,notifications.received.body,legal-adjacent,"Hello {{name}}, we received the details for file {{reference}}. Receipt does not mean your matter has been accepted or a deadline extended. View your file: {{url}}","Hola {{name}}, recibimos los datos del expediente {{reference}}. La recepción no significa que se haya aceptado el asunto ni ampliado ningún plazo. Consulta tu expediente: {{url}}",b872aa6a6a63a2e2562d8634d090efca4922b020bee14bb1d813153d1c5d7812,7c0212f5dff879dfdd8aa40c052a7a5714819a48d1ba0066dd94479072dbe570,draft,,,,
es,notifications.disclosure.subject,legal-adjacent,Fabsy: disclosure received,Fabsy: recibimos las pruebas,0d74f55c02db02cf394be0ac2f96c4d64b7c81aedb7cec0f3e61e0e76e82406a,e09950cd2ad14afac6bcbd6e2f70704d516ce138564447cb91022ddff327a891,draft,,,,
es,notifications.disclosure.body,legal-adjacent,"Hello {{name}}, disclosure has arrived for file {{reference}}. The 48-hour review and action commitment starts only after the disclosure is confirmed complete, readable and matched to your file. View the update: {{url}}","Hola {{name}}, llegaron las pruebas del expediente {{reference}}. El compromiso de revisión y actuación de 48 horas comienza solo tras confirmar que la documentación está completa, es legible y corresponde a tu expediente. Consulta la actualización: {{url}}",3b3d647e2d22b86f50edb38c70bf0ee0689babe69d3c20cd37f506e5c5233841,016a40c48a70b528016b099368f66a6cfd680f2ce4087f2d0bc614aad8ce0515,draft,,,,
es,notifications.update.subject,legal-adjacent,Fabsy: an update to your file,Fabsy: actualización de tu expediente,3673fe8c12c7e8d8e77aef08c7c59abec0f0b5600fca4b10623f49442fc1a59f,ae358486b83711fe0362ace6e64b362b2a676b47c54323931ee4656abd984507,draft,,,,
es,notifications.update.body,legal-adjacent,"Hello {{name}}, there is an update to file {{reference}}. Read the details and any deadlines in your secure file: {{url}}","Hola {{name}}, hay una actualización del expediente {{reference}}. Lee los detalles y los plazos en tu expediente seguro: {{url}}",15cb5857455619a78dc88a517393125ad559f35d89dac9c3d06ae2bdc31245e9,412ca993fc71ff63f9871ccb1c9e742271cfcc638f2f0ab1eaccdbb4b1e7e6d9,draft,,,,
es,notifications.decision.subject,legal-adjacent,Fabsy: your instruction is needed,Fabsy: necesitamos tus instrucciones,3c7032fd8ec5a47d589abb3b6258ce4ced40f8f77df62807b772f4ba697c2ba6,b665df27f812c6fecfe7289024507dbf9ecd13db465bf57f55034fed5eeaa29d,draft,,,,
es,notifications.decision.body,legal-adjacent,"Hello {{name}}, a response is available for file {{reference}}. Review the proposal and any expiry date, then give your case-specific instruction. Fabsy will not accept an offer automatically. Review: {{url}}","Hola {{name}}, hay una respuesta para el expediente {{reference}}. Revisa la propuesta y su fecha de vencimiento, y luego da tus instrucciones específicas para el caso. Fabsy no aceptará una propuesta automáticamente. Revísala aquí: {{url}}",1b59661ccdfbb79e3feab0824b27b9ec6e28147eea1ea6ab63784cbc049663cf,9a06716f252b1163c769a1b77994b9697807a2709a36bf1bbabca358a93097f4,draft,,,,
es,notifications.payment.subject,legal-adjacent,Fabsy: payment received,Fabsy: pago recibido,3eaabf16bcdf502b132e6f4e2d4d7f8829c993f4866b4d68950bf3ce40e6338a,2952c2b0c68804ecc707f6d8191541021ab62d2812ce3622811d147a7551a45a,draft,,,,
es,notifications.payment.body,legal-adjacent,"Hello {{name}}, payment of {{total}} CAD was received for file {{reference}}. Payment does not promise an outcome or extend a deadline. View your receipt and next steps: {{url}}","Hola {{name}}, recibimos el pago de {{total}} CAD para el expediente {{reference}}. El pago no promete un resultado ni amplía ningún plazo. Consulta el recibo y los siguientes pasos: {{url}}",12929594db3e2f51d259ac2172dce3e7a07f060b06899c886bcbf1ae906d81b5,df99524922cf2e75917f25842f851d53cddfdaa48f97cffd60b459ca72dccb3a,draft,,,,
es,notifications.disclaimer,legal-adjacent,"Fabsy is a traffic ticket agent service, not a law firm. The English service terms control. Do not send payment-card details by email or text.",Fabsy ofrece representación mediante agentes para infracciones de tránsito; no es un despacho de abogados. Prevalecen las condiciones del servicio en inglés. No envíes datos de tarjetas de pago por correo ni por mensaje de texto.,d8eddbce3a3f38a99165544f5ac0723f7e52781be28721113bbe7a461331aba8,9c5c6cb5caccdcc0b2d5e9e90ad23e16fea8e0dc3f2432d2f600328bd1c25667,draft,,,,
